{"timestamp": "2026-01-03T10:38:13.219342", "event_type": "SYSTEM_STATUS_CHECK", "user": "root", "data": {}}
{"timestamp": "2026-01-03T10:38:14.221666", "event_type": "COMMAND_EXECUTE", "user": "root", "data": {"command": "uptime"}}
{"timestamp": "2026-01-03T10:38:14.265266", "event_type": "COMMAND_SUCCESS", "user": "root", "data": {"command": "uptime", "exit_code": 0, "output_length": 70}}
{"timestamp": "2026-01-03T10:38:14.270288", "event_type": "AGENT_INITIALIZED", "user": "root", "data": {"model": "codellama:34b", "host": "http://192.168.1.7:11434", "tools_count": 5}}
{"timestamp": "2026-01-03T10:38:14.271237", "event_type": "AGENT_QUERY", "user": "root", "data": {"query": "What is the current CPU usage?"}}
{"timestamp": "2026-01-03T10:39:23.417674", "event_type": "AGENT_RESPONSE", "user": "root", "data": {"query": "What is the current CPU usage?", "response_length": 51}}
{"timestamp": "2026-01-03T11:01:23.902587", "event_type": "SYSTEM_STATUS_CHECK", "user": "root", "data": {}}
{"timestamp": "2026-01-03T12:29:26.957434", "event_type": "AGENT_INITIALIZED", "user": "root", "data": {"model": "codellama:34b", "host": "http://192.168.1.7:11434", "tools_count": 5}}
{"timestamp": "2026-01-03T12:29:26.957649", "event_type": "APPROVAL_CALLBACK_SET", "user": "root", "data": {"session_id": "20260103_122926", "user": "root"}}
{"timestamp": "2026-01-03T12:29:26.983808", "event_type": "AGENT_QUERY", "user": "root", "data": {"query": "What's the system uptime?"}}
{"timestamp": "2026-01-03T12:35:20.582518", "event_type": "APPROVAL_CALLBACK_SET", "user": "root", "data": {"session_id": "20260103_123520", "user": "root"}}
{"timestamp": "2026-01-03T12:35:20.583503", "event_type": "APPROVAL_REQUESTED", "user": "root", "data": {"command": "uptime", "reason": "Testing the approval system with uptime command", "timestamp": "2026-01-03T12:35:20.583427", "user": "root", "session_id": "20260103_123520", "approved": null, "approval_timestamp": null, "denial_reason": null, "hostname": "dc1.cyberinabox.net", "pid": 3357787}}
{"timestamp": "2026-01-03T12:35:20.585270", "event_type": "APPROVAL_GRANTED", "user": "root", "data": {"command": "uptime", "reason": "Testing the approval system with uptime command", "timestamp": "2026-01-03T12:35:20.583427", "user": "root", "session_id": "20260103_123520", "approved": true, "approval_timestamp": "2026-01-03T12:35:20.585198", "denial_reason": null, "decision": "APPROVED", "hostname": "dc1.cyberinabox.net", "duration_ms": 1}}
{"timestamp": "2026-01-03T12:35:20.585499", "event_type": "COMMAND_EXECUTE", "user": "root", "data": {"command": "uptime"}}
{"timestamp": "2026-01-03T12:35:20.622893", "event_type": "COMMAND_SUCCESS", "user": "root", "data": {"command": "uptime", "exit_code": 0, "output_length": 70}}
{"timestamp": "2026-01-03T12:35:20.624739", "event_type": "COMMAND_BLOCKED", "user": "root", "data": {"command": "hostname", "reason": "Command not in allowed list. Use only whitelisted commands."}}
{"timestamp": "2026-01-03T12:35:20.625718", "event_type": "COMMAND_BLOCKED", "user": "root", "data": {"command": "rm -rf /tmp/test", "reason": "Command contains forbidden pattern: rm -rf"}}
{"timestamp": "2026-01-03T12:48:04.446749", "event_type": "SYSTEM_STATUS_CHECK", "user": "root", "data": {}}
{"timestamp": "2026-01-03T12:50:04.610310", "event_type": "SYSTEM_STATUS_CHECK", "user": "root", "data": {}}
{"timestamp": "2026-01-03T12:50:06.649142", "event_type": "AGENT_INITIALIZED", "user": "root", "data": {"model": "codellama:34b", "host": "http://192.168.1.7:11434", "tools_count": 5}}
{"timestamp": "2026-01-03T12:50:06.650486", "event_type": "APPROVAL_CALLBACK_SET", "user": "root", "data": {"session_id": "20260103_124752", "user": "root"}}
{"timestamp": "2026-01-03T12:50:06.651152", "event_type": "AGENT_QUERY", "user": "root", "data": {"query": "What is the system uptime?"}}
{"timestamp": "2026-01-03T12:51:09.150072", "event_type": "AGENT_RESPONSE", "user": "root", "data": {"query": "What is the system uptime?", "response_length": 51}}
{"timestamp": "2026-01-03T12:52:24.445884", "event_type": "SYSTEM_STATUS_CHECK", "user": "root", "data": {}}
{"timestamp": "2026-01-03T12:52:54.422827", "event_type": "SYSTEM_STATUS_CHECK", "user": "root", "data": {}}
{"timestamp": "2026-01-03T12:53:20.274500", "event_type": "AGENT_QUERY", "user": "root", "data": {"query": "Recent logs"}}
{"timestamp": "2026-01-03T12:53:24.442898", "event_type": "SYSTEM_STATUS_CHECK", "user": "root", "data": {}}
{"timestamp": "2026-01-03T12:53:24.715330", "event_type": "FILE_READ", "user": "root", "data": {"path": "/var/log/secure", "lines": 100, "tail": true}}
{"timestamp": "2026-01-03T12:53:54.442910", "event_type": "SYSTEM_STATUS_CHECK", "user": "root", "data": {}}
{"timestamp": "2026-01-03T12:54:24.443055", "event_type": "SYSTEM_STATUS_CHECK", "user": "root", "data": {}}
{"timestamp": "2026-01-03T12:54:54.656331", "event_type": "SYSTEM_STATUS_CHECK", "user": "root", "data": {}}
{"timestamp": "2026-01-03T12:55:24.651886", "event_type": "SYSTEM_STATUS_CHECK", "user": "root", "data": {}}
{"timestamp": "2026-01-03T12:55:54.653747", "event_type": "SYSTEM_STATUS_CHECK", "user": "root", "data": {}}
{"timestamp": "2026-01-03T12:56:24.654476", "event_type": "SYSTEM_STATUS_CHECK", "user": "root", "data": {}}
{"timestamp": "2026-01-03T12:56:54.667953", "event_type": "SYSTEM_STATUS_CHECK", "user": "root", "data": {}}
{"timestamp": "2026-01-03T12:57:24.661834", "event_type": "SYSTEM_STATUS_CHECK", "user": "root", "data": {}}
{"timestamp": "2026-01-03T12:57:54.653937", "event_type": "SYSTEM_STATUS_CHECK", "user": "root", "data": {}}
{"timestamp": "2026-01-03T12:58:24.656333", "event_type": "SYSTEM_STATUS_CHECK", "user": "root", "data": {}}
{"timestamp": "2026-01-03T12:58:55.082449", "event_type": "SYSTEM_STATUS_CHECK", "user": "root", "data": {}}
{"timestamp": "2026-01-03T12:59:25.096326", "event_type": "SYSTEM_STATUS_CHECK", "user": "root", "data": {}}
{"timestamp": "2026-01-03T12:59:55.085346", "event_type": "SYSTEM_STATUS_CHECK", "user": "root", "data": {}}
{"timestamp": "2026-01-03T13:00:25.084788", "event_type": "SYSTEM_STATUS_CHECK", "user": "root", "data": {}}
{"timestamp": "2026-01-03T13:00:55.083917", "event_type": "SYSTEM_STATUS_CHECK", "user": "root", "data": {}}
{"timestamp": "2026-01-03T13:01:25.083291", "event_type": "SYSTEM_STATUS_CHECK", "user": "root", "data": {}}
{"timestamp": "2026-01-03T13:01:55.083765", "event_type": "SYSTEM_STATUS_CHECK", "user": "root", "data": {}}
{"timestamp": "2026-01-03T13:02:25.151200", "event_type": "SYSTEM_STATUS_CHECK", "user": "root", "data": {}}
{"timestamp": "2026-01-03T13:02:40.762843", "event_type": "AGENT_QUERY", "user": "root", "data": {"query": "provide a list of all active ports on 192.168.1.10"}}
{"timestamp": "2026-01-03T13:02:55.178678", "event_type": "SYSTEM_STATUS_CHECK", "user": "root", "data": {}}
{"timestamp": "2026-01-03T13:03:25.182746", "event_type": "SYSTEM_STATUS_CHECK", "user": "root", "data": {}}
{"timestamp": "2026-01-03T13:03:36.579566", "event_type": "AGENT_RESPONSE", "user": "root", "data": {"query": "Recent logs", "response_length": 51}}
{"timestamp": "2026-01-03T13:03:55.232006", "event_type": "SYSTEM_STATUS_CHECK", "user": "root", "data": {}}
{"timestamp": "2026-01-03T13:04:25.279521", "event_type": "SYSTEM_STATUS_CHECK", "user": "root", "data": {}}
{"timestamp": "2026-01-03T13:04:55.277616", "event_type": "SYSTEM_STATUS_CHECK", "user": "root", "data": {}}
{"timestamp": "2026-01-03T13:05:02.821005", "event_type": "AGENT_RESPONSE", "user": "root", "data": {"query": "provide a list of all active ports on 192.168.1.10", "response_length": 51}}
{"timestamp": "2026-01-03T13:05:25.279680", "event_type": "SYSTEM_STATUS_CHECK", "user": "root", "data": {}}
{"timestamp": "2026-01-03T13:05:55.273570", "event_type": "SYSTEM_STATUS_CHECK", "user": "root", "data": {}}
{"timestamp": "2026-01-03T13:06:25.278678", "event_type": "SYSTEM_STATUS_CHECK", "user": "root", "data": {}}
{"timestamp": "2026-01-03T13:06:55.279689", "event_type": "SYSTEM_STATUS_CHECK", "user": "root", "data": {}}
{"timestamp": "2026-01-03T13:07:25.281990", "event_type": "SYSTEM_STATUS_CHECK", "user": "root", "data": {}}
{"timestamp": "2026-01-03T13:07:55.274688", "event_type": "SYSTEM_STATUS_CHECK", "user": "root", "data": {}}
{"timestamp": "2026-01-03T13:08:25.280164", "event_type": "SYSTEM_STATUS_CHECK", "user": "root", "data": {}}
{"timestamp": "2026-01-03T13:08:55.280537", "event_type": "SYSTEM_STATUS_CHECK", "user": "root", "data": {}}
{"timestamp": "2026-01-03T13:09:25.282380", "event_type": "SYSTEM_STATUS_CHECK", "user": "root", "data": {}}
{"timestamp": "2026-01-03T13:09:55.276147", "event_type": "SYSTEM_STATUS_CHECK", "user": "root", "data": {}}
{"timestamp": "2026-01-03T13:10:25.282969", "event_type": "SYSTEM_STATUS_CHECK", "user": "root", "data": {}}
{"timestamp": "2026-01-03T13:10:55.283839", "event_type": "SYSTEM_STATUS_CHECK", "user": "root", "data": {}}
{"timestamp": "2026-01-03T13:11:25.284520", "event_type": "SYSTEM_STATUS_CHECK", "user": "root", "data": {}}
{"timestamp": "2026-01-03T13:11:55.277542", "event_type": "SYSTEM_STATUS_CHECK", "user": "root", "data": {}}
{"timestamp": "2026-01-03T13:12:25.282234", "event_type": "SYSTEM_STATUS_CHECK", "user": "root", "data": {}}
{"timestamp": "2026-01-03T13:12:48.234305", "event_type": "SYSTEM_STATUS_CHECK", "user": "root", "data": {}}
{"timestamp": "2026-01-03T13:12:55.285663", "event_type": "SYSTEM_STATUS_CHECK", "user": "root", "data": {}}
{"timestamp": "2026-01-03T13:13:25.286195", "event_type": "SYSTEM_STATUS_CHECK", "user": "root", "data": {}}
{"timestamp": "2026-01-03T13:13:55.293870", "event_type": "SYSTEM_STATUS_CHECK", "user": "root", "data": {}}
{"timestamp": "2026-01-03T13:14:12.978001", "event_type": "SYSTEM_STATUS_CHECK", "user": "root", "data": {}}
{"timestamp": "2026-01-03T13:14:25.286051", "event_type": "SYSTEM_STATUS_CHECK", "user": "root", "data": {}}
{"timestamp": "2026-01-03T13:14:42.223315", "event_type": "APPROVAL_CALLBACK_SET", "user": "root", "data": {"session_id": "20260103_131442", "user": "root"}}
{"timestamp": "2026-01-03T13:14:42.253800", "event_type": "AGENT_INITIALIZED", "user": "root", "data": {"model": "codellama:34b", "host": "http://192.168.1.7:11434", "tools_count": 5}}
{"timestamp": "2026-01-03T13:14:42.254666", "event_type": "AGENT_QUERY", "user": "root", "data": {"query": "What is the system uptime?"}}
{"timestamp": "2026-01-03T13:14:52.877822", "event_type": "SYSTEM_STATUS_CHECK", "user": "root", "data": {}}
{"timestamp": "2026-01-03T13:14:55.289636", "event_type": "SYSTEM_STATUS_CHECK", "user": "root", "data": {}}
{"timestamp": "2026-01-03T13:14:58.914431", "event_type": "AGENT_RESPONSE", "user": "root", "data": {"query": "What is the system uptime?", "response_length": 33}}
{"timestamp": "2026-01-03T13:14:58.924261", "event_type": "AGENT_QUERY", "user": "root", "data": {"query": "Show disk usage"}}
{"timestamp": "2026-01-03T13:15:00.539680", "event_type": "APPROVAL_REQUESTED", "user": "root", "data": {"command": "df -h", "reason": "AI requested", "timestamp": "2026-01-03T13:15:00.539544", "user": "root", "session_id": "20260103_131442", "approved": null, "approval_timestamp": null, "denial_reason": null, "hostname": "dc1.cyberinabox.net", "pid": 3396253}}
{"timestamp": "2026-01-03T13:15:00.540885", "event_type": "APPROVAL_GRANTED", "user": "root", "data": {"command": "df -h", "reason": "AI requested", "timestamp": "2026-01-03T13:15:00.539544", "user": "root", "session_id": "20260103_131442", "approved": true, "approval_timestamp": "2026-01-03T13:15:00.540779", "denial_reason": null, "decision": "APPROVED", "hostname": "dc1.cyberinabox.net", "duration_ms": 1}}
{"timestamp": "2026-01-03T13:15:00.541348", "event_type": "COMMAND_EXECUTE", "user": "root", "data": {"command": "df -h"}}
{"timestamp": "2026-01-03T13:15:00.553465", "event_type": "COMMAND_SUCCESS", "user": "root", "data": {"command": "df -h", "exit_code": 0, "output_length": 1243}}
{"timestamp": "2026-01-03T13:15:25.304086", "event_type": "SYSTEM_STATUS_CHECK", "user": "root", "data": {}}
{"timestamp": "2026-01-03T13:15:32.454444", "event_type": "AGENT_RESPONSE", "user": "root", "data": {"query": "Show disk usage", "response_length": 197}}
{"timestamp": "2026-01-03T13:15:32.457349", "event_type": "AGENT_QUERY", "user": "root", "data": {"query": "What's the current CPU usage?"}}
{"timestamp": "2026-01-03T13:15:33.988503", "event_type": "SYSTEM_STATUS_CHECK", "user": "root", "data": {}}
{"timestamp": "2026-01-03T13:15:39.971493", "event_type": "AGENT_RESPONSE", "user": "root", "data": {"query": "What's the current CPU usage?", "response_length": 31}}
{"timestamp": "2026-01-03T13:15:55.288581", "event_type": "SYSTEM_STATUS_CHECK", "user": "root", "data": {}}
{"timestamp": "2026-01-03T13:16:25.294209", "event_type": "SYSTEM_STATUS_CHECK", "user": "root", "data": {}}
{"timestamp": "2026-01-03T13:16:55.295260", "event_type": "SYSTEM_STATUS_CHECK", "user": "root", "data": {}}
{"timestamp": "2026-01-03T13:17:26.498692", "event_type": "SYSTEM_STATUS_CHECK", "user": "root", "data": {}}
{"timestamp": "2026-01-03T13:17:56.493671", "event_type": "SYSTEM_STATUS_CHECK", "user": "root", "data": {}}
{"timestamp": "2026-01-03T13:18:26.494601", "event_type": "SYSTEM_STATUS_CHECK", "user": "root", "data": {}}
{"timestamp": "2026-01-03T13:18:56.500631", "event_type": "SYSTEM_STATUS_CHECK", "user": "root", "data": {}}
{"timestamp": "2026-01-03T13:19:26.499762", "event_type": "SYSTEM_STATUS_CHECK", "user": "root", "data": {}}
{"timestamp": "2026-01-03T13:19:56.495463", "event_type": "SYSTEM_STATUS_CHECK", "user": "root", "data": {}}
{"timestamp": "2026-01-03T13:20:26.500462", "event_type": "SYSTEM_STATUS_CHECK", "user": "root", "data": {}}
{"timestamp": "2026-01-03T13:20:56.501498", "event_type": "SYSTEM_STATUS_CHECK", "user": "root", "data": {}}
{"timestamp": "2026-01-03T13:21:26.500903", "event_type": "SYSTEM_STATUS_CHECK", "user": "root", "data": {}}
{"timestamp": "2026-01-03T13:21:56.496666", "event_type": "SYSTEM_STATUS_CHECK", "user": "root", "data": {}}
{"timestamp": "2026-01-03T13:22:26.502553", "event_type": "SYSTEM_STATUS_CHECK", "user": "root", "data": {}}
{"timestamp": "2026-01-03T13:22:56.497344", "event_type": "SYSTEM_STATUS_CHECK", "user": "root", "data": {}}
{"timestamp": "2026-01-03T13:23:26.504102", "event_type": "SYSTEM_STATUS_CHECK", "user": "root", "data": {}}
{"timestamp": "2026-01-03T13:23:56.497340", "event_type": "SYSTEM_STATUS_CHECK", "user": "root", "data": {}}
{"timestamp": "2026-01-03T13:24:26.507063", "event_type": "SYSTEM_STATUS_CHECK", "user": "root", "data": {}}
{"timestamp": "2026-01-03T13:24:56.502781", "event_type": "SYSTEM_STATUS_CHECK", "user": "root", "data": {}}
{"timestamp": "2026-01-03T13:25:26.504972", "event_type": "SYSTEM_STATUS_CHECK", "user": "root", "data": {}}
{"timestamp": "2026-01-03T13:25:56.499060", "event_type": "SYSTEM_STATUS_CHECK", "user": "root", "data": {}}
{"timestamp": "2026-01-03T13:26:26.504002", "event_type": "SYSTEM_STATUS_CHECK", "user": "root", "data": {}}
{"timestamp": "2026-01-03T13:26:56.504347", "event_type": "SYSTEM_STATUS_CHECK", "user": "root", "data": {}}
{"timestamp": "2026-01-03T13:27:26.505641", "event_type": "SYSTEM_STATUS_CHECK", "user": "root", "data": {}}
{"timestamp": "2026-01-03T13:27:56.500496", "event_type": "SYSTEM_STATUS_CHECK", "user": "root", "data": {}}
{"timestamp": "2026-01-03T13:28:26.504709", "event_type": "SYSTEM_STATUS_CHECK", "user": "root", "data": {}}
{"timestamp": "2026-01-03T13:28:56.505195", "event_type": "SYSTEM_STATUS_CHECK", "user": "root", "data": {}}
{"timestamp": "2026-01-03T13:29:26.509780", "event_type": "SYSTEM_STATUS_CHECK", "user": "root", "data": {}}
{"timestamp": "2026-01-03T13:29:56.501573", "event_type": "SYSTEM_STATUS_CHECK", "user": "root", "data": {}}
{"timestamp": "2026-01-03T13:30:26.501730", "event_type": "SYSTEM_STATUS_CHECK", "user": "root", "data": {}}
{"timestamp": "2026-01-03T13:30:56.506760", "event_type": "SYSTEM_STATUS_CHECK", "user": "root", "data": {}}
{"timestamp": "2026-01-03T13:31:26.508198", "event_type": "SYSTEM_STATUS_CHECK", "user": "root", "data": {}}
{"timestamp": "2026-01-03T13:31:56.508212", "event_type": "SYSTEM_STATUS_CHECK", "user": "root", "data": {}}
{"timestamp": "2026-01-03T13:32:26.511274", "event_type": "SYSTEM_STATUS_CHECK", "user": "root", "data": {}}
{"timestamp": "2026-01-03T13:32:56.508047", "event_type": "SYSTEM_STATUS_CHECK", "user": "root", "data": {}}
{"timestamp": "2026-01-03T13:33:26.508274", "event_type": "SYSTEM_STATUS_CHECK", "user": "root", "data": {}}
{"timestamp": "2026-01-03T13:33:56.508331", "event_type": "SYSTEM_STATUS_CHECK", "user": "root", "data": {}}
{"timestamp": "2026-01-03T13:34:26.507709", "event_type": "SYSTEM_STATUS_CHECK", "user": "root", "data": {}}
{"timestamp": "2026-01-03T13:34:56.508207", "event_type": "SYSTEM_STATUS_CHECK", "user": "root", "data": {}}
{"timestamp": "2026-01-03T13:35:26.510749", "event_type": "SYSTEM_STATUS_CHECK", "user": "root", "data": {}}
{"timestamp": "2026-01-03T13:35:56.511160", "event_type": "SYSTEM_STATUS_CHECK", "user": "root", "data": {}}
{"timestamp": "2026-01-03T13:36:26.512545", "event_type": "SYSTEM_STATUS_CHECK", "user": "root", "data": {}}
{"timestamp": "2026-01-03T13:36:56.512523", "event_type": "SYSTEM_STATUS_CHECK", "user": "root", "data": {}}
{"timestamp": "2026-01-03T13:37:24.200364", "event_type": "AGENT_QUERY", "user": "root", "data": {"query": "Check Wazuh"}}
{"timestamp": "2026-01-03T13:37:26.554518", "event_type": "SYSTEM_STATUS_CHECK", "user": "root", "data": {}}
{"timestamp": "2026-01-03T13:37:56.655427", "event_type": "SYSTEM_STATUS_CHECK", "user": "root", "data": {}}
{"timestamp": "2026-01-03T13:38:26.653513", "event_type": "SYSTEM_STATUS_CHECK", "user": "root", "data": {}}
{"timestamp": "2026-01-03T13:38:52.772707", "event_type": "AGENT_RESPONSE", "user": "root", "data": {"query": "Check Wazuh", "response_length": 51}}
{"timestamp": "2026-01-03T13:38:56.652380", "event_type": "SYSTEM_STATUS_CHECK", "user": "root", "data": {}}
{"timestamp": "2026-01-03T13:39:26.656863", "event_type": "SYSTEM_STATUS_CHECK", "user": "root", "data": {}}
{"timestamp": "2026-01-03T13:39:56.657955", "event_type": "SYSTEM_STATUS_CHECK", "user": "root", "data": {}}
{"timestamp": "2026-01-03T13:40:26.652634", "event_type": "SYSTEM_STATUS_CHECK", "user": "root", "data": {}}
{"timestamp": "2026-01-03T13:40:56.656499", "event_type": "SYSTEM_STATUS_CHECK", "user": "root", "data": {}}
{"timestamp": "2026-01-03T13:41:26.658679", "event_type": "SYSTEM_STATUS_CHECK", "user": "root", "data": {}}
{"timestamp": "2026-01-03T13:41:56.654275", "event_type": "SYSTEM_STATUS_CHECK", "user": "root", "data": {}}
{"timestamp": "2026-01-03T13:42:26.653296", "event_type": "SYSTEM_STATUS_CHECK", "user": "root", "data": {}}
{"timestamp": "2026-01-03T13:42:56.658609", "event_type": "SYSTEM_STATUS_CHECK", "user": "root", "data": {}}
{"timestamp": "2026-01-03T13:43:30.137306", "event_type": "SYSTEM_STATUS_CHECK", "user": "root", "data": {}}
{"timestamp": "2026-01-03T13:44:00.135823", "event_type": "SYSTEM_STATUS_CHECK", "user": "root", "data": {}}
{"timestamp": "2026-01-03T13:44:30.141927", "event_type": "SYSTEM_STATUS_CHECK", "user": "root", "data": {}}
{"timestamp": "2026-01-03T13:45:00.136950", "event_type": "SYSTEM_STATUS_CHECK", "user": "root", "data": {}}
{"timestamp": "2026-01-03T13:45:30.138990", "event_type": "SYSTEM_STATUS_CHECK", "user": "root", "data": {}}
{"timestamp": "2026-01-03T13:46:00.138519", "event_type": "SYSTEM_STATUS_CHECK", "user": "root", "data": {}}
{"timestamp": "2026-01-03T13:46:30.138888", "event_type": "SYSTEM_STATUS_CHECK", "user": "root", "data": {}}
{"timestamp": "2026-01-03T13:47:00.138935", "event_type": "SYSTEM_STATUS_CHECK", "user": "root", "data": {}}
{"timestamp": "2026-01-03T13:47:30.141023", "event_type": "SYSTEM_STATUS_CHECK", "user": "root", "data": {}}
{"timestamp": "2026-01-03T13:48:00.143466", "event_type": "SYSTEM_STATUS_CHECK", "user": "root", "data": {}}
{"timestamp": "2026-01-03T13:48:30.145025", "event_type": "SYSTEM_STATUS_CHECK", "user": "root", "data": {}}
{"timestamp": "2026-01-03T13:49:00.139955", "event_type": "SYSTEM_STATUS_CHECK", "user": "root", "data": {}}
{"timestamp": "2026-01-03T13:49:30.144965", "event_type": "SYSTEM_STATUS_CHECK", "user": "root", "data": {}}
{"timestamp": "2026-01-03T13:50:00.142655", "event_type": "SYSTEM_STATUS_CHECK", "user": "root", "data": {}}
{"timestamp": "2026-01-03T13:50:30.143212", "event_type": "SYSTEM_STATUS_CHECK", "user": "root", "data": {}}
{"timestamp": "2026-01-03T13:51:00.141170", "event_type": "SYSTEM_STATUS_CHECK", "user": "root", "data": {}}
{"timestamp": "2026-01-03T13:51:30.146169", "event_type": "SYSTEM_STATUS_CHECK", "user": "root", "data": {}}
{"timestamp": "2026-01-03T13:52:00.142676", "event_type": "SYSTEM_STATUS_CHECK", "user": "root", "data": {}}
{"timestamp": "2026-01-03T13:52:30.146373", "event_type": "SYSTEM_STATUS_CHECK", "user": "root", "data": {}}
{"timestamp": "2026-01-03T13:53:00.142705", "event_type": "SYSTEM_STATUS_CHECK", "user": "root", "data": {}}
{"timestamp": "2026-01-03T13:53:30.144497", "event_type": "SYSTEM_STATUS_CHECK", "user": "root", "data": {}}
{"timestamp": "2026-01-03T13:54:00.144053", "event_type": "SYSTEM_STATUS_CHECK", "user": "root", "data": {}}
{"timestamp": "2026-01-03T13:54:30.148132", "event_type": "SYSTEM_STATUS_CHECK", "user": "root", "data": {}}
{"timestamp": "2026-01-03T13:55:00.384779", "event_type": "SYSTEM_STATUS_CHECK", "user": "root", "data": {}}
{"timestamp": "2026-01-03T13:55:30.390374", "event_type": "SYSTEM_STATUS_CHECK", "user": "root", "data": {}}
{"timestamp": "2026-01-03T13:56:00.390628", "event_type": "SYSTEM_STATUS_CHECK", "user": "root", "data": {}}
{"timestamp": "2026-01-03T13:56:30.390376", "event_type": "SYSTEM_STATUS_CHECK", "user": "root", "data": {}}
{"timestamp": "2026-01-03T13:57:00.386125", "event_type": "SYSTEM_STATUS_CHECK", "user": "root", "data": {}}
{"timestamp": "2026-01-03T13:57:30.391224", "event_type": "SYSTEM_STATUS_CHECK", "user": "root", "data": {}}
{"timestamp": "2026-01-03T13:58:00.392298", "event_type": "SYSTEM_STATUS_CHECK", "user": "root", "data": {}}
{"timestamp": "2026-01-03T13:58:30.392218", "event_type": "SYSTEM_STATUS_CHECK", "user": "root", "data": {}}
{"timestamp": "2026-01-03T13:59:00.387699", "event_type": "SYSTEM_STATUS_CHECK", "user": "root", "data": {}}
{"timestamp": "2026-01-03T13:59:30.395314", "event_type": "SYSTEM_STATUS_CHECK", "user": "root", "data": {}}
{"timestamp": "2026-01-03T14:00:00.393629", "event_type": "SYSTEM_STATUS_CHECK", "user": "root", "data": {}}
{"timestamp": "2026-01-03T14:00:30.393756", "event_type": "SYSTEM_STATUS_CHECK", "user": "root", "data": {}}
{"timestamp": "2026-01-03T14:01:00.388814", "event_type": "SYSTEM_STATUS_CHECK", "user": "root", "data": {}}
{"timestamp": "2026-01-03T14:01:30.393474", "event_type": "SYSTEM_STATUS_CHECK", "user": "root", "data": {}}
{"timestamp": "2026-01-03T14:02:00.394081", "event_type": "SYSTEM_STATUS_CHECK", "user": "root", "data": {}}
{"timestamp": "2026-01-03T14:02:30.394796", "event_type": "SYSTEM_STATUS_CHECK", "user": "root", "data": {}}
{"timestamp": "2026-01-03T14:03:00.395044", "event_type": "SYSTEM_STATUS_CHECK", "user": "root", "data": {}}
{"timestamp": "2026-01-03T14:03:30.391071", "event_type": "SYSTEM_STATUS_CHECK", "user": "root", "data": {}}
{"timestamp": "2026-01-03T14:04:00.395327", "event_type": "SYSTEM_STATUS_CHECK", "user": "root", "data": {}}
{"timestamp": "2026-01-03T14:04:30.395165", "event_type": "SYSTEM_STATUS_CHECK", "user": "root", "data": {}}
{"timestamp": "2026-01-03T14:05:00.396101", "event_type": "SYSTEM_STATUS_CHECK", "user": "root", "data": {}}
{"timestamp": "2026-01-03T14:05:30.399740", "event_type": "SYSTEM_STATUS_CHECK", "user": "root", "data": {}}
{"timestamp": "2026-01-03T14:06:00.395695", "event_type": "SYSTEM_STATUS_CHECK", "user": "root", "data": {}}
{"timestamp": "2026-01-03T14:06:30.396626", "event_type": "SYSTEM_STATUS_CHECK", "user": "root", "data": {}}
{"timestamp": "2026-01-03T14:07:00.397179", "event_type": "SYSTEM_STATUS_CHECK", "user": "root", "data": {}}
{"timestamp": "2026-01-03T14:07:30.396741", "event_type": "SYSTEM_STATUS_CHECK", "user": "root", "data": {}}
{"timestamp": "2026-01-03T14:08:00.397580", "event_type": "SYSTEM_STATUS_CHECK", "user": "root", "data": {}}
{"timestamp": "2026-01-03T14:08:30.398051", "event_type": "SYSTEM_STATUS_CHECK", "user": "root", "data": {}}
{"timestamp": "2026-01-03T14:09:00.397024", "event_type": "SYSTEM_STATUS_CHECK", "user": "root", "data": {}}
{"timestamp": "2026-01-03T14:09:30.399937", "event_type": "SYSTEM_STATUS_CHECK", "user": "root", "data": {}}
{"timestamp": "2026-01-03T14:10:00.398426", "event_type": "SYSTEM_STATUS_CHECK", "user": "root", "data": {}}
{"timestamp": "2026-01-03T14:10:30.399636", "event_type": "SYSTEM_STATUS_CHECK", "user": "root", "data": {}}
{"timestamp": "2026-01-03T14:11:00.394885", "event_type": "SYSTEM_STATUS_CHECK", "user": "root", "data": {}}
{"timestamp": "2026-01-03T14:11:30.401072", "event_type": "SYSTEM_STATUS_CHECK", "user": "root", "data": {}}
{"timestamp": "2026-01-03T14:12:00.400370", "event_type": "SYSTEM_STATUS_CHECK", "user": "root", "data": {}}
{"timestamp": "2026-01-03T14:12:30.400663", "event_type": "SYSTEM_STATUS_CHECK", "user": "root", "data": {}}
{"timestamp": "2026-01-03T14:13:00.396367", "event_type": "SYSTEM_STATUS_CHECK", "user": "root", "data": {}}
{"timestamp": "2026-01-03T14:13:30.400983", "event_type": "SYSTEM_STATUS_CHECK", "user": "root", "data": {}}
{"timestamp": "2026-01-03T14:14:00.401852", "event_type": "SYSTEM_STATUS_CHECK", "user": "root", "data": {}}
{"timestamp": "2026-01-03T14:14:30.402906", "event_type": "SYSTEM_STATUS_CHECK", "user": "root", "data": {}}
{"timestamp": "2026-01-03T14:15:00.397523", "event_type": "SYSTEM_STATUS_CHECK", "user": "root", "data": {}}
{"timestamp": "2026-01-03T14:15:30.402443", "event_type": "SYSTEM_STATUS_CHECK", "user": "root", "data": {}}
{"timestamp": "2026-01-03T14:16:00.402628", "event_type": "SYSTEM_STATUS_CHECK", "user": "root", "data": {}}
{"timestamp": "2026-01-03T14:16:30.403427", "event_type": "SYSTEM_STATUS_CHECK", "user": "root", "data": {}}
{"timestamp": "2026-01-03T14:17:00.399107", "event_type": "SYSTEM_STATUS_CHECK", "user": "root", "data": {}}
{"timestamp": "2026-01-03T14:17:30.405179", "event_type": "SYSTEM_STATUS_CHECK", "user": "root", "data": {}}
{"timestamp": "2026-01-03T14:18:00.404844", "event_type": "SYSTEM_STATUS_CHECK", "user": "root", "data": {}}
{"timestamp": "2026-01-03T14:18:30.404566", "event_type": "SYSTEM_STATUS_CHECK", "user": "root", "data": {}}
{"timestamp": "2026-01-03T14:19:00.400333", "event_type": "SYSTEM_STATUS_CHECK", "user": "root", "data": {}}
{"timestamp": "2026-01-03T14:19:30.404736", "event_type": "SYSTEM_STATUS_CHECK", "user": "root", "data": {}}
{"timestamp": "2026-01-03T14:20:01.994758", "event_type": "SYSTEM_STATUS_CHECK", "user": "root", "data": {}}
{"timestamp": "2026-01-03T14:20:31.993994", "event_type": "SYSTEM_STATUS_CHECK", "user": "root", "data": {}}
{"timestamp": "2026-01-03T14:21:01.995037", "event_type": "SYSTEM_STATUS_CHECK", "user": "root", "data": {}}
{"timestamp": "2026-01-03T14:21:31.990986", "event_type": "SYSTEM_STATUS_CHECK", "user": "root", "data": {}}
{"timestamp": "2026-01-03T14:22:01.995126", "event_type": "SYSTEM_STATUS_CHECK", "user": "root", "data": {}}
{"timestamp": "2026-01-03T14:22:31.995596", "event_type": "SYSTEM_STATUS_CHECK", "user": "root", "data": {}}
{"timestamp": "2026-01-03T14:23:01.996368", "event_type": "SYSTEM_STATUS_CHECK", "user": "root", "data": {}}
{"timestamp": "2026-01-03T14:23:31.991998", "event_type": "SYSTEM_STATUS_CHECK", "user": "root", "data": {}}
{"timestamp": "2026-01-03T14:24:01.996851", "event_type": "SYSTEM_STATUS_CHECK", "user": "root", "data": {}}
{"timestamp": "2026-01-03T14:24:31.995945", "event_type": "SYSTEM_STATUS_CHECK", "user": "root", "data": {}}
{"timestamp": "2026-01-03T14:25:01.996341", "event_type": "SYSTEM_STATUS_CHECK", "user": "root", "data": {}}
{"timestamp": "2026-01-03T14:25:31.992451", "event_type": "SYSTEM_STATUS_CHECK", "user": "root", "data": {}}
{"timestamp": "2026-01-03T14:26:01.997220", "event_type": "SYSTEM_STATUS_CHECK", "user": "root", "data": {}}
{"timestamp": "2026-01-03T14:26:31.998020", "event_type": "SYSTEM_STATUS_CHECK", "user": "root", "data": {}}
{"timestamp": "2026-01-03T14:27:01.998125", "event_type": "SYSTEM_STATUS_CHECK", "user": "root", "data": {}}
{"timestamp": "2026-01-03T14:27:31.994865", "event_type": "SYSTEM_STATUS_CHECK", "user": "root", "data": {}}
{"timestamp": "2026-01-03T14:28:01.998925", "event_type": "SYSTEM_STATUS_CHECK", "user": "root", "data": {}}
{"timestamp": "2026-01-03T14:28:31.999266", "event_type": "SYSTEM_STATUS_CHECK", "user": "root", "data": {}}
{"timestamp": "2026-01-03T14:29:01.999157", "event_type": "SYSTEM_STATUS_CHECK", "user": "root", "data": {}}
{"timestamp": "2026-01-03T14:29:32.001473", "event_type": "SYSTEM_STATUS_CHECK", "user": "root", "data": {}}
{"timestamp": "2026-01-03T14:30:01.999832", "event_type": "SYSTEM_STATUS_CHECK", "user": "root", "data": {}}
{"timestamp": "2026-01-03T14:30:32.000250", "event_type": "SYSTEM_STATUS_CHECK", "user": "root", "data": {}}
{"timestamp": "2026-01-03T14:31:02.000587", "event_type": "SYSTEM_STATUS_CHECK", "user": "root", "data": {}}
{"timestamp": "2026-01-03T14:31:32.001422", "event_type": "SYSTEM_STATUS_CHECK", "user": "root", "data": {}}
{"timestamp": "2026-01-03T14:32:02.002027", "event_type": "SYSTEM_STATUS_CHECK", "user": "root", "data": {}}
{"timestamp": "2026-01-03T14:32:32.790966", "event_type": "SYSTEM_STATUS_CHECK", "user": "root", "data": {}}
{"timestamp": "2026-01-03T14:33:02.790288", "event_type": "SYSTEM_STATUS_CHECK", "user": "root", "data": {}}
{"timestamp": "2026-01-03T14:33:32.790917", "event_type": "SYSTEM_STATUS_CHECK", "user": "root", "data": {}}
{"timestamp": "2026-01-03T14:34:02.786954", "event_type": "SYSTEM_STATUS_CHECK", "user": "root", "data": {}}
{"timestamp": "2026-01-03T14:34:32.793624", "event_type": "SYSTEM_STATUS_CHECK", "user": "root", "data": {}}
{"timestamp": "2026-01-03T14:35:02.791817", "event_type": "SYSTEM_STATUS_CHECK", "user": "root", "data": {}}
{"timestamp": "2026-01-03T14:35:32.793110", "event_type": "SYSTEM_STATUS_CHECK", "user": "root", "data": {}}
{"timestamp": "2026-01-03T14:36:02.788017", "event_type": "SYSTEM_STATUS_CHECK", "user": "root", "data": {}}
{"timestamp": "2026-01-03T14:36:32.793320", "event_type": "SYSTEM_STATUS_CHECK", "user": "root", "data": {}}
{"timestamp": "2026-01-03T14:37:02.793591", "event_type": "SYSTEM_STATUS_CHECK", "user": "root", "data": {}}
{"timestamp": "2026-01-03T14:37:32.793473", "event_type": "SYSTEM_STATUS_CHECK", "user": "root", "data": {}}
{"timestamp": "2026-01-03T14:38:02.793694", "event_type": "SYSTEM_STATUS_CHECK", "user": "root", "data": {}}
{"timestamp": "2026-01-03T14:38:32.794503", "event_type": "SYSTEM_STATUS_CHECK", "user": "root", "data": {}}
{"timestamp": "2026-01-03T14:39:02.795497", "event_type": "SYSTEM_STATUS_CHECK", "user": "root", "data": {}}
{"timestamp": "2026-01-03T14:39:32.794030", "event_type": "SYSTEM_STATUS_CHECK", "user": "root", "data": {}}
{"timestamp": "2026-01-03T14:40:02.795359", "event_type": "SYSTEM_STATUS_CHECK", "user": "root", "data": {}}
{"timestamp": "2026-01-03T14:40:32.795360", "event_type": "SYSTEM_STATUS_CHECK", "user": "root", "data": {}}
{"timestamp": "2026-01-03T14:41:02.795939", "event_type": "SYSTEM_STATUS_CHECK", "user": "root", "data": {}}
{"timestamp": "2026-01-03T14:41:32.792537", "event_type": "SYSTEM_STATUS_CHECK", "user": "root", "data": {}}
{"timestamp": "2026-01-03T14:42:02.796375", "event_type": "SYSTEM_STATUS_CHECK", "user": "root", "data": {}}
{"timestamp": "2026-01-03T14:42:32.797353", "event_type": "SYSTEM_STATUS_CHECK", "user": "root", "data": {}}
{"timestamp": "2026-01-03T14:43:02.797912", "event_type": "SYSTEM_STATUS_CHECK", "user": "root", "data": {}}
{"timestamp": "2026-01-03T14:43:32.796965", "event_type": "SYSTEM_STATUS_CHECK", "user": "root", "data": {}}
{"timestamp": "2026-01-03T14:44:02.797899", "event_type": "SYSTEM_STATUS_CHECK", "user": "root", "data": {}}
{"timestamp": "2026-01-03T14:44:32.797123", "event_type": "SYSTEM_STATUS_CHECK", "user": "root", "data": {}}
{"timestamp": "2026-01-03T14:45:03.573605", "event_type": "SYSTEM_STATUS_CHECK", "user": "root", "data": {}}
{"timestamp": "2026-01-03T14:45:33.573949", "event_type": "SYSTEM_STATUS_CHECK", "user": "root", "data": {}}
{"timestamp": "2026-01-03T14:46:03.569283", "event_type": "SYSTEM_STATUS_CHECK", "user": "root", "data": {}}
{"timestamp": "2026-01-03T14:46:33.574425", "event_type": "SYSTEM_STATUS_CHECK", "user": "root", "data": {}}
{"timestamp": "2026-01-03T14:47:03.575928", "event_type": "SYSTEM_STATUS_CHECK", "user": "root", "data": {}}
{"timestamp": "2026-01-03T14:47:33.575638", "event_type": "SYSTEM_STATUS_CHECK", "user": "root", "data": {}}
{"timestamp": "2026-01-03T14:48:03.575507", "event_type": "SYSTEM_STATUS_CHECK", "user": "root", "data": {}}
{"timestamp": "2026-01-03T14:48:33.575230", "event_type": "SYSTEM_STATUS_CHECK", "user": "root", "data": {}}
{"timestamp": "2026-01-03T14:49:03.575645", "event_type": "SYSTEM_STATUS_CHECK", "user": "root", "data": {}}
{"timestamp": "2026-01-03T14:49:33.571770", "event_type": "SYSTEM_STATUS_CHECK", "user": "root", "data": {}}
{"timestamp": "2026-01-03T14:50:03.576325", "event_type": "SYSTEM_STATUS_CHECK", "user": "root", "data": {}}
{"timestamp": "2026-01-03T14:50:33.577073", "event_type": "SYSTEM_STATUS_CHECK", "user": "root", "data": {}}
{"timestamp": "2026-01-03T14:51:03.573263", "event_type": "SYSTEM_STATUS_CHECK", "user": "root", "data": {}}
{"timestamp": "2026-01-03T14:51:33.573182", "event_type": "SYSTEM_STATUS_CHECK", "user": "root", "data": {}}
{"timestamp": "2026-01-03T14:52:03.577500", "event_type": "SYSTEM_STATUS_CHECK", "user": "root", "data": {}}
{"timestamp": "2026-01-03T14:52:33.577975", "event_type": "SYSTEM_STATUS_CHECK", "user": "root", "data": {}}
{"timestamp": "2026-01-03T14:53:03.578808", "event_type": "SYSTEM_STATUS_CHECK", "user": "root", "data": {}}
{"timestamp": "2026-01-03T14:53:33.574525", "event_type": "SYSTEM_STATUS_CHECK", "user": "root", "data": {}}
{"timestamp": "2026-01-03T14:54:03.578848", "event_type": "SYSTEM_STATUS_CHECK", "user": "root", "data": {}}
{"timestamp": "2026-01-03T14:54:33.580022", "event_type": "SYSTEM_STATUS_CHECK", "user": "root", "data": {}}
{"timestamp": "2026-01-03T14:55:03.579606", "event_type": "SYSTEM_STATUS_CHECK", "user": "root", "data": {}}
{"timestamp": "2026-01-03T14:55:33.575233", "event_type": "SYSTEM_STATUS_CHECK", "user": "root", "data": {}}
{"timestamp": "2026-01-03T14:56:03.580024", "event_type": "SYSTEM_STATUS_CHECK", "user": "root", "data": {}}
{"timestamp": "2026-01-03T14:56:33.580627", "event_type": "SYSTEM_STATUS_CHECK", "user": "root", "data": {}}
{"timestamp": "2026-01-03T14:57:03.580846", "event_type": "SYSTEM_STATUS_CHECK", "user": "root", "data": {}}
{"timestamp": "2026-01-03T14:57:34.366863", "event_type": "SYSTEM_STATUS_CHECK", "user": "root", "data": {}}
{"timestamp": "2026-01-03T14:58:04.363689", "event_type": "SYSTEM_STATUS_CHECK", "user": "root", "data": {}}
{"timestamp": "2026-01-03T14:58:34.367597", "event_type": "SYSTEM_STATUS_CHECK", "user": "root", "data": {}}
{"timestamp": "2026-01-03T14:59:04.365806", "event_type": "SYSTEM_STATUS_CHECK", "user": "root", "data": {}}
{"timestamp": "2026-01-03T14:59:34.366487", "event_type": "SYSTEM_STATUS_CHECK", "user": "root", "data": {}}
{"timestamp": "2026-01-03T15:00:04.362950", "event_type": "SYSTEM_STATUS_CHECK", "user": "root", "data": {}}
{"timestamp": "2026-01-03T15:00:34.364133", "event_type": "SYSTEM_STATUS_CHECK", "user": "root", "data": {}}
{"timestamp": "2026-01-03T15:01:04.364873", "event_type": "SYSTEM_STATUS_CHECK", "user": "root", "data": {}}
{"timestamp": "2026-01-03T15:01:34.368896", "event_type": "SYSTEM_STATUS_CHECK", "user": "root", "data": {}}
{"timestamp": "2026-01-03T15:02:04.364320", "event_type": "SYSTEM_STATUS_CHECK", "user": "root", "data": {}}
{"timestamp": "2026-01-03T15:02:34.369304", "event_type": "SYSTEM_STATUS_CHECK", "user": "root", "data": {}}
{"timestamp": "2026-01-03T15:03:04.369681", "event_type": "SYSTEM_STATUS_CHECK", "user": "root", "data": {}}
{"timestamp": "2026-01-03T15:03:34.369691", "event_type": "SYSTEM_STATUS_CHECK", "user": "root", "data": {}}
{"timestamp": "2026-01-03T15:04:04.365356", "event_type": "SYSTEM_STATUS_CHECK", "user": "root", "data": {}}
{"timestamp": "2026-01-03T15:04:34.370521", "event_type": "SYSTEM_STATUS_CHECK", "user": "root", "data": {}}
{"timestamp": "2026-01-03T15:05:04.371108", "event_type": "SYSTEM_STATUS_CHECK", "user": "root", "data": {}}
{"timestamp": "2026-01-03T15:05:34.371365", "event_type": "SYSTEM_STATUS_CHECK", "user": "root", "data": {}}
{"timestamp": "2026-01-03T15:06:04.366630", "event_type": "SYSTEM_STATUS_CHECK", "user": "root", "data": {}}
{"timestamp": "2026-01-03T15:06:34.371608", "event_type": "SYSTEM_STATUS_CHECK", "user": "root", "data": {}}
{"timestamp": "2026-01-03T15:07:04.367431", "event_type": "SYSTEM_STATUS_CHECK", "user": "root", "data": {}}
{"timestamp": "2026-01-03T15:07:34.372916", "event_type": "SYSTEM_STATUS_CHECK", "user": "root", "data": {}}
{"timestamp": "2026-01-03T15:08:04.368088", "event_type": "SYSTEM_STATUS_CHECK", "user": "root", "data": {}}
{"timestamp": "2026-01-03T15:08:34.372808", "event_type": "SYSTEM_STATUS_CHECK", "user": "root", "data": {}}
{"timestamp": "2026-01-03T15:09:04.373146", "event_type": "SYSTEM_STATUS_CHECK", "user": "root", "data": {}}
{"timestamp": "2026-01-03T15:09:34.374010", "event_type": "SYSTEM_STATUS_CHECK", "user": "root", "data": {}}
{"timestamp": "2026-01-03T15:10:05.156556", "event_type": "SYSTEM_STATUS_CHECK", "user": "root", "data": {}}
{"timestamp": "2026-01-03T15:10:35.159341", "event_type": "SYSTEM_STATUS_CHECK", "user": "root", "data": {}}
{"timestamp": "2026-01-03T15:11:05.161764", "event_type": "SYSTEM_STATUS_CHECK", "user": "root", "data": {}}
{"timestamp": "2026-01-03T15:11:35.159885", "event_type": "SYSTEM_STATUS_CHECK", "user": "root", "data": {}}
{"timestamp": "2026-01-03T15:12:05.157641", "event_type": "SYSTEM_STATUS_CHECK", "user": "root", "data": {}}
{"timestamp": "2026-01-03T15:12:35.162993", "event_type": "SYSTEM_STATUS_CHECK", "user": "root", "data": {}}
{"timestamp": "2026-01-03T15:13:05.158875", "event_type": "SYSTEM_STATUS_CHECK", "user": "root", "data": {}}
{"timestamp": "2026-01-03T15:13:35.160027", "event_type": "SYSTEM_STATUS_CHECK", "user": "root", "data": {}}
{"timestamp": "2026-01-03T15:14:05.158697", "event_type": "SYSTEM_STATUS_CHECK", "user": "root", "data": {}}
{"timestamp": "2026-01-03T15:14:35.159793", "event_type": "SYSTEM_STATUS_CHECK", "user": "root", "data": {}}
{"timestamp": "2026-01-03T15:15:05.163189", "event_type": "SYSTEM_STATUS_CHECK", "user": "root", "data": {}}
{"timestamp": "2026-01-03T15:15:35.161361", "event_type": "SYSTEM_STATUS_CHECK", "user": "root", "data": {}}
{"timestamp": "2026-01-03T15:16:05.159902", "event_type": "SYSTEM_STATUS_CHECK", "user": "root", "data": {}}
{"timestamp": "2026-01-03T15:16:35.160810", "event_type": "SYSTEM_STATUS_CHECK", "user": "root", "data": {}}
{"timestamp": "2026-01-03T15:17:05.164877", "event_type": "SYSTEM_STATUS_CHECK", "user": "root", "data": {}}
{"timestamp": "2026-01-03T15:17:35.166102", "event_type": "SYSTEM_STATUS_CHECK", "user": "root", "data": {}}
{"timestamp": "2026-01-03T15:18:05.160775", "event_type": "SYSTEM_STATUS_CHECK", "user": "root", "data": {}}
{"timestamp": "2026-01-03T15:18:35.165608", "event_type": "SYSTEM_STATUS_CHECK", "user": "root", "data": {}}
{"timestamp": "2026-01-03T15:19:05.161581", "event_type": "SYSTEM_STATUS_CHECK", "user": "root", "data": {}}
{"timestamp": "2026-01-03T15:19:35.163840", "event_type": "SYSTEM_STATUS_CHECK", "user": "root", "data": {}}
{"timestamp": "2026-01-03T15:20:05.162018", "event_type": "SYSTEM_STATUS_CHECK", "user": "root", "data": {}}
{"timestamp": "2026-01-03T15:20:35.166712", "event_type": "SYSTEM_STATUS_CHECK", "user": "root", "data": {}}
{"timestamp": "2026-01-03T15:21:05.167437", "event_type": "SYSTEM_STATUS_CHECK", "user": "root", "data": {}}
{"timestamp": "2026-01-03T15:21:35.163954", "event_type": "SYSTEM_STATUS_CHECK", "user": "root", "data": {}}
{"timestamp": "2026-01-03T15:22:05.162939", "event_type": "SYSTEM_STATUS_CHECK", "user": "root", "data": {}}
{"timestamp": "2026-01-03T15:22:35.956018", "event_type": "SYSTEM_STATUS_CHECK", "user": "root", "data": {}}
{"timestamp": "2026-01-03T15:23:05.957864", "event_type": "SYSTEM_STATUS_CHECK", "user": "root", "data": {}}
{"timestamp": "2026-01-03T15:23:35.957916", "event_type": "SYSTEM_STATUS_CHECK", "user": "root", "data": {}}
{"timestamp": "2026-01-03T15:24:05.953195", "event_type": "SYSTEM_STATUS_CHECK", "user": "root", "data": {}}
{"timestamp": "2026-01-03T15:24:35.957480", "event_type": "SYSTEM_STATUS_CHECK", "user": "root", "data": {}}
{"timestamp": "2026-01-03T15:25:05.957143", "event_type": "SYSTEM_STATUS_CHECK", "user": "root", "data": {}}
{"timestamp": "2026-01-03T15:25:35.958858", "event_type": "SYSTEM_STATUS_CHECK", "user": "root", "data": {}}
{"timestamp": "2026-01-03T15:26:05.953766", "event_type": "SYSTEM_STATUS_CHECK", "user": "root", "data": {}}
{"timestamp": "2026-01-03T15:26:35.956587", "event_type": "SYSTEM_STATUS_CHECK", "user": "root", "data": {}}
{"timestamp": "2026-01-03T15:27:05.958918", "event_type": "SYSTEM_STATUS_CHECK", "user": "root", "data": {}}
{"timestamp": "2026-01-03T15:27:35.959278", "event_type": "SYSTEM_STATUS_CHECK", "user": "root", "data": {}}
{"timestamp": "2026-01-03T15:28:05.954985", "event_type": "SYSTEM_STATUS_CHECK", "user": "root", "data": {}}
{"timestamp": "2026-01-03T15:28:35.960381", "event_type": "SYSTEM_STATUS_CHECK", "user": "root", "data": {}}
{"timestamp": "2026-01-03T15:29:05.960453", "event_type": "SYSTEM_STATUS_CHECK", "user": "root", "data": {}}
{"timestamp": "2026-01-03T15:29:35.961547", "event_type": "SYSTEM_STATUS_CHECK", "user": "root", "data": {}}
{"timestamp": "2026-01-03T15:30:05.961121", "event_type": "SYSTEM_STATUS_CHECK", "user": "root", "data": {}}
{"timestamp": "2026-01-03T15:30:35.956669", "event_type": "SYSTEM_STATUS_CHECK", "user": "root", "data": {}}
{"timestamp": "2026-01-03T15:31:05.961428", "event_type": "SYSTEM_STATUS_CHECK", "user": "root", "data": {}}
{"timestamp": "2026-01-03T15:31:35.961712", "event_type": "SYSTEM_STATUS_CHECK", "user": "root", "data": {}}
{"timestamp": "2026-01-03T15:32:05.962177", "event_type": "SYSTEM_STATUS_CHECK", "user": "root", "data": {}}
{"timestamp": "2026-01-03T15:32:35.957525", "event_type": "SYSTEM_STATUS_CHECK", "user": "root", "data": {}}
{"timestamp": "2026-01-03T15:33:05.962189", "event_type": "SYSTEM_STATUS_CHECK", "user": "root", "data": {}}
{"timestamp": "2026-01-03T15:33:35.962362", "event_type": "SYSTEM_STATUS_CHECK", "user": "root", "data": {}}
{"timestamp": "2026-01-03T15:34:05.962549", "event_type": "SYSTEM_STATUS_CHECK", "user": "root", "data": {}}
{"timestamp": "2026-01-03T15:34:35.964897", "event_type": "SYSTEM_STATUS_CHECK", "user": "root", "data": {}}
{"timestamp": "2026-01-03T15:35:06.749187", "event_type": "SYSTEM_STATUS_CHECK", "user": "root", "data": {}}
{"timestamp": "2026-01-03T15:35:36.750249", "event_type": "SYSTEM_STATUS_CHECK", "user": "root", "data": {}}
{"timestamp": "2026-01-03T15:36:06.750388", "event_type": "SYSTEM_STATUS_CHECK", "user": "root", "data": {}}
{"timestamp": "2026-01-03T15:36:36.745222", "event_type": "SYSTEM_STATUS_CHECK", "user": "root", "data": {}}
{"timestamp": "2026-01-03T15:37:06.745790", "event_type": "SYSTEM_STATUS_CHECK", "user": "root", "data": {}}
{"timestamp": "2026-01-03T15:37:36.750640", "event_type": "SYSTEM_STATUS_CHECK", "user": "root", "data": {}}
{"timestamp": "2026-01-03T15:38:06.751272", "event_type": "SYSTEM_STATUS_CHECK", "user": "root", "data": {}}
{"timestamp": "2026-01-03T15:38:36.746467", "event_type": "SYSTEM_STATUS_CHECK", "user": "root", "data": {}}
{"timestamp": "2026-01-03T15:39:06.751022", "event_type": "SYSTEM_STATUS_CHECK", "user": "root", "data": {}}
{"timestamp": "2026-01-03T15:39:36.752324", "event_type": "SYSTEM_STATUS_CHECK", "user": "root", "data": {}}
{"timestamp": "2026-01-03T15:40:06.751361", "event_type": "SYSTEM_STATUS_CHECK", "user": "root", "data": {}}
{"timestamp": "2026-01-03T15:40:36.747611", "event_type": "SYSTEM_STATUS_CHECK", "user": "root", "data": {}}
{"timestamp": "2026-01-03T15:41:06.752493", "event_type": "SYSTEM_STATUS_CHECK", "user": "root", "data": {}}
{"timestamp": "2026-01-03T15:41:36.753560", "event_type": "SYSTEM_STATUS_CHECK", "user": "root", "data": {}}
{"timestamp": "2026-01-03T15:42:06.753380", "event_type": "SYSTEM_STATUS_CHECK", "user": "root", "data": {}}
{"timestamp": "2026-01-03T15:42:36.748734", "event_type": "SYSTEM_STATUS_CHECK", "user": "root", "data": {}}
{"timestamp": "2026-01-03T15:43:06.753169", "event_type": "SYSTEM_STATUS_CHECK", "user": "root", "data": {}}
{"timestamp": "2026-01-03T15:43:36.754018", "event_type": "SYSTEM_STATUS_CHECK", "user": "root", "data": {}}
{"timestamp": "2026-01-03T15:44:06.754434", "event_type": "SYSTEM_STATUS_CHECK", "user": "root", "data": {}}
{"timestamp": "2026-01-03T15:44:36.749901", "event_type": "SYSTEM_STATUS_CHECK", "user": "root", "data": {}}
{"timestamp": "2026-01-03T15:45:06.754749", "event_type": "SYSTEM_STATUS_CHECK", "user": "root", "data": {}}
{"timestamp": "2026-01-03T15:45:36.754798", "event_type": "SYSTEM_STATUS_CHECK", "user": "root", "data": {}}
{"timestamp": "2026-01-03T15:46:06.755097", "event_type": "SYSTEM_STATUS_CHECK", "user": "root", "data": {}}
{"timestamp": "2026-01-03T15:46:36.758660", "event_type": "SYSTEM_STATUS_CHECK", "user": "root", "data": {}}
{"timestamp": "2026-01-03T15:47:06.755554", "event_type": "SYSTEM_STATUS_CHECK", "user": "root", "data": {}}
{"timestamp": "2026-01-03T15:47:37.506703", "event_type": "SYSTEM_STATUS_CHECK", "user": "root", "data": {}}
{"timestamp": "2026-01-03T15:48:07.505832", "event_type": "SYSTEM_STATUS_CHECK", "user": "root", "data": {}}
{"timestamp": "2026-01-03T15:48:37.501238", "event_type": "SYSTEM_STATUS_CHECK", "user": "root", "data": {}}
{"timestamp": "2026-01-03T15:49:07.505983", "event_type": "SYSTEM_STATUS_CHECK", "user": "root", "data": {}}
{"timestamp": "2026-01-03T15:49:37.506644", "event_type": "SYSTEM_STATUS_CHECK", "user": "root", "data": {}}
{"timestamp": "2026-01-03T15:50:07.506719", "event_type": "SYSTEM_STATUS_CHECK", "user": "root", "data": {}}
{"timestamp": "2026-01-03T15:50:37.502020", "event_type": "SYSTEM_STATUS_CHECK", "user": "root", "data": {}}
{"timestamp": "2026-01-03T15:51:07.507055", "event_type": "SYSTEM_STATUS_CHECK", "user": "root", "data": {}}
{"timestamp": "2026-01-03T15:51:37.507444", "event_type": "SYSTEM_STATUS_CHECK", "user": "root", "data": {}}
{"timestamp": "2026-01-03T15:52:07.507167", "event_type": "SYSTEM_STATUS_CHECK", "user": "root", "data": {}}
{"timestamp": "2026-01-03T15:52:37.503829", "event_type": "SYSTEM_STATUS_CHECK", "user": "root", "data": {}}
{"timestamp": "2026-01-03T15:53:07.508593", "event_type": "SYSTEM_STATUS_CHECK", "user": "root", "data": {}}
{"timestamp": "2026-01-03T15:53:37.509639", "event_type": "SYSTEM_STATUS_CHECK", "user": "root", "data": {}}
{"timestamp": "2026-01-03T15:54:07.509178", "event_type": "SYSTEM_STATUS_CHECK", "user": "root", "data": {}}
{"timestamp": "2026-01-03T15:54:37.504520", "event_type": "SYSTEM_STATUS_CHECK", "user": "root", "data": {}}
{"timestamp": "2026-01-03T15:55:07.510226", "event_type": "SYSTEM_STATUS_CHECK", "user": "root", "data": {}}
{"timestamp": "2026-01-03T15:55:37.510057", "event_type": "SYSTEM_STATUS_CHECK", "user": "root", "data": {}}
{"timestamp": "2026-01-03T15:56:07.509848", "event_type": "SYSTEM_STATUS_CHECK", "user": "root", "data": {}}
{"timestamp": "2026-01-03T15:56:37.505595", "event_type": "SYSTEM_STATUS_CHECK", "user": "root", "data": {}}
{"timestamp": "2026-01-03T15:57:07.510804", "event_type": "SYSTEM_STATUS_CHECK", "user": "root", "data": {}}
{"timestamp": "2026-01-03T15:57:37.510874", "event_type": "SYSTEM_STATUS_CHECK", "user": "root", "data": {}}
{"timestamp": "2026-01-03T15:58:07.511014", "event_type": "SYSTEM_STATUS_CHECK", "user": "root", "data": {}}
{"timestamp": "2026-01-03T15:58:37.507096", "event_type": "SYSTEM_STATUS_CHECK", "user": "root", "data": {}}
{"timestamp": "2026-01-03T15:59:07.512301", "event_type": "SYSTEM_STATUS_CHECK", "user": "root", "data": {}}
{"timestamp": "2026-01-03T15:59:37.511131", "event_type": "SYSTEM_STATUS_CHECK", "user": "root", "data": {}}
{"timestamp": "2026-01-03T16:00:08.296641", "event_type": "SYSTEM_STATUS_CHECK", "user": "root", "data": {}}
{"timestamp": "2026-01-03T16:00:38.297327", "event_type": "SYSTEM_STATUS_CHECK", "user": "root", "data": {}}
{"timestamp": "2026-01-03T16:01:08.292697", "event_type": "SYSTEM_STATUS_CHECK", "user": "root", "data": {}}
{"timestamp": "2026-01-03T16:01:38.298140", "event_type": "SYSTEM_STATUS_CHECK", "user": "root", "data": {}}
{"timestamp": "2026-01-03T16:02:08.297475", "event_type": "SYSTEM_STATUS_CHECK", "user": "root", "data": {}}
{"timestamp": "2026-01-03T16:02:38.298530", "event_type": "SYSTEM_STATUS_CHECK", "user": "root", "data": {}}
{"timestamp": "2026-01-03T16:03:08.293902", "event_type": "SYSTEM_STATUS_CHECK", "user": "root", "data": {}}
{"timestamp": "2026-01-03T16:03:38.298542", "event_type": "SYSTEM_STATUS_CHECK", "user": "root", "data": {}}
{"timestamp": "2026-01-03T16:04:08.299472", "event_type": "SYSTEM_STATUS_CHECK", "user": "root", "data": {}}
{"timestamp": "2026-01-03T16:04:38.299131", "event_type": "SYSTEM_STATUS_CHECK", "user": "root", "data": {}}
{"timestamp": "2026-01-03T16:05:08.295040", "event_type": "SYSTEM_STATUS_CHECK", "user": "root", "data": {}}
{"timestamp": "2026-01-03T16:05:38.300672", "event_type": "SYSTEM_STATUS_CHECK", "user": "root", "data": {}}
{"timestamp": "2026-01-03T16:06:08.300356", "event_type": "SYSTEM_STATUS_CHECK", "user": "root", "data": {}}
{"timestamp": "2026-01-03T16:06:38.301230", "event_type": "SYSTEM_STATUS_CHECK", "user": "root", "data": {}}
{"timestamp": "2026-01-03T16:07:08.296109", "event_type": "SYSTEM_STATUS_CHECK", "user": "root", "data": {}}
{"timestamp": "2026-01-03T16:07:38.301655", "event_type": "SYSTEM_STATUS_CHECK", "user": "root", "data": {}}
{"timestamp": "2026-01-03T16:08:08.301904", "event_type": "SYSTEM_STATUS_CHECK", "user": "root", "data": {}}
{"timestamp": "2026-01-03T16:08:38.302851", "event_type": "SYSTEM_STATUS_CHECK", "user": "root", "data": {}}
{"timestamp": "2026-01-03T16:09:08.297705", "event_type": "SYSTEM_STATUS_CHECK", "user": "root", "data": {}}
{"timestamp": "2026-01-03T16:09:38.302749", "event_type": "SYSTEM_STATUS_CHECK", "user": "root", "data": {}}
{"timestamp": "2026-01-03T16:10:08.302385", "event_type": "SYSTEM_STATUS_CHECK", "user": "root", "data": {}}
{"timestamp": "2026-01-03T16:10:38.302838", "event_type": "SYSTEM_STATUS_CHECK", "user": "root", "data": {}}
{"timestamp": "2026-01-03T16:11:08.299002", "event_type": "SYSTEM_STATUS_CHECK", "user": "root", "data": {}}
{"timestamp": "2026-01-03T16:11:38.305303", "event_type": "SYSTEM_STATUS_CHECK", "user": "root", "data": {}}
{"timestamp": "2026-01-03T16:12:08.304090", "event_type": "SYSTEM_STATUS_CHECK", "user": "root", "data": {}}
{"timestamp": "2026-01-03T16:12:39.084375", "event_type": "SYSTEM_STATUS_CHECK", "user": "root", "data": {}}
{"timestamp": "2026-01-03T16:13:09.084871", "event_type": "SYSTEM_STATUS_CHECK", "user": "root", "data": {}}
{"timestamp": "2026-01-03T16:13:39.085521", "event_type": "SYSTEM_STATUS_CHECK", "user": "root", "data": {}}
{"timestamp": "2026-01-03T16:14:09.084921", "event_type": "SYSTEM_STATUS_CHECK", "user": "root", "data": {}}
{"timestamp": "2026-01-03T16:14:39.085629", "event_type": "SYSTEM_STATUS_CHECK", "user": "root", "data": {}}
{"timestamp": "2026-01-03T16:15:09.085089", "event_type": "SYSTEM_STATUS_CHECK", "user": "root", "data": {}}
{"timestamp": "2026-01-03T16:15:39.085541", "event_type": "SYSTEM_STATUS_CHECK", "user": "root", "data": {}}
{"timestamp": "2026-01-03T16:16:09.085986", "event_type": "SYSTEM_STATUS_CHECK", "user": "root", "data": {}}
{"timestamp": "2026-01-03T16:16:39.090290", "event_type": "SYSTEM_STATUS_CHECK", "user": "root", "data": {}}
{"timestamp": "2026-01-03T16:17:09.086063", "event_type": "SYSTEM_STATUS_CHECK", "user": "root", "data": {}}
{"timestamp": "2026-01-03T16:17:39.091485", "event_type": "SYSTEM_STATUS_CHECK", "user": "root", "data": {}}
{"timestamp": "2026-01-03T16:18:09.087691", "event_type": "SYSTEM_STATUS_CHECK", "user": "root", "data": {}}
{"timestamp": "2026-01-03T16:18:39.087178", "event_type": "SYSTEM_STATUS_CHECK", "user": "root", "data": {}}
{"timestamp": "2026-01-03T16:19:09.087194", "event_type": "SYSTEM_STATUS_CHECK", "user": "root", "data": {}}
{"timestamp": "2026-01-03T16:19:39.087609", "event_type": "SYSTEM_STATUS_CHECK", "user": "root", "data": {}}
{"timestamp": "2026-01-03T16:20:09.087214", "event_type": "SYSTEM_STATUS_CHECK", "user": "root", "data": {}}
{"timestamp": "2026-01-03T16:20:39.088981", "event_type": "SYSTEM_STATUS_CHECK", "user": "root", "data": {}}
{"timestamp": "2026-01-03T16:21:09.087929", "event_type": "SYSTEM_STATUS_CHECK", "user": "root", "data": {}}
{"timestamp": "2026-01-03T16:21:39.088479", "event_type": "SYSTEM_STATUS_CHECK", "user": "root", "data": {}}
{"timestamp": "2026-01-03T16:22:09.088118", "event_type": "SYSTEM_STATUS_CHECK", "user": "root", "data": {}}
{"timestamp": "2026-01-03T16:22:39.088763", "event_type": "SYSTEM_STATUS_CHECK", "user": "root", "data": {}}
{"timestamp": "2026-01-03T16:23:09.088716", "event_type": "SYSTEM_STATUS_CHECK", "user": "root", "data": {}}
{"timestamp": "2026-01-03T16:23:39.090689", "event_type": "SYSTEM_STATUS_CHECK", "user": "root", "data": {}}
{"timestamp": "2026-01-03T16:24:09.090684", "event_type": "SYSTEM_STATUS_CHECK", "user": "root", "data": {}}
{"timestamp": "2026-01-03T16:24:39.090951", "event_type": "SYSTEM_STATUS_CHECK", "user": "root", "data": {}}
{"timestamp": "2026-01-03T16:25:09.871072", "event_type": "SYSTEM_STATUS_CHECK", "user": "root", "data": {}}
{"timestamp": "2026-01-03T16:25:39.875442", "event_type": "SYSTEM_STATUS_CHECK", "user": "root", "data": {}}
{"timestamp": "2026-01-03T16:26:09.875694", "event_type": "SYSTEM_STATUS_CHECK", "user": "root", "data": {}}
{"timestamp": "2026-01-03T16:26:39.875600", "event_type": "SYSTEM_STATUS_CHECK", "user": "root", "data": {}}
{"timestamp": "2026-01-03T16:27:09.872450", "event_type": "SYSTEM_STATUS_CHECK", "user": "root", "data": {}}
{"timestamp": "2026-01-03T16:27:39.876841", "event_type": "SYSTEM_STATUS_CHECK", "user": "root", "data": {}}
{"timestamp": "2026-01-03T16:28:09.876764", "event_type": "SYSTEM_STATUS_CHECK", "user": "root", "data": {}}
{"timestamp": "2026-01-03T16:28:39.877575", "event_type": "SYSTEM_STATUS_CHECK", "user": "root", "data": {}}
{"timestamp": "2026-01-03T16:29:09.873385", "event_type": "SYSTEM_STATUS_CHECK", "user": "root", "data": {}}
{"timestamp": "2026-01-03T16:29:39.873970", "event_type": "SYSTEM_STATUS_CHECK", "user": "root", "data": {}}
{"timestamp": "2026-01-03T16:30:09.878279", "event_type": "SYSTEM_STATUS_CHECK", "user": "root", "data": {}}
{"timestamp": "2026-01-03T16:30:39.878649", "event_type": "SYSTEM_STATUS_CHECK", "user": "root", "data": {}}
{"timestamp": "2026-01-03T16:31:09.878890", "event_type": "SYSTEM_STATUS_CHECK", "user": "root", "data": {}}
{"timestamp": "2026-01-03T16:31:39.874697", "event_type": "SYSTEM_STATUS_CHECK", "user": "root", "data": {}}
{"timestamp": "2026-01-03T16:32:09.880321", "event_type": "SYSTEM_STATUS_CHECK", "user": "root", "data": {}}
{"timestamp": "2026-01-03T16:32:39.880803", "event_type": "SYSTEM_STATUS_CHECK", "user": "root", "data": {}}
{"timestamp": "2026-01-03T16:33:09.880301", "event_type": "SYSTEM_STATUS_CHECK", "user": "root", "data": {}}
{"timestamp": "2026-01-03T16:33:39.876646", "event_type": "SYSTEM_STATUS_CHECK", "user": "root", "data": {}}
{"timestamp": "2026-01-03T16:34:09.882047", "event_type": "SYSTEM_STATUS_CHECK", "user": "root", "data": {}}
{"timestamp": "2026-01-03T16:34:39.880681", "event_type": "SYSTEM_STATUS_CHECK", "user": "root", "data": {}}
{"timestamp": "2026-01-03T16:35:09.881238", "event_type": "SYSTEM_STATUS_CHECK", "user": "root", "data": {}}
{"timestamp": "2026-01-03T16:35:39.876747", "event_type": "SYSTEM_STATUS_CHECK", "user": "root", "data": {}}
{"timestamp": "2026-01-03T16:36:09.882225", "event_type": "SYSTEM_STATUS_CHECK", "user": "root", "data": {}}
{"timestamp": "2026-01-03T16:36:39.882262", "event_type": "SYSTEM_STATUS_CHECK", "user": "root", "data": {}}
{"timestamp": "2026-01-03T16:37:09.883108", "event_type": "SYSTEM_STATUS_CHECK", "user": "root", "data": {}}
{"timestamp": "2026-01-03T16:37:40.668499", "event_type": "SYSTEM_STATUS_CHECK", "user": "root", "data": {}}
{"timestamp": "2026-01-03T16:38:10.672819", "event_type": "SYSTEM_STATUS_CHECK", "user": "root", "data": {}}
{"timestamp": "2026-01-03T16:38:40.670162", "event_type": "SYSTEM_STATUS_CHECK", "user": "root", "data": {}}
{"timestamp": "2026-01-03T16:39:10.670606", "event_type": "SYSTEM_STATUS_CHECK", "user": "root", "data": {}}
{"timestamp": "2026-01-03T16:39:40.669374", "event_type": "SYSTEM_STATUS_CHECK", "user": "root", "data": {}}
{"timestamp": "2026-01-03T16:40:10.671994", "event_type": "SYSTEM_STATUS_CHECK", "user": "root", "data": {}}
{"timestamp": "2026-01-03T16:40:40.674246", "event_type": "SYSTEM_STATUS_CHECK", "user": "root", "data": {}}
{"timestamp": "2026-01-03T16:41:10.673569", "event_type": "SYSTEM_STATUS_CHECK", "user": "root", "data": {}}
{"timestamp": "2026-01-03T16:41:40.670832", "event_type": "SYSTEM_STATUS_CHECK", "user": "root", "data": {}}
{"timestamp": "2026-01-03T16:42:10.673051", "event_type": "SYSTEM_STATUS_CHECK", "user": "root", "data": {}}
{"timestamp": "2026-01-03T16:42:40.676049", "event_type": "SYSTEM_STATUS_CHECK", "user": "root", "data": {}}
{"timestamp": "2026-01-03T16:43:10.675931", "event_type": "SYSTEM_STATUS_CHECK", "user": "root", "data": {}}
{"timestamp": "2026-01-03T16:43:40.671384", "event_type": "SYSTEM_STATUS_CHECK", "user": "root", "data": {}}
{"timestamp": "2026-01-03T16:44:10.676670", "event_type": "SYSTEM_STATUS_CHECK", "user": "root", "data": {}}
{"timestamp": "2026-01-03T16:44:40.676630", "event_type": "SYSTEM_STATUS_CHECK", "user": "root", "data": {}}
{"timestamp": "2026-01-03T16:45:10.676802", "event_type": "SYSTEM_STATUS_CHECK", "user": "root", "data": {}}
{"timestamp": "2026-01-03T16:45:40.672378", "event_type": "SYSTEM_STATUS_CHECK", "user": "root", "data": {}}
{"timestamp": "2026-01-03T16:46:10.676861", "event_type": "SYSTEM_STATUS_CHECK", "user": "root", "data": {}}
{"timestamp": "2026-01-03T16:46:40.678148", "event_type": "SYSTEM_STATUS_CHECK", "user": "root", "data": {}}
{"timestamp": "2026-01-03T16:47:10.678522", "event_type": "SYSTEM_STATUS_CHECK", "user": "root", "data": {}}
{"timestamp": "2026-01-03T16:47:40.678339", "event_type": "SYSTEM_STATUS_CHECK", "user": "root", "data": {}}
{"timestamp": "2026-01-03T16:48:10.678745", "event_type": "SYSTEM_STATUS_CHECK", "user": "root", "data": {}}
{"timestamp": "2026-01-03T16:48:40.678305", "event_type": "SYSTEM_STATUS_CHECK", "user": "root", "data": {}}
{"timestamp": "2026-01-03T16:49:10.674636", "event_type": "SYSTEM_STATUS_CHECK", "user": "root", "data": {}}
{"timestamp": "2026-01-03T16:49:40.679631", "event_type": "SYSTEM_STATUS_CHECK", "user": "root", "data": {}}
{"timestamp": "2026-01-03T16:50:11.470949", "event_type": "SYSTEM_STATUS_CHECK", "user": "root", "data": {}}
{"timestamp": "2026-01-03T16:50:41.472179", "event_type": "SYSTEM_STATUS_CHECK", "user": "root", "data": {}}
{"timestamp": "2026-01-03T16:51:11.473285", "event_type": "SYSTEM_STATUS_CHECK", "user": "root", "data": {}}
{"timestamp": "2026-01-03T16:51:41.470560", "event_type": "SYSTEM_STATUS_CHECK", "user": "root", "data": {}}
{"timestamp": "2026-01-03T16:52:13.072758", "event_type": "SYSTEM_STATUS_CHECK", "user": "root", "data": {}}
{"timestamp": "2026-01-03T16:52:43.072656", "event_type": "SYSTEM_STATUS_CHECK", "user": "root", "data": {}}
{"timestamp": "2026-01-03T16:53:13.072755", "event_type": "SYSTEM_STATUS_CHECK", "user": "root", "data": {}}
{"timestamp": "2026-01-03T16:53:43.073283", "event_type": "SYSTEM_STATUS_CHECK", "user": "root", "data": {}}
{"timestamp": "2026-01-03T16:54:13.073055", "event_type": "SYSTEM_STATUS_CHECK", "user": "root", "data": {}}
{"timestamp": "2026-01-03T16:54:43.074928", "event_type": "SYSTEM_STATUS_CHECK", "user": "root", "data": {}}
{"timestamp": "2026-01-03T16:55:13.075594", "event_type": "SYSTEM_STATUS_CHECK", "user": "root", "data": {}}
{"timestamp": "2026-01-03T16:55:43.073583", "event_type": "SYSTEM_STATUS_CHECK", "user": "root", "data": {}}
{"timestamp": "2026-01-03T16:56:13.073931", "event_type": "SYSTEM_STATUS_CHECK", "user": "root", "data": {}}
{"timestamp": "2026-01-03T16:56:43.075251", "event_type": "SYSTEM_STATUS_CHECK", "user": "root", "data": {}}
{"timestamp": "2026-01-03T16:57:13.073900", "event_type": "SYSTEM_STATUS_CHECK", "user": "root", "data": {}}
{"timestamp": "2026-01-03T16:57:43.074696", "event_type": "SYSTEM_STATUS_CHECK", "user": "root", "data": {}}
{"timestamp": "2026-01-03T16:58:13.074218", "event_type": "SYSTEM_STATUS_CHECK", "user": "root", "data": {}}
{"timestamp": "2026-01-03T16:58:43.075355", "event_type": "SYSTEM_STATUS_CHECK", "user": "root", "data": {}}
{"timestamp": "2026-01-03T16:59:13.074921", "event_type": "SYSTEM_STATUS_CHECK", "user": "root", "data": {}}
{"timestamp": "2026-01-03T16:59:43.075162", "event_type": "SYSTEM_STATUS_CHECK", "user": "root", "data": {}}
{"timestamp": "2026-01-03T17:00:13.075299", "event_type": "SYSTEM_STATUS_CHECK", "user": "root", "data": {}}
{"timestamp": "2026-01-03T17:00:43.076803", "event_type": "SYSTEM_STATUS_CHECK", "user": "root", "data": {}}
{"timestamp": "2026-01-03T17:01:13.075534", "event_type": "SYSTEM_STATUS_CHECK", "user": "root", "data": {}}
{"timestamp": "2026-01-03T17:01:43.075524", "event_type": "SYSTEM_STATUS_CHECK", "user": "root", "data": {}}
{"timestamp": "2026-01-03T17:02:13.075790", "event_type": "SYSTEM_STATUS_CHECK", "user": "root", "data": {}}
{"timestamp": "2026-01-03T17:02:43.076399", "event_type": "SYSTEM_STATUS_CHECK", "user": "root", "data": {}}
{"timestamp": "2026-01-03T17:03:13.077007", "event_type": "SYSTEM_STATUS_CHECK", "user": "root", "data": {}}
{"timestamp": "2026-01-03T17:03:43.076696", "event_type": "SYSTEM_STATUS_CHECK", "user": "root", "data": {}}
{"timestamp": "2026-01-03T17:04:13.076427", "event_type": "SYSTEM_STATUS_CHECK", "user": "root", "data": {}}
{"timestamp": "2026-01-03T17:04:43.078004", "event_type": "SYSTEM_STATUS_CHECK", "user": "root", "data": {}}
{"timestamp": "2026-01-03T17:05:13.076591", "event_type": "SYSTEM_STATUS_CHECK", "user": "root", "data": {}}
{"timestamp": "2026-01-03T17:05:43.079990", "event_type": "SYSTEM_STATUS_CHECK", "user": "root", "data": {}}
{"timestamp": "2026-01-03T17:06:13.077621", "event_type": "SYSTEM_STATUS_CHECK", "user": "root", "data": {}}
{"timestamp": "2026-01-03T17:06:43.078154", "event_type": "SYSTEM_STATUS_CHECK", "user": "root", "data": {}}
{"timestamp": "2026-01-03T17:07:13.077472", "event_type": "SYSTEM_STATUS_CHECK", "user": "root", "data": {}}
{"timestamp": "2026-01-03T17:07:43.078780", "event_type": "SYSTEM_STATUS_CHECK", "user": "root", "data": {}}
{"timestamp": "2026-01-03T17:08:13.078072", "event_type": "SYSTEM_STATUS_CHECK", "user": "root", "data": {}}
{"timestamp": "2026-01-03T17:08:43.078048", "event_type": "SYSTEM_STATUS_CHECK", "user": "root", "data": {}}
{"timestamp": "2026-01-03T17:09:13.078708", "event_type": "SYSTEM_STATUS_CHECK", "user": "root", "data": {}}
{"timestamp": "2026-01-03T17:09:43.079262", "event_type": "SYSTEM_STATUS_CHECK", "user": "root", "data": {}}
{"timestamp": "2026-01-03T17:10:13.078753", "event_type": "SYSTEM_STATUS_CHECK", "user": "root", "data": {}}
{"timestamp": "2026-01-03T17:10:43.078997", "event_type": "SYSTEM_STATUS_CHECK", "user": "root", "data": {}}
{"timestamp": "2026-01-03T17:11:13.080502", "event_type": "SYSTEM_STATUS_CHECK", "user": "root", "data": {}}
{"timestamp": "2026-01-03T17:11:43.079936", "event_type": "SYSTEM_STATUS_CHECK", "user": "root", "data": {}}
{"timestamp": "2026-01-03T17:12:13.079663", "event_type": "SYSTEM_STATUS_CHECK", "user": "root", "data": {}}
{"timestamp": "2026-01-03T17:12:43.080040", "event_type": "SYSTEM_STATUS_CHECK", "user": "root", "data": {}}
{"timestamp": "2026-01-03T17:13:13.079910", "event_type": "SYSTEM_STATUS_CHECK", "user": "root", "data": {}}
{"timestamp": "2026-01-03T17:13:43.080295", "event_type": "SYSTEM_STATUS_CHECK", "user": "root", "data": {}}
{"timestamp": "2026-01-03T17:14:13.080081", "event_type": "SYSTEM_STATUS_CHECK", "user": "root", "data": {}}
{"timestamp": "2026-01-03T17:14:43.080497", "event_type": "SYSTEM_STATUS_CHECK", "user": "root", "data": {}}
{"timestamp": "2026-01-03T17:15:13.082060", "event_type": "SYSTEM_STATUS_CHECK", "user": "root", "data": {}}
{"timestamp": "2026-01-03T17:15:43.080489", "event_type": "SYSTEM_STATUS_CHECK", "user": "root", "data": {}}
{"timestamp": "2026-01-03T17:16:13.080902", "event_type": "SYSTEM_STATUS_CHECK", "user": "root", "data": {}}
{"timestamp": "2026-01-03T17:16:43.081172", "event_type": "SYSTEM_STATUS_CHECK", "user": "root", "data": {}}
{"timestamp": "2026-01-03T17:17:13.081873", "event_type": "SYSTEM_STATUS_CHECK", "user": "root", "data": {}}
{"timestamp": "2026-01-03T17:17:43.082122", "event_type": "SYSTEM_STATUS_CHECK", "user": "root", "data": {}}
{"timestamp": "2026-01-03T17:18:13.081806", "event_type": "SYSTEM_STATUS_CHECK", "user": "root", "data": {}}
{"timestamp": "2026-01-03T17:18:43.081538", "event_type": "SYSTEM_STATUS_CHECK", "user": "root", "data": {}}
{"timestamp": "2026-01-03T17:19:13.082149", "event_type": "SYSTEM_STATUS_CHECK", "user": "root", "data": {}}
{"timestamp": "2026-01-03T17:19:43.081658", "event_type": "SYSTEM_STATUS_CHECK", "user": "root", "data": {}}
{"timestamp": "2026-01-03T17:20:13.082432", "event_type": "SYSTEM_STATUS_CHECK", "user": "root", "data": {}}
{"timestamp": "2026-01-03T17:20:43.083923", "event_type": "SYSTEM_STATUS_CHECK", "user": "root", "data": {}}
{"timestamp": "2026-01-03T17:21:13.083424", "event_type": "SYSTEM_STATUS_CHECK", "user": "root", "data": {}}
{"timestamp": "2026-01-03T17:21:43.082616", "event_type": "SYSTEM_STATUS_CHECK", "user": "root", "data": {}}
{"timestamp": "2026-01-03T17:22:13.082648", "event_type": "SYSTEM_STATUS_CHECK", "user": "root", "data": {}}
{"timestamp": "2026-01-03T17:22:43.083295", "event_type": "SYSTEM_STATUS_CHECK", "user": "root", "data": {}}
{"timestamp": "2026-01-03T17:23:13.083985", "event_type": "SYSTEM_STATUS_CHECK", "user": "root", "data": {}}
{"timestamp": "2026-01-03T17:23:43.084031", "event_type": "SYSTEM_STATUS_CHECK", "user": "root", "data": {}}
{"timestamp": "2026-01-03T17:24:13.084120", "event_type": "SYSTEM_STATUS_CHECK", "user": "root", "data": {}}
{"timestamp": "2026-01-03T17:24:43.083673", "event_type": "SYSTEM_STATUS_CHECK", "user": "root", "data": {}}
{"timestamp": "2026-01-03T17:25:13.084476", "event_type": "SYSTEM_STATUS_CHECK", "user": "root", "data": {}}
{"timestamp": "2026-01-03T17:25:43.084056", "event_type": "SYSTEM_STATUS_CHECK", "user": "root", "data": {}}
{"timestamp": "2026-01-03T17:26:13.085268", "event_type": "SYSTEM_STATUS_CHECK", "user": "root", "data": {}}
{"timestamp": "2026-01-03T17:26:43.084485", "event_type": "SYSTEM_STATUS_CHECK", "user": "root", "data": {}}
{"timestamp": "2026-01-03T17:27:13.084873", "event_type": "SYSTEM_STATUS_CHECK", "user": "root", "data": {}}
{"timestamp": "2026-01-03T17:27:43.833284", "event_type": "SYSTEM_STATUS_CHECK", "user": "root", "data": {}}
{"timestamp": "2026-01-03T17:28:13.833252", "event_type": "SYSTEM_STATUS_CHECK", "user": "root", "data": {}}
{"timestamp": "2026-01-03T17:28:43.833752", "event_type": "SYSTEM_STATUS_CHECK", "user": "root", "data": {}}
{"timestamp": "2026-01-03T17:29:13.834322", "event_type": "SYSTEM_STATUS_CHECK", "user": "root", "data": {}}
{"timestamp": "2026-01-03T17:29:43.834181", "event_type": "SYSTEM_STATUS_CHECK", "user": "root", "data": {}}
{"timestamp": "2026-01-03T17:30:13.834273", "event_type": "SYSTEM_STATUS_CHECK", "user": "root", "data": {}}
{"timestamp": "2026-01-03T17:30:43.835068", "event_type": "SYSTEM_STATUS_CHECK", "user": "root", "data": {}}
{"timestamp": "2026-01-03T17:31:13.836468", "event_type": "SYSTEM_STATUS_CHECK", "user": "root", "data": {}}
{"timestamp": "2026-01-03T17:31:43.835944", "event_type": "SYSTEM_STATUS_CHECK", "user": "root", "data": {}}
{"timestamp": "2026-01-03T17:32:13.831595", "event_type": "SYSTEM_STATUS_CHECK", "user": "root", "data": {}}
{"timestamp": "2026-01-03T17:32:43.836713", "event_type": "SYSTEM_STATUS_CHECK", "user": "root", "data": {}}
{"timestamp": "2026-01-03T17:33:13.837118", "event_type": "SYSTEM_STATUS_CHECK", "user": "root", "data": {}}
{"timestamp": "2026-01-03T17:33:43.836564", "event_type": "SYSTEM_STATUS_CHECK", "user": "root", "data": {}}
{"timestamp": "2026-01-03T17:34:13.832667", "event_type": "SYSTEM_STATUS_CHECK", "user": "root", "data": {}}
{"timestamp": "2026-01-03T17:34:43.833265", "event_type": "SYSTEM_STATUS_CHECK", "user": "root", "data": {}}
{"timestamp": "2026-01-03T17:35:13.837721", "event_type": "SYSTEM_STATUS_CHECK", "user": "root", "data": {}}
{"timestamp": "2026-01-03T17:35:43.838257", "event_type": "SYSTEM_STATUS_CHECK", "user": "root", "data": {}}
{"timestamp": "2026-01-03T17:36:13.833794", "event_type": "SYSTEM_STATUS_CHECK", "user": "root", "data": {}}
{"timestamp": "2026-01-03T17:36:43.839162", "event_type": "SYSTEM_STATUS_CHECK", "user": "root", "data": {}}
{"timestamp": "2026-01-03T17:37:13.839544", "event_type": "SYSTEM_STATUS_CHECK", "user": "root", "data": {}}
{"timestamp": "2026-01-03T17:37:43.839145", "event_type": "SYSTEM_STATUS_CHECK", "user": "root", "data": {}}
{"timestamp": "2026-01-03T17:38:13.835130", "event_type": "SYSTEM_STATUS_CHECK", "user": "root", "data": {}}
{"timestamp": "2026-01-03T17:38:43.840389", "event_type": "SYSTEM_STATUS_CHECK", "user": "root", "data": {}}
{"timestamp": "2026-01-03T17:39:13.838507", "event_type": "SYSTEM_STATUS_CHECK", "user": "root", "data": {}}
{"timestamp": "2026-01-03T17:39:43.840477", "event_type": "SYSTEM_STATUS_CHECK", "user": "root", "data": {}}
{"timestamp": "2026-01-03T17:40:14.604466", "event_type": "SYSTEM_STATUS_CHECK", "user": "root", "data": {}}
{"timestamp": "2026-01-03T17:40:44.605480", "event_type": "SYSTEM_STATUS_CHECK", "user": "root", "data": {}}
{"timestamp": "2026-01-03T17:41:14.605998", "event_type": "SYSTEM_STATUS_CHECK", "user": "root", "data": {}}
{"timestamp": "2026-01-03T17:41:44.608771", "event_type": "SYSTEM_STATUS_CHECK", "user": "root", "data": {}}
{"timestamp": "2026-01-03T17:42:14.602971", "event_type": "SYSTEM_STATUS_CHECK", "user": "root", "data": {}}
{"timestamp": "2026-01-03T17:42:44.607430", "event_type": "SYSTEM_STATUS_CHECK", "user": "root", "data": {}}
{"timestamp": "2026-01-03T17:43:14.607607", "event_type": "SYSTEM_STATUS_CHECK", "user": "root", "data": {}}
{"timestamp": "2026-01-03T17:43:44.607145", "event_type": "SYSTEM_STATUS_CHECK", "user": "root", "data": {}}
{"timestamp": "2026-01-03T17:44:14.603401", "event_type": "SYSTEM_STATUS_CHECK", "user": "root", "data": {}}
{"timestamp": "2026-01-03T17:44:44.608013", "event_type": "SYSTEM_STATUS_CHECK", "user": "root", "data": {}}
{"timestamp": "2026-01-03T17:45:14.608311", "event_type": "SYSTEM_STATUS_CHECK", "user": "root", "data": {}}
{"timestamp": "2026-01-03T17:45:44.609095", "event_type": "SYSTEM_STATUS_CHECK", "user": "root", "data": {}}
{"timestamp": "2026-01-03T17:46:14.604522", "event_type": "SYSTEM_STATUS_CHECK", "user": "root", "data": {}}
{"timestamp": "2026-01-03T17:46:44.609370", "event_type": "SYSTEM_STATUS_CHECK", "user": "root", "data": {}}
{"timestamp": "2026-01-03T17:47:14.610189", "event_type": "SYSTEM_STATUS_CHECK", "user": "root", "data": {}}
{"timestamp": "2026-01-03T17:47:44.609787", "event_type": "SYSTEM_STATUS_CHECK", "user": "root", "data": {}}
{"timestamp": "2026-01-03T17:48:14.606021", "event_type": "SYSTEM_STATUS_CHECK", "user": "root", "data": {}}
{"timestamp": "2026-01-03T17:48:44.611121", "event_type": "SYSTEM_STATUS_CHECK", "user": "root", "data": {}}
{"timestamp": "2026-01-03T17:49:14.606673", "event_type": "SYSTEM_STATUS_CHECK", "user": "root", "data": {}}
{"timestamp": "2026-01-03T17:49:44.610685", "event_type": "SYSTEM_STATUS_CHECK", "user": "root", "data": {}}
{"timestamp": "2026-01-03T17:50:14.606756", "event_type": "SYSTEM_STATUS_CHECK", "user": "root", "data": {}}
{"timestamp": "2026-01-03T17:50:44.611704", "event_type": "SYSTEM_STATUS_CHECK", "user": "root", "data": {}}
{"timestamp": "2026-01-03T17:51:14.612390", "event_type": "SYSTEM_STATUS_CHECK", "user": "root", "data": {}}
{"timestamp": "2026-01-03T17:51:44.611744", "event_type": "SYSTEM_STATUS_CHECK", "user": "root", "data": {}}
{"timestamp": "2026-01-03T17:52:14.608220", "event_type": "SYSTEM_STATUS_CHECK", "user": "root", "data": {}}
{"timestamp": "2026-01-03T17:52:45.389958", "event_type": "SYSTEM_STATUS_CHECK", "user": "root", "data": {}}
{"timestamp": "2026-01-03T17:53:15.389375", "event_type": "SYSTEM_STATUS_CHECK", "user": "root", "data": {}}
{"timestamp": "2026-01-03T17:53:45.390517", "event_type": "SYSTEM_STATUS_CHECK", "user": "root", "data": {}}
{"timestamp": "2026-01-03T17:54:15.385936", "event_type": "SYSTEM_STATUS_CHECK", "user": "root", "data": {}}
{"timestamp": "2026-01-03T17:54:45.390785", "event_type": "SYSTEM_STATUS_CHECK", "user": "root", "data": {}}
{"timestamp": "2026-01-03T17:55:15.391068", "event_type": "SYSTEM_STATUS_CHECK", "user": "root", "data": {}}
{"timestamp": "2026-01-03T17:55:45.391869", "event_type": "SYSTEM_STATUS_CHECK", "user": "root", "data": {}}
{"timestamp": "2026-01-03T17:56:15.386798", "event_type": "SYSTEM_STATUS_CHECK", "user": "root", "data": {}}
{"timestamp": "2026-01-03T17:56:45.391678", "event_type": "SYSTEM_STATUS_CHECK", "user": "root", "data": {}}
{"timestamp": "2026-01-03T17:57:15.392581", "event_type": "SYSTEM_STATUS_CHECK", "user": "root", "data": {}}
{"timestamp": "2026-01-03T17:57:45.392627", "event_type": "SYSTEM_STATUS_CHECK", "user": "root", "data": {}}
{"timestamp": "2026-01-03T17:58:15.388248", "event_type": "SYSTEM_STATUS_CHECK", "user": "root", "data": {}}
{"timestamp": "2026-01-03T17:58:45.392744", "event_type": "SYSTEM_STATUS_CHECK", "user": "root", "data": {}}
{"timestamp": "2026-01-03T17:59:15.394073", "event_type": "SYSTEM_STATUS_CHECK", "user": "root", "data": {}}
{"timestamp": "2026-01-03T17:59:45.395340", "event_type": "SYSTEM_STATUS_CHECK", "user": "root", "data": {}}
{"timestamp": "2026-01-03T18:00:15.394032", "event_type": "SYSTEM_STATUS_CHECK", "user": "root", "data": {}}
{"timestamp": "2026-01-03T18:00:45.396719", "event_type": "SYSTEM_STATUS_CHECK", "user": "root", "data": {}}
{"timestamp": "2026-01-03T18:01:15.394841", "event_type": "SYSTEM_STATUS_CHECK", "user": "root", "data": {}}
{"timestamp": "2026-01-03T18:01:45.395825", "event_type": "SYSTEM_STATUS_CHECK", "user": "root", "data": {}}
{"timestamp": "2026-01-03T18:02:15.396121", "event_type": "SYSTEM_STATUS_CHECK", "user": "root", "data": {}}
{"timestamp": "2026-01-03T18:02:45.391107", "event_type": "SYSTEM_STATUS_CHECK", "user": "root", "data": {}}
{"timestamp": "2026-01-03T18:03:15.395603", "event_type": "SYSTEM_STATUS_CHECK", "user": "root", "data": {}}
{"timestamp": "2026-01-03T18:03:45.396150", "event_type": "SYSTEM_STATUS_CHECK", "user": "root", "data": {}}
{"timestamp": "2026-01-03T18:04:15.396609", "event_type": "SYSTEM_STATUS_CHECK", "user": "root", "data": {}}
{"timestamp": "2026-01-03T18:04:45.392273", "event_type": "SYSTEM_STATUS_CHECK", "user": "root", "data": {}}
{"timestamp": "2026-01-03T18:05:16.184981", "event_type": "SYSTEM_STATUS_CHECK", "user": "root", "data": {}}
{"timestamp": "2026-01-03T18:05:46.186198", "event_type": "SYSTEM_STATUS_CHECK", "user": "root", "data": {}}
{"timestamp": "2026-01-03T18:06:16.186553", "event_type": "SYSTEM_STATUS_CHECK", "user": "root", "data": {}}
{"timestamp": "2026-01-03T18:06:46.181645", "event_type": "SYSTEM_STATUS_CHECK", "user": "root", "data": {}}
{"timestamp": "2026-01-03T18:07:16.186570", "event_type": "SYSTEM_STATUS_CHECK", "user": "root", "data": {}}
{"timestamp": "2026-01-03T18:07:46.186800", "event_type": "SYSTEM_STATUS_CHECK", "user": "root", "data": {}}
{"timestamp": "2026-01-03T18:08:16.187312", "event_type": "SYSTEM_STATUS_CHECK", "user": "root", "data": {}}
{"timestamp": "2026-01-03T18:08:46.182970", "event_type": "SYSTEM_STATUS_CHECK", "user": "root", "data": {}}
{"timestamp": "2026-01-03T18:09:16.184015", "event_type": "SYSTEM_STATUS_CHECK", "user": "root", "data": {}}
{"timestamp": "2026-01-03T18:09:46.188219", "event_type": "SYSTEM_STATUS_CHECK", "user": "root", "data": {}}
{"timestamp": "2026-01-03T18:10:16.187930", "event_type": "SYSTEM_STATUS_CHECK", "user": "root", "data": {}}
{"timestamp": "2026-01-03T18:10:46.183671", "event_type": "SYSTEM_STATUS_CHECK", "user": "root", "data": {}}
{"timestamp": "2026-01-03T18:11:16.186294", "event_type": "SYSTEM_STATUS_CHECK", "user": "root", "data": {}}
{"timestamp": "2026-01-03T18:11:46.189253", "event_type": "SYSTEM_STATUS_CHECK", "user": "root", "data": {}}
{"timestamp": "2026-01-03T18:12:16.189827", "event_type": "SYSTEM_STATUS_CHECK", "user": "root", "data": {}}
{"timestamp": "2026-01-03T18:12:46.185125", "event_type": "SYSTEM_STATUS_CHECK", "user": "root", "data": {}}
{"timestamp": "2026-01-03T18:13:16.186718", "event_type": "SYSTEM_STATUS_CHECK", "user": "root", "data": {}}
{"timestamp": "2026-01-03T18:13:46.189856", "event_type": "SYSTEM_STATUS_CHECK", "user": "root", "data": {}}
{"timestamp": "2026-01-03T18:14:16.190338", "event_type": "SYSTEM_STATUS_CHECK", "user": "root", "data": {}}
{"timestamp": "2026-01-03T18:14:46.191661", "event_type": "SYSTEM_STATUS_CHECK", "user": "root", "data": {}}
{"timestamp": "2026-01-03T18:15:16.190763", "event_type": "SYSTEM_STATUS_CHECK", "user": "root", "data": {}}
{"timestamp": "2026-01-03T18:15:46.186692", "event_type": "SYSTEM_STATUS_CHECK", "user": "root", "data": {}}
{"timestamp": "2026-01-03T18:16:16.191616", "event_type": "SYSTEM_STATUS_CHECK", "user": "root", "data": {}}
{"timestamp": "2026-01-03T18:16:46.187126", "event_type": "SYSTEM_STATUS_CHECK", "user": "root", "data": {}}
{"timestamp": "2026-01-03T18:17:16.192586", "event_type": "SYSTEM_STATUS_CHECK", "user": "root", "data": {}}
{"timestamp": "2026-01-03T18:17:46.973457", "event_type": "SYSTEM_STATUS_CHECK", "user": "root", "data": {}}
{"timestamp": "2026-01-03T18:18:16.975255", "event_type": "SYSTEM_STATUS_CHECK", "user": "root", "data": {}}
{"timestamp": "2026-01-03T18:18:46.970597", "event_type": "SYSTEM_STATUS_CHECK", "user": "root", "data": {}}
{"timestamp": "2026-01-03T18:19:16.975139", "event_type": "SYSTEM_STATUS_CHECK", "user": "root", "data": {}}
{"timestamp": "2026-01-03T18:19:46.975378", "event_type": "SYSTEM_STATUS_CHECK", "user": "root", "data": {}}
{"timestamp": "2026-01-03T18:20:16.975265", "event_type": "SYSTEM_STATUS_CHECK", "user": "root", "data": {}}
{"timestamp": "2026-01-03T18:20:46.972650", "event_type": "SYSTEM_STATUS_CHECK", "user": "root", "data": {}}
{"timestamp": "2026-01-03T18:21:16.976751", "event_type": "SYSTEM_STATUS_CHECK", "user": "root", "data": {}}
{"timestamp": "2026-01-03T18:21:46.976634", "event_type": "SYSTEM_STATUS_CHECK", "user": "root", "data": {}}
{"timestamp": "2026-01-03T18:22:16.976754", "event_type": "SYSTEM_STATUS_CHECK", "user": "root", "data": {}}
{"timestamp": "2026-01-03T18:22:46.978607", "event_type": "SYSTEM_STATUS_CHECK", "user": "root", "data": {}}
{"timestamp": "2026-01-03T18:23:16.977483", "event_type": "SYSTEM_STATUS_CHECK", "user": "root", "data": {}}
{"timestamp": "2026-01-03T18:23:46.977599", "event_type": "SYSTEM_STATUS_CHECK", "user": "root", "data": {}}
{"timestamp": "2026-01-03T18:24:16.978530", "event_type": "SYSTEM_STATUS_CHECK", "user": "root", "data": {}}
{"timestamp": "2026-01-03T18:24:46.978722", "event_type": "SYSTEM_STATUS_CHECK", "user": "root", "data": {}}
{"timestamp": "2026-01-03T18:25:16.977921", "event_type": "SYSTEM_STATUS_CHECK", "user": "root", "data": {}}
{"timestamp": "2026-01-03T18:25:46.979207", "event_type": "SYSTEM_STATUS_CHECK", "user": "root", "data": {}}
{"timestamp": "2026-01-03T18:26:16.978990", "event_type": "SYSTEM_STATUS_CHECK", "user": "root", "data": {}}
{"timestamp": "2026-01-03T18:26:46.976781", "event_type": "SYSTEM_STATUS_CHECK", "user": "root", "data": {}}
{"timestamp": "2026-01-03T18:27:16.979904", "event_type": "SYSTEM_STATUS_CHECK", "user": "root", "data": {}}
{"timestamp": "2026-01-03T18:27:46.977180", "event_type": "SYSTEM_STATUS_CHECK", "user": "root", "data": {}}
{"timestamp": "2026-01-03T18:28:16.980174", "event_type": "SYSTEM_STATUS_CHECK", "user": "root", "data": {}}
{"timestamp": "2026-01-03T18:28:46.976283", "event_type": "SYSTEM_STATUS_CHECK", "user": "root", "data": {}}
{"timestamp": "2026-01-03T18:29:16.981712", "event_type": "SYSTEM_STATUS_CHECK", "user": "root", "data": {}}
{"timestamp": "2026-01-03T18:29:46.981120", "event_type": "SYSTEM_STATUS_CHECK", "user": "root", "data": {}}
{"timestamp": "2026-01-03T18:30:17.745038", "event_type": "SYSTEM_STATUS_CHECK", "user": "root", "data": {}}
{"timestamp": "2026-01-03T18:30:47.745721", "event_type": "SYSTEM_STATUS_CHECK", "user": "root", "data": {}}
{"timestamp": "2026-01-03T18:31:17.740090", "event_type": "SYSTEM_STATUS_CHECK", "user": "root", "data": {}}
{"timestamp": "2026-01-03T18:31:47.740849", "event_type": "SYSTEM_STATUS_CHECK", "user": "root", "data": {}}
{"timestamp": "2026-01-03T18:32:17.745440", "event_type": "SYSTEM_STATUS_CHECK", "user": "root", "data": {}}
{"timestamp": "2026-01-03T18:32:47.746988", "event_type": "SYSTEM_STATUS_CHECK", "user": "root", "data": {}}
{"timestamp": "2026-01-03T18:33:17.741382", "event_type": "SYSTEM_STATUS_CHECK", "user": "root", "data": {}}
{"timestamp": "2026-01-03T18:33:47.747150", "event_type": "SYSTEM_STATUS_CHECK", "user": "root", "data": {}}
{"timestamp": "2026-01-03T18:34:17.747545", "event_type": "SYSTEM_STATUS_CHECK", "user": "root", "data": {}}
{"timestamp": "2026-01-03T18:34:47.746924", "event_type": "SYSTEM_STATUS_CHECK", "user": "root", "data": {}}
{"timestamp": "2026-01-03T18:35:17.742567", "event_type": "SYSTEM_STATUS_CHECK", "user": "root", "data": {}}
{"timestamp": "2026-01-03T18:35:47.748100", "event_type": "SYSTEM_STATUS_CHECK", "user": "root", "data": {}}
{"timestamp": "2026-01-03T18:36:17.748246", "event_type": "SYSTEM_STATUS_CHECK", "user": "root", "data": {}}
{"timestamp": "2026-01-03T18:36:47.748753", "event_type": "SYSTEM_STATUS_CHECK", "user": "root", "data": {}}
{"timestamp": "2026-01-03T18:37:17.743894", "event_type": "SYSTEM_STATUS_CHECK", "user": "root", "data": {}}
{"timestamp": "2026-01-03T18:37:47.749055", "event_type": "SYSTEM_STATUS_CHECK", "user": "root", "data": {}}
{"timestamp": "2026-01-03T18:38:17.749398", "event_type": "SYSTEM_STATUS_CHECK", "user": "root", "data": {}}
{"timestamp": "2026-01-03T18:38:47.749800", "event_type": "SYSTEM_STATUS_CHECK", "user": "root", "data": {}}
{"timestamp": "2026-01-03T18:39:17.745480", "event_type": "SYSTEM_STATUS_CHECK", "user": "root", "data": {}}
{"timestamp": "2026-01-03T18:39:47.750494", "event_type": "SYSTEM_STATUS_CHECK", "user": "root", "data": {}}
{"timestamp": "2026-01-03T18:40:17.750057", "event_type": "SYSTEM_STATUS_CHECK", "user": "root", "data": {}}
{"timestamp": "2026-01-03T18:40:47.765926", "event_type": "SYSTEM_STATUS_CHECK", "user": "root", "data": {}}
{"timestamp": "2026-01-03T18:41:17.746471", "event_type": "SYSTEM_STATUS_CHECK", "user": "root", "data": {}}
{"timestamp": "2026-01-03T18:41:47.746854", "event_type": "SYSTEM_STATUS_CHECK", "user": "root", "data": {}}
{"timestamp": "2026-01-03T18:42:17.752646", "event_type": "SYSTEM_STATUS_CHECK", "user": "root", "data": {}}
{"timestamp": "2026-01-03T18:42:48.522372", "event_type": "SYSTEM_STATUS_CHECK", "user": "root", "data": {}}
{"timestamp": "2026-01-03T18:43:18.517937", "event_type": "SYSTEM_STATUS_CHECK", "user": "root", "data": {}}
{"timestamp": "2026-01-03T18:43:48.522783", "event_type": "SYSTEM_STATUS_CHECK", "user": "root", "data": {}}
{"timestamp": "2026-01-03T18:44:18.523333", "event_type": "SYSTEM_STATUS_CHECK", "user": "root", "data": {}}
{"timestamp": "2026-01-03T18:44:48.519071", "event_type": "SYSTEM_STATUS_CHECK", "user": "root", "data": {}}
{"timestamp": "2026-01-03T18:45:18.519065", "event_type": "SYSTEM_STATUS_CHECK", "user": "root", "data": {}}
{"timestamp": "2026-01-03T18:45:48.524008", "event_type": "SYSTEM_STATUS_CHECK", "user": "root", "data": {}}
{"timestamp": "2026-01-03T18:46:18.523863", "event_type": "SYSTEM_STATUS_CHECK", "user": "root", "data": {}}
{"timestamp": "2026-01-03T18:46:48.525405", "event_type": "SYSTEM_STATUS_CHECK", "user": "root", "data": {}}
{"timestamp": "2026-01-03T18:47:18.520182", "event_type": "SYSTEM_STATUS_CHECK", "user": "root", "data": {}}
{"timestamp": "2026-01-03T18:47:48.524968", "event_type": "SYSTEM_STATUS_CHECK", "user": "root", "data": {}}
{"timestamp": "2026-01-03T18:48:18.525657", "event_type": "SYSTEM_STATUS_CHECK", "user": "root", "data": {}}
{"timestamp": "2026-01-03T18:48:48.525761", "event_type": "SYSTEM_STATUS_CHECK", "user": "root", "data": {}}
{"timestamp": "2026-01-03T18:49:18.521378", "event_type": "SYSTEM_STATUS_CHECK", "user": "root", "data": {}}
{"timestamp": "2026-01-03T18:49:48.526642", "event_type": "SYSTEM_STATUS_CHECK", "user": "root", "data": {}}
{"timestamp": "2026-01-03T18:50:18.526322", "event_type": "SYSTEM_STATUS_CHECK", "user": "root", "data": {}}
{"timestamp": "2026-01-03T18:50:48.527400", "event_type": "SYSTEM_STATUS_CHECK", "user": "root", "data": {}}
{"timestamp": "2026-01-03T18:51:18.522741", "event_type": "SYSTEM_STATUS_CHECK", "user": "root", "data": {}}
{"timestamp": "2026-01-03T18:51:48.526542", "event_type": "SYSTEM_STATUS_CHECK", "user": "root", "data": {}}
{"timestamp": "2026-01-03T18:52:18.527651", "event_type": "SYSTEM_STATUS_CHECK", "user": "root", "data": {}}
{"timestamp": "2026-01-03T18:52:48.528511", "event_type": "SYSTEM_STATUS_CHECK", "user": "root", "data": {}}
{"timestamp": "2026-01-03T18:53:18.523889", "event_type": "SYSTEM_STATUS_CHECK", "user": "root", "data": {}}
{"timestamp": "2026-01-03T18:53:48.528715", "event_type": "SYSTEM_STATUS_CHECK", "user": "root", "data": {}}
{"timestamp": "2026-01-03T18:54:18.529980", "event_type": "SYSTEM_STATUS_CHECK", "user": "root", "data": {}}
{"timestamp": "2026-01-03T18:54:48.530145", "event_type": "SYSTEM_STATUS_CHECK", "user": "root", "data": {}}
{"timestamp": "2026-01-03T18:55:19.316648", "event_type": "SYSTEM_STATUS_CHECK", "user": "root", "data": {}}
{"timestamp": "2026-01-03T18:55:49.317571", "event_type": "SYSTEM_STATUS_CHECK", "user": "root", "data": {}}
{"timestamp": "2026-01-03T18:56:19.322238", "event_type": "SYSTEM_STATUS_CHECK", "user": "root", "data": {}}
{"timestamp": "2026-01-03T18:56:49.322065", "event_type": "SYSTEM_STATUS_CHECK", "user": "root", "data": {}}
{"timestamp": "2026-01-03T18:57:19.317913", "event_type": "SYSTEM_STATUS_CHECK", "user": "root", "data": {}}
{"timestamp": "2026-01-03T18:57:49.320617", "event_type": "SYSTEM_STATUS_CHECK", "user": "root", "data": {}}
{"timestamp": "2026-01-03T18:58:19.322940", "event_type": "SYSTEM_STATUS_CHECK", "user": "root", "data": {}}
{"timestamp": "2026-01-03T18:58:49.323077", "event_type": "SYSTEM_STATUS_CHECK", "user": "root", "data": {}}
{"timestamp": "2026-01-03T18:59:19.318830", "event_type": "SYSTEM_STATUS_CHECK", "user": "root", "data": {}}
{"timestamp": "2026-01-03T18:59:49.319819", "event_type": "SYSTEM_STATUS_CHECK", "user": "root", "data": {}}
{"timestamp": "2026-01-03T19:00:19.324035", "event_type": "SYSTEM_STATUS_CHECK", "user": "root", "data": {}}
{"timestamp": "2026-01-03T19:00:49.324543", "event_type": "SYSTEM_STATUS_CHECK", "user": "root", "data": {}}
{"timestamp": "2026-01-03T19:01:19.324611", "event_type": "SYSTEM_STATUS_CHECK", "user": "root", "data": {}}
{"timestamp": "2026-01-03T19:01:49.320210", "event_type": "SYSTEM_STATUS_CHECK", "user": "root", "data": {}}
{"timestamp": "2026-01-03T19:02:19.325328", "event_type": "SYSTEM_STATUS_CHECK", "user": "root", "data": {}}
{"timestamp": "2026-01-03T19:02:49.325011", "event_type": "SYSTEM_STATUS_CHECK", "user": "root", "data": {}}
{"timestamp": "2026-01-03T19:03:19.326242", "event_type": "SYSTEM_STATUS_CHECK", "user": "root", "data": {}}
{"timestamp": "2026-01-03T19:03:49.321841", "event_type": "SYSTEM_STATUS_CHECK", "user": "root", "data": {}}
{"timestamp": "2026-01-03T19:04:19.325714", "event_type": "SYSTEM_STATUS_CHECK", "user": "root", "data": {}}
{"timestamp": "2026-01-03T19:04:49.325619", "event_type": "SYSTEM_STATUS_CHECK", "user": "root", "data": {}}
{"timestamp": "2026-01-03T19:05:19.326676", "event_type": "SYSTEM_STATUS_CHECK", "user": "root", "data": {}}
{"timestamp": "2026-01-03T19:05:49.322425", "event_type": "SYSTEM_STATUS_CHECK", "user": "root", "data": {}}
{"timestamp": "2026-01-03T19:06:19.327755", "event_type": "SYSTEM_STATUS_CHECK", "user": "root", "data": {}}
{"timestamp": "2026-01-03T19:06:49.327319", "event_type": "SYSTEM_STATUS_CHECK", "user": "root", "data": {}}
{"timestamp": "2026-01-03T19:07:19.327371", "event_type": "SYSTEM_STATUS_CHECK", "user": "root", "data": {}}
{"timestamp": "2026-01-03T19:07:50.106480", "event_type": "SYSTEM_STATUS_CHECK", "user": "root", "data": {}}
{"timestamp": "2026-01-03T19:08:20.106364", "event_type": "SYSTEM_STATUS_CHECK", "user": "root", "data": {}}
{"timestamp": "2026-01-03T19:08:50.111588", "event_type": "SYSTEM_STATUS_CHECK", "user": "root", "data": {}}
{"timestamp": "2026-01-03T19:09:20.112681", "event_type": "SYSTEM_STATUS_CHECK", "user": "root", "data": {}}
{"timestamp": "2026-01-03T19:09:50.107755", "event_type": "SYSTEM_STATUS_CHECK", "user": "root", "data": {}}
{"timestamp": "2026-01-03T19:10:20.108111", "event_type": "SYSTEM_STATUS_CHECK", "user": "root", "data": {}}
{"timestamp": "2026-01-03T19:10:50.107815", "event_type": "SYSTEM_STATUS_CHECK", "user": "root", "data": {}}
{"timestamp": "2026-01-03T19:11:20.107838", "event_type": "SYSTEM_STATUS_CHECK", "user": "root", "data": {}}
{"timestamp": "2026-01-03T19:11:50.108618", "event_type": "SYSTEM_STATUS_CHECK", "user": "root", "data": {}}
{"timestamp": "2026-01-03T19:12:20.108196", "event_type": "SYSTEM_STATUS_CHECK", "user": "root", "data": {}}
{"timestamp": "2026-01-03T19:12:50.108639", "event_type": "SYSTEM_STATUS_CHECK", "user": "root", "data": {}}
{"timestamp": "2026-01-03T19:13:20.113140", "event_type": "SYSTEM_STATUS_CHECK", "user": "root", "data": {}}
{"timestamp": "2026-01-03T19:13:50.109348", "event_type": "SYSTEM_STATUS_CHECK", "user": "root", "data": {}}
{"timestamp": "2026-01-03T19:14:20.109125", "event_type": "SYSTEM_STATUS_CHECK", "user": "root", "data": {}}
{"timestamp": "2026-01-03T19:14:50.109149", "event_type": "SYSTEM_STATUS_CHECK", "user": "root", "data": {}}
{"timestamp": "2026-01-03T19:15:20.109744", "event_type": "SYSTEM_STATUS_CHECK", "user": "root", "data": {}}
{"timestamp": "2026-01-03T19:15:50.109623", "event_type": "SYSTEM_STATUS_CHECK", "user": "root", "data": {}}
{"timestamp": "2026-01-03T19:16:20.109469", "event_type": "SYSTEM_STATUS_CHECK", "user": "root", "data": {}}
{"timestamp": "2026-01-03T19:16:50.110493", "event_type": "SYSTEM_STATUS_CHECK", "user": "root", "data": {}}
{"timestamp": "2026-01-03T19:17:20.110299", "event_type": "SYSTEM_STATUS_CHECK", "user": "root", "data": {}}
{"timestamp": "2026-01-03T19:17:50.110496", "event_type": "SYSTEM_STATUS_CHECK", "user": "root", "data": {}}
{"timestamp": "2026-01-03T19:18:20.110752", "event_type": "SYSTEM_STATUS_CHECK", "user": "root", "data": {}}
{"timestamp": "2026-01-03T19:18:50.110791", "event_type": "SYSTEM_STATUS_CHECK", "user": "root", "data": {}}
{"timestamp": "2026-01-03T19:19:20.110824", "event_type": "SYSTEM_STATUS_CHECK", "user": "root", "data": {}}
{"timestamp": "2026-01-03T19:19:50.110993", "event_type": "SYSTEM_STATUS_CHECK", "user": "root", "data": {}}
{"timestamp": "2026-01-03T19:20:20.879056", "event_type": "SYSTEM_STATUS_CHECK", "user": "root", "data": {}}
{"timestamp": "2026-01-03T19:20:50.879200", "event_type": "SYSTEM_STATUS_CHECK", "user": "root", "data": {}}
{"timestamp": "2026-01-03T19:21:20.879149", "event_type": "SYSTEM_STATUS_CHECK", "user": "root", "data": {}}
{"timestamp": "2026-01-03T19:21:50.877248", "event_type": "SYSTEM_STATUS_CHECK", "user": "root", "data": {}}
{"timestamp": "2026-01-03T19:22:20.879372", "event_type": "SYSTEM_STATUS_CHECK", "user": "root", "data": {}}
{"timestamp": "2026-01-03T19:22:50.881478", "event_type": "SYSTEM_STATUS_CHECK", "user": "root", "data": {}}
{"timestamp": "2026-01-03T19:23:20.880653", "event_type": "SYSTEM_STATUS_CHECK", "user": "root", "data": {}}
{"timestamp": "2026-01-03T19:23:50.876610", "event_type": "SYSTEM_STATUS_CHECK", "user": "root", "data": {}}
{"timestamp": "2026-01-03T19:24:20.881362", "event_type": "SYSTEM_STATUS_CHECK", "user": "root", "data": {}}
{"timestamp": "2026-01-03T19:24:50.880816", "event_type": "SYSTEM_STATUS_CHECK", "user": "root", "data": {}}
{"timestamp": "2026-01-03T19:25:20.881580", "event_type": "SYSTEM_STATUS_CHECK", "user": "root", "data": {}}
{"timestamp": "2026-01-03T19:25:50.877494", "event_type": "SYSTEM_STATUS_CHECK", "user": "root", "data": {}}
{"timestamp": "2026-01-03T19:26:20.882494", "event_type": "SYSTEM_STATUS_CHECK", "user": "root", "data": {}}
{"timestamp": "2026-01-03T19:26:50.882916", "event_type": "SYSTEM_STATUS_CHECK", "user": "root", "data": {}}
{"timestamp": "2026-01-03T19:27:20.882527", "event_type": "SYSTEM_STATUS_CHECK", "user": "root", "data": {}}
{"timestamp": "2026-01-03T19:27:50.883986", "event_type": "SYSTEM_STATUS_CHECK", "user": "root", "data": {}}
{"timestamp": "2026-01-03T19:28:20.883138", "event_type": "SYSTEM_STATUS_CHECK", "user": "root", "data": {}}
{"timestamp": "2026-01-03T19:28:50.883735", "event_type": "SYSTEM_STATUS_CHECK", "user": "root", "data": {}}
{"timestamp": "2026-01-03T19:29:20.881023", "event_type": "SYSTEM_STATUS_CHECK", "user": "root", "data": {}}
{"timestamp": "2026-01-03T19:29:50.884481", "event_type": "SYSTEM_STATUS_CHECK", "user": "root", "data": {}}
{"timestamp": "2026-01-03T19:30:20.884880", "event_type": "SYSTEM_STATUS_CHECK", "user": "root", "data": {}}
{"timestamp": "2026-01-03T19:30:50.885257", "event_type": "SYSTEM_STATUS_CHECK", "user": "root", "data": {}}
{"timestamp": "2026-01-03T19:31:20.885773", "event_type": "SYSTEM_STATUS_CHECK", "user": "root", "data": {}}
{"timestamp": "2026-01-03T19:31:50.881899", "event_type": "SYSTEM_STATUS_CHECK", "user": "root", "data": {}}
{"timestamp": "2026-01-03T19:32:20.886505", "event_type": "SYSTEM_STATUS_CHECK", "user": "root", "data": {}}
{"timestamp": "2026-01-03T19:32:51.665736", "event_type": "SYSTEM_STATUS_CHECK", "user": "root", "data": {}}
{"timestamp": "2026-01-03T19:33:21.669105", "event_type": "SYSTEM_STATUS_CHECK", "user": "root", "data": {}}
{"timestamp": "2026-01-03T19:33:51.670177", "event_type": "SYSTEM_STATUS_CHECK", "user": "root", "data": {}}
{"timestamp": "2026-01-03T19:34:21.665643", "event_type": "SYSTEM_STATUS_CHECK", "user": "root", "data": {}}
{"timestamp": "2026-01-03T19:34:51.668726", "event_type": "SYSTEM_STATUS_CHECK", "user": "root", "data": {}}
{"timestamp": "2026-01-03T19:35:21.670542", "event_type": "SYSTEM_STATUS_CHECK", "user": "root", "data": {}}
{"timestamp": "2026-01-03T19:35:51.668103", "event_type": "SYSTEM_STATUS_CHECK", "user": "root", "data": {}}
{"timestamp": "2026-01-03T19:36:21.666925", "event_type": "SYSTEM_STATUS_CHECK", "user": "root", "data": {}}
{"timestamp": "2026-01-03T19:36:51.671541", "event_type": "SYSTEM_STATUS_CHECK", "user": "root", "data": {}}
{"timestamp": "2026-01-03T19:37:21.672584", "event_type": "SYSTEM_STATUS_CHECK", "user": "root", "data": {}}
{"timestamp": "2026-01-03T19:37:51.672853", "event_type": "SYSTEM_STATUS_CHECK", "user": "root", "data": {}}
{"timestamp": "2026-01-03T19:38:21.672967", "event_type": "SYSTEM_STATUS_CHECK", "user": "root", "data": {}}
{"timestamp": "2026-01-03T19:38:51.669386", "event_type": "SYSTEM_STATUS_CHECK", "user": "root", "data": {}}
{"timestamp": "2026-01-03T19:39:21.673387", "event_type": "SYSTEM_STATUS_CHECK", "user": "root", "data": {}}
{"timestamp": "2026-01-03T19:39:51.668841", "event_type": "SYSTEM_STATUS_CHECK", "user": "root", "data": {}}
{"timestamp": "2026-01-03T19:40:21.673019", "event_type": "SYSTEM_STATUS_CHECK", "user": "root", "data": {}}
{"timestamp": "2026-01-03T19:40:51.669997", "event_type": "SYSTEM_STATUS_CHECK", "user": "root", "data": {}}
{"timestamp": "2026-01-03T19:41:21.670520", "event_type": "SYSTEM_STATUS_CHECK", "user": "root", "data": {}}
{"timestamp": "2026-01-03T19:41:51.670155", "event_type": "SYSTEM_STATUS_CHECK", "user": "root", "data": {}}
{"timestamp": "2026-01-03T19:42:21.670399", "event_type": "SYSTEM_STATUS_CHECK", "user": "root", "data": {}}
{"timestamp": "2026-01-03T19:42:51.675581", "event_type": "SYSTEM_STATUS_CHECK", "user": "root", "data": {}}
{"timestamp": "2026-01-03T19:43:21.675177", "event_type": "SYSTEM_STATUS_CHECK", "user": "root", "data": {}}
{"timestamp": "2026-01-03T19:43:51.670853", "event_type": "SYSTEM_STATUS_CHECK", "user": "root", "data": {}}
{"timestamp": "2026-01-03T19:44:21.675785", "event_type": "SYSTEM_STATUS_CHECK", "user": "root", "data": {}}
{"timestamp": "2026-01-03T19:44:51.675194", "event_type": "SYSTEM_STATUS_CHECK", "user": "root", "data": {}}
{"timestamp": "2026-01-03T19:45:22.456038", "event_type": "SYSTEM_STATUS_CHECK", "user": "root", "data": {}}
{"timestamp": "2026-01-03T19:45:52.456934", "event_type": "SYSTEM_STATUS_CHECK", "user": "root", "data": {}}
{"timestamp": "2026-01-03T19:46:22.451975", "event_type": "SYSTEM_STATUS_CHECK", "user": "root", "data": {}}
{"timestamp": "2026-01-03T19:46:52.457999", "event_type": "SYSTEM_STATUS_CHECK", "user": "root", "data": {}}
{"timestamp": "2026-01-03T19:47:22.457672", "event_type": "SYSTEM_STATUS_CHECK", "user": "root", "data": {}}
{"timestamp": "2026-01-03T19:47:52.457982", "event_type": "SYSTEM_STATUS_CHECK", "user": "root", "data": {}}
{"timestamp": "2026-01-03T19:48:22.458889", "event_type": "SYSTEM_STATUS_CHECK", "user": "root", "data": {}}
{"timestamp": "2026-01-03T19:48:52.455859", "event_type": "SYSTEM_STATUS_CHECK", "user": "root", "data": {}}
{"timestamp": "2026-01-03T19:49:22.455968", "event_type": "SYSTEM_STATUS_CHECK", "user": "root", "data": {}}
{"timestamp": "2026-01-03T19:49:52.455102", "event_type": "SYSTEM_STATUS_CHECK", "user": "root", "data": {}}
{"timestamp": "2026-01-03T19:50:22.458535", "event_type": "SYSTEM_STATUS_CHECK", "user": "root", "data": {}}
{"timestamp": "2026-01-03T19:50:52.460185", "event_type": "SYSTEM_STATUS_CHECK", "user": "root", "data": {}}
{"timestamp": "2026-01-03T19:51:22.459645", "event_type": "SYSTEM_STATUS_CHECK", "user": "root", "data": {}}
{"timestamp": "2026-01-03T19:51:52.455745", "event_type": "SYSTEM_STATUS_CHECK", "user": "root", "data": {}}
{"timestamp": "2026-01-03T19:52:22.457744", "event_type": "SYSTEM_STATUS_CHECK", "user": "root", "data": {}}
{"timestamp": "2026-01-03T19:52:52.461661", "event_type": "SYSTEM_STATUS_CHECK", "user": "root", "data": {}}
{"timestamp": "2026-01-03T19:53:22.461231", "event_type": "SYSTEM_STATUS_CHECK", "user": "root", "data": {}}
{"timestamp": "2026-01-03T19:53:52.456687", "event_type": "SYSTEM_STATUS_CHECK", "user": "root", "data": {}}
{"timestamp": "2026-01-03T19:54:22.461849", "event_type": "SYSTEM_STATUS_CHECK", "user": "root", "data": {}}
{"timestamp": "2026-01-03T19:54:52.461801", "event_type": "SYSTEM_STATUS_CHECK", "user": "root", "data": {}}
{"timestamp": "2026-01-03T19:55:22.461300", "event_type": "SYSTEM_STATUS_CHECK", "user": "root", "data": {}}
{"timestamp": "2026-01-03T19:55:52.457518", "event_type": "SYSTEM_STATUS_CHECK", "user": "root", "data": {}}
{"timestamp": "2026-01-03T19:56:22.462386", "event_type": "SYSTEM_STATUS_CHECK", "user": "root", "data": {}}
{"timestamp": "2026-01-03T19:56:52.462766", "event_type": "SYSTEM_STATUS_CHECK", "user": "root", "data": {}}
{"timestamp": "2026-01-03T19:57:22.462774", "event_type": "SYSTEM_STATUS_CHECK", "user": "root", "data": {}}
{"timestamp": "2026-01-03T19:57:53.255342", "event_type": "SYSTEM_STATUS_CHECK", "user": "root", "data": {}}
{"timestamp": "2026-01-03T19:58:23.250557", "event_type": "SYSTEM_STATUS_CHECK", "user": "root", "data": {}}
{"timestamp": "2026-01-03T19:58:53.254923", "event_type": "SYSTEM_STATUS_CHECK", "user": "root", "data": {}}
{"timestamp": "2026-01-03T19:59:23.255761", "event_type": "SYSTEM_STATUS_CHECK", "user": "root", "data": {}}
{"timestamp": "2026-01-03T19:59:53.255967", "event_type": "SYSTEM_STATUS_CHECK", "user": "root", "data": {}}
{"timestamp": "2026-01-03T20:00:23.251646", "event_type": "SYSTEM_STATUS_CHECK", "user": "root", "data": {}}
{"timestamp": "2026-01-03T20:00:53.256302", "event_type": "SYSTEM_STATUS_CHECK", "user": "root", "data": {}}
{"timestamp": "2026-01-03T20:01:23.256570", "event_type": "SYSTEM_STATUS_CHECK", "user": "root", "data": {}}
{"timestamp": "2026-01-03T20:01:53.257581", "event_type": "SYSTEM_STATUS_CHECK", "user": "root", "data": {}}
{"timestamp": "2026-01-03T20:02:23.252991", "event_type": "SYSTEM_STATUS_CHECK", "user": "root", "data": {}}
{"timestamp": "2026-01-03T20:02:53.257863", "event_type": "SYSTEM_STATUS_CHECK", "user": "root", "data": {}}
{"timestamp": "2026-01-03T20:03:23.257663", "event_type": "SYSTEM_STATUS_CHECK", "user": "root", "data": {}}
{"timestamp": "2026-01-03T20:03:53.258233", "event_type": "SYSTEM_STATUS_CHECK", "user": "root", "data": {}}
{"timestamp": "2026-01-03T20:04:23.254166", "event_type": "SYSTEM_STATUS_CHECK", "user": "root", "data": {}}
{"timestamp": "2026-01-03T20:04:53.258557", "event_type": "SYSTEM_STATUS_CHECK", "user": "root", "data": {}}
{"timestamp": "2026-01-03T20:05:23.259227", "event_type": "SYSTEM_STATUS_CHECK", "user": "root", "data": {}}
{"timestamp": "2026-01-03T20:05:53.259266", "event_type": "SYSTEM_STATUS_CHECK", "user": "root", "data": {}}
{"timestamp": "2026-01-03T20:06:23.255102", "event_type": "SYSTEM_STATUS_CHECK", "user": "root", "data": {}}
{"timestamp": "2026-01-03T20:06:53.259516", "event_type": "SYSTEM_STATUS_CHECK", "user": "root", "data": {}}
{"timestamp": "2026-01-03T20:07:23.260870", "event_type": "SYSTEM_STATUS_CHECK", "user": "root", "data": {}}
{"timestamp": "2026-01-03T20:07:53.261137", "event_type": "SYSTEM_STATUS_CHECK", "user": "root", "data": {}}
{"timestamp": "2026-01-03T20:08:23.256330", "event_type": "SYSTEM_STATUS_CHECK", "user": "root", "data": {}}
{"timestamp": "2026-01-03T20:08:53.262276", "event_type": "SYSTEM_STATUS_CHECK", "user": "root", "data": {}}
{"timestamp": "2026-01-03T20:09:23.261820", "event_type": "SYSTEM_STATUS_CHECK", "user": "root", "data": {}}
{"timestamp": "2026-01-03T20:09:53.261693", "event_type": "SYSTEM_STATUS_CHECK", "user": "root", "data": {}}
{"timestamp": "2026-01-03T20:10:24.049014", "event_type": "SYSTEM_STATUS_CHECK", "user": "root", "data": {}}
{"timestamp": "2026-01-03T20:10:54.048716", "event_type": "SYSTEM_STATUS_CHECK", "user": "root", "data": {}}
{"timestamp": "2026-01-03T20:11:24.050091", "event_type": "SYSTEM_STATUS_CHECK", "user": "root", "data": {}}
{"timestamp": "2026-01-03T20:11:54.050964", "event_type": "SYSTEM_STATUS_CHECK", "user": "root", "data": {}}
{"timestamp": "2026-01-03T20:12:24.048399", "event_type": "SYSTEM_STATUS_CHECK", "user": "root", "data": {}}
{"timestamp": "2026-01-03T20:12:54.048582", "event_type": "SYSTEM_STATUS_CHECK", "user": "root", "data": {}}
{"timestamp": "2026-01-03T20:13:24.048477", "event_type": "SYSTEM_STATUS_CHECK", "user": "root", "data": {}}
{"timestamp": "2026-01-03T20:13:54.054305", "event_type": "SYSTEM_STATUS_CHECK", "user": "root", "data": {}}
{"timestamp": "2026-01-03T20:14:24.049702", "event_type": "SYSTEM_STATUS_CHECK", "user": "root", "data": {}}
{"timestamp": "2026-01-03T20:14:54.050386", "event_type": "SYSTEM_STATUS_CHECK", "user": "root", "data": {}}
{"timestamp": "2026-01-03T20:15:24.051127", "event_type": "SYSTEM_STATUS_CHECK", "user": "root", "data": {}}
{"timestamp": "2026-01-03T20:15:54.049618", "event_type": "SYSTEM_STATUS_CHECK", "user": "root", "data": {}}
{"timestamp": "2026-01-03T20:16:24.050218", "event_type": "SYSTEM_STATUS_CHECK", "user": "root", "data": {}}
{"timestamp": "2026-01-03T20:16:54.050812", "event_type": "SYSTEM_STATUS_CHECK", "user": "root", "data": {}}
{"timestamp": "2026-01-03T20:17:24.050912", "event_type": "SYSTEM_STATUS_CHECK", "user": "root", "data": {}}
{"timestamp": "2026-01-03T20:17:54.050991", "event_type": "SYSTEM_STATUS_CHECK", "user": "root", "data": {}}
{"timestamp": "2026-01-03T20:18:24.050743", "event_type": "SYSTEM_STATUS_CHECK", "user": "root", "data": {}}
{"timestamp": "2026-01-03T20:18:54.050926", "event_type": "SYSTEM_STATUS_CHECK", "user": "root", "data": {}}
{"timestamp": "2026-01-03T20:19:24.052363", "event_type": "SYSTEM_STATUS_CHECK", "user": "root", "data": {}}
{"timestamp": "2026-01-03T20:19:54.052168", "event_type": "SYSTEM_STATUS_CHECK", "user": "root", "data": {}}
{"timestamp": "2026-01-03T20:20:24.051704", "event_type": "SYSTEM_STATUS_CHECK", "user": "root", "data": {}}
{"timestamp": "2026-01-03T20:20:54.052353", "event_type": "SYSTEM_STATUS_CHECK", "user": "root", "data": {}}
{"timestamp": "2026-01-03T20:21:24.051647", "event_type": "SYSTEM_STATUS_CHECK", "user": "root", "data": {}}
{"timestamp": "2026-01-03T20:21:54.052350", "event_type": "SYSTEM_STATUS_CHECK", "user": "root", "data": {}}
{"timestamp": "2026-01-03T20:22:24.051992", "event_type": "SYSTEM_STATUS_CHECK", "user": "root", "data": {}}
{"timestamp": "2026-01-03T20:22:54.851165", "event_type": "SYSTEM_STATUS_CHECK", "user": "root", "data": {}}
{"timestamp": "2026-01-03T20:23:24.847941", "event_type": "SYSTEM_STATUS_CHECK", "user": "root", "data": {}}
{"timestamp": "2026-01-03T20:23:54.850771", "event_type": "SYSTEM_STATUS_CHECK", "user": "root", "data": {}}
{"timestamp": "2026-01-03T20:24:24.846804", "event_type": "SYSTEM_STATUS_CHECK", "user": "root", "data": {}}
{"timestamp": "2026-01-03T20:24:54.851429", "event_type": "SYSTEM_STATUS_CHECK", "user": "root", "data": {}}
{"timestamp": "2026-01-03T20:25:24.848381", "event_type": "SYSTEM_STATUS_CHECK", "user": "root", "data": {}}
{"timestamp": "2026-01-03T20:25:54.852401", "event_type": "SYSTEM_STATUS_CHECK", "user": "root", "data": {}}
{"timestamp": "2026-01-03T20:26:24.847858", "event_type": "SYSTEM_STATUS_CHECK", "user": "root", "data": {}}
{"timestamp": "2026-01-03T20:26:54.852627", "event_type": "SYSTEM_STATUS_CHECK", "user": "root", "data": {}}
{"timestamp": "2026-01-03T20:27:24.852746", "event_type": "SYSTEM_STATUS_CHECK", "user": "root", "data": {}}
{"timestamp": "2026-01-03T20:27:54.853728", "event_type": "SYSTEM_STATUS_CHECK", "user": "root", "data": {}}
{"timestamp": "2026-01-03T20:28:24.848897", "event_type": "SYSTEM_STATUS_CHECK", "user": "root", "data": {}}
{"timestamp": "2026-01-03T20:28:54.853666", "event_type": "SYSTEM_STATUS_CHECK", "user": "root", "data": {}}
{"timestamp": "2026-01-03T20:29:24.854064", "event_type": "SYSTEM_STATUS_CHECK", "user": "root", "data": {}}
{"timestamp": "2026-01-03T20:29:54.854623", "event_type": "SYSTEM_STATUS_CHECK", "user": "root", "data": {}}
{"timestamp": "2026-01-03T20:30:24.850252", "event_type": "SYSTEM_STATUS_CHECK", "user": "root", "data": {}}
{"timestamp": "2026-01-03T20:30:54.855916", "event_type": "SYSTEM_STATUS_CHECK", "user": "root", "data": {}}
{"timestamp": "2026-01-03T20:31:24.855303", "event_type": "SYSTEM_STATUS_CHECK", "user": "root", "data": {}}
{"timestamp": "2026-01-03T20:31:54.856255", "event_type": "SYSTEM_STATUS_CHECK", "user": "root", "data": {}}
{"timestamp": "2026-01-03T20:32:24.855806", "event_type": "SYSTEM_STATUS_CHECK", "user": "root", "data": {}}
{"timestamp": "2026-01-03T20:32:54.851996", "event_type": "SYSTEM_STATUS_CHECK", "user": "root", "data": {}}
{"timestamp": "2026-01-03T20:33:24.856671", "event_type": "SYSTEM_STATUS_CHECK", "user": "root", "data": {}}
{"timestamp": "2026-01-03T20:33:54.857062", "event_type": "SYSTEM_STATUS_CHECK", "user": "root", "data": {}}
{"timestamp": "2026-01-03T20:34:24.857299", "event_type": "SYSTEM_STATUS_CHECK", "user": "root", "data": {}}
{"timestamp": "2026-01-03T20:34:54.853452", "event_type": "SYSTEM_STATUS_CHECK", "user": "root", "data": {}}
{"timestamp": "2026-01-03T20:35:25.651807", "event_type": "SYSTEM_STATUS_CHECK", "user": "root", "data": {}}
{"timestamp": "2026-01-03T20:35:55.652814", "event_type": "SYSTEM_STATUS_CHECK", "user": "root", "data": {}}
{"timestamp": "2026-01-03T20:36:25.653149", "event_type": "SYSTEM_STATUS_CHECK", "user": "root", "data": {}}
{"timestamp": "2026-01-03T20:36:55.648931", "event_type": "SYSTEM_STATUS_CHECK", "user": "root", "data": {}}
{"timestamp": "2026-01-03T20:37:25.649158", "event_type": "SYSTEM_STATUS_CHECK", "user": "root", "data": {}}
{"timestamp": "2026-01-03T20:37:55.654483", "event_type": "SYSTEM_STATUS_CHECK", "user": "root", "data": {}}
{"timestamp": "2026-01-03T20:38:25.650661", "event_type": "SYSTEM_STATUS_CHECK", "user": "root", "data": {}}
{"timestamp": "2026-01-03T20:38:55.649850", "event_type": "SYSTEM_STATUS_CHECK", "user": "root", "data": {}}
{"timestamp": "2026-01-03T20:39:25.655111", "event_type": "SYSTEM_STATUS_CHECK", "user": "root", "data": {}}
{"timestamp": "2026-01-03T20:39:55.651927", "event_type": "SYSTEM_STATUS_CHECK", "user": "root", "data": {}}
{"timestamp": "2026-01-03T20:40:25.654864", "event_type": "SYSTEM_STATUS_CHECK", "user": "root", "data": {}}
{"timestamp": "2026-01-03T20:40:55.650803", "event_type": "SYSTEM_STATUS_CHECK", "user": "root", "data": {}}
{"timestamp": "2026-01-03T20:41:25.653549", "event_type": "SYSTEM_STATUS_CHECK", "user": "root", "data": {}}
{"timestamp": "2026-01-03T20:41:55.656508", "event_type": "SYSTEM_STATUS_CHECK", "user": "root", "data": {}}
{"timestamp": "2026-01-03T20:42:25.652187", "event_type": "SYSTEM_STATUS_CHECK", "user": "root", "data": {}}
{"timestamp": "2026-01-03T20:42:55.651898", "event_type": "SYSTEM_STATUS_CHECK", "user": "root", "data": {}}
{"timestamp": "2026-01-03T20:43:25.656184", "event_type": "SYSTEM_STATUS_CHECK", "user": "root", "data": {}}
{"timestamp": "2026-01-03T20:43:55.656525", "event_type": "SYSTEM_STATUS_CHECK", "user": "root", "data": {}}
{"timestamp": "2026-01-03T20:44:25.655518", "event_type": "SYSTEM_STATUS_CHECK", "user": "root", "data": {}}
{"timestamp": "2026-01-03T20:44:55.652990", "event_type": "SYSTEM_STATUS_CHECK", "user": "root", "data": {}}
{"timestamp": "2026-01-03T20:45:25.654173", "event_type": "SYSTEM_STATUS_CHECK", "user": "root", "data": {}}
{"timestamp": "2026-01-03T20:45:55.657953", "event_type": "SYSTEM_STATUS_CHECK", "user": "root", "data": {}}
{"timestamp": "2026-01-03T20:46:25.655878", "event_type": "SYSTEM_STATUS_CHECK", "user": "root", "data": {}}
{"timestamp": "2026-01-03T20:46:55.654110", "event_type": "SYSTEM_STATUS_CHECK", "user": "root", "data": {}}
{"timestamp": "2026-01-03T20:47:25.659099", "event_type": "SYSTEM_STATUS_CHECK", "user": "root", "data": {}}
{"timestamp": "2026-01-03T20:47:56.440243", "event_type": "SYSTEM_STATUS_CHECK", "user": "root", "data": {}}
{"timestamp": "2026-01-03T20:48:26.434950", "event_type": "SYSTEM_STATUS_CHECK", "user": "root", "data": {}}
{"timestamp": "2026-01-03T20:48:56.440742", "event_type": "SYSTEM_STATUS_CHECK", "user": "root", "data": {}}
{"timestamp": "2026-01-03T20:49:26.435331", "event_type": "SYSTEM_STATUS_CHECK", "user": "root", "data": {}}
{"timestamp": "2026-01-03T20:49:56.432920", "event_type": "SYSTEM_STATUS_CHECK", "user": "root", "data": {}}
{"timestamp": "2026-01-03T20:50:26.435125", "event_type": "SYSTEM_STATUS_CHECK", "user": "root", "data": {}}
{"timestamp": "2026-01-03T20:50:56.435188", "event_type": "SYSTEM_STATUS_CHECK", "user": "root", "data": {}}
{"timestamp": "2026-01-03T20:51:26.435196", "event_type": "SYSTEM_STATUS_CHECK", "user": "root", "data": {}}
{"timestamp": "2026-01-03T20:51:56.437067", "event_type": "SYSTEM_STATUS_CHECK", "user": "root", "data": {}}
{"timestamp": "2026-01-03T20:52:26.436214", "event_type": "SYSTEM_STATUS_CHECK", "user": "root", "data": {}}
{"timestamp": "2026-01-03T20:52:56.436528", "event_type": "SYSTEM_STATUS_CHECK", "user": "root", "data": {}}
{"timestamp": "2026-01-03T20:53:26.436564", "event_type": "SYSTEM_STATUS_CHECK", "user": "root", "data": {}}
{"timestamp": "2026-01-03T20:53:56.436982", "event_type": "SYSTEM_STATUS_CHECK", "user": "root", "data": {}}
{"timestamp": "2026-01-03T20:54:26.439114", "event_type": "SYSTEM_STATUS_CHECK", "user": "root", "data": {}}
{"timestamp": "2026-01-03T20:54:56.435961", "event_type": "SYSTEM_STATUS_CHECK", "user": "root", "data": {}}
{"timestamp": "2026-01-03T20:55:26.439299", "event_type": "SYSTEM_STATUS_CHECK", "user": "root", "data": {}}
{"timestamp": "2026-01-03T20:55:56.434164", "event_type": "SYSTEM_STATUS_CHECK", "user": "root", "data": {}}
{"timestamp": "2026-01-03T20:56:26.438275", "event_type": "SYSTEM_STATUS_CHECK", "user": "root", "data": {}}
{"timestamp": "2026-01-03T20:56:56.434711", "event_type": "SYSTEM_STATUS_CHECK", "user": "root", "data": {}}
{"timestamp": "2026-01-03T20:57:26.435829", "event_type": "SYSTEM_STATUS_CHECK", "user": "root", "data": {}}
{"timestamp": "2026-01-03T20:57:56.439389", "event_type": "SYSTEM_STATUS_CHECK", "user": "root", "data": {}}
{"timestamp": "2026-01-03T20:58:26.439471", "event_type": "SYSTEM_STATUS_CHECK", "user": "root", "data": {}}
{"timestamp": "2026-01-03T20:58:56.435489", "event_type": "SYSTEM_STATUS_CHECK", "user": "root", "data": {}}
{"timestamp": "2026-01-03T20:59:26.438160", "event_type": "SYSTEM_STATUS_CHECK", "user": "root", "data": {}}
{"timestamp": "2026-01-03T20:59:56.435991", "event_type": "SYSTEM_STATUS_CHECK", "user": "root", "data": {}}
{"timestamp": "2026-01-03T21:00:27.221921", "event_type": "SYSTEM_STATUS_CHECK", "user": "root", "data": {}}
{"timestamp": "2026-01-03T21:00:57.225727", "event_type": "SYSTEM_STATUS_CHECK", "user": "root", "data": {}}
{"timestamp": "2026-01-03T21:01:27.217710", "event_type": "SYSTEM_STATUS_CHECK", "user": "root", "data": {}}
{"timestamp": "2026-01-03T21:01:57.222781", "event_type": "SYSTEM_STATUS_CHECK", "user": "root", "data": {}}
{"timestamp": "2026-01-03T21:02:27.222334", "event_type": "SYSTEM_STATUS_CHECK", "user": "root", "data": {}}
{"timestamp": "2026-01-03T21:02:57.223295", "event_type": "SYSTEM_STATUS_CHECK", "user": "root", "data": {}}
{"timestamp": "2026-01-03T21:03:27.219351", "event_type": "SYSTEM_STATUS_CHECK", "user": "root", "data": {}}
{"timestamp": "2026-01-03T21:03:57.223750", "event_type": "SYSTEM_STATUS_CHECK", "user": "root", "data": {}}
{"timestamp": "2026-01-03T21:04:27.224211", "event_type": "SYSTEM_STATUS_CHECK", "user": "root", "data": {}}
{"timestamp": "2026-01-03T21:04:57.224880", "event_type": "SYSTEM_STATUS_CHECK", "user": "root", "data": {}}
{"timestamp": "2026-01-03T21:05:27.220166", "event_type": "SYSTEM_STATUS_CHECK", "user": "root", "data": {}}
{"timestamp": "2026-01-03T21:05:57.224922", "event_type": "SYSTEM_STATUS_CHECK", "user": "root", "data": {}}
{"timestamp": "2026-01-03T21:06:27.225369", "event_type": "SYSTEM_STATUS_CHECK", "user": "root", "data": {}}
{"timestamp": "2026-01-03T21:06:57.226194", "event_type": "SYSTEM_STATUS_CHECK", "user": "root", "data": {}}
{"timestamp": "2026-01-03T21:07:27.221377", "event_type": "SYSTEM_STATUS_CHECK", "user": "root", "data": {}}
{"timestamp": "2026-01-03T21:07:57.227154", "event_type": "SYSTEM_STATUS_CHECK", "user": "root", "data": {}}
{"timestamp": "2026-01-03T21:08:27.226639", "event_type": "SYSTEM_STATUS_CHECK", "user": "root", "data": {}}
{"timestamp": "2026-01-03T21:08:57.226749", "event_type": "SYSTEM_STATUS_CHECK", "user": "root", "data": {}}
{"timestamp": "2026-01-03T21:09:27.222982", "event_type": "SYSTEM_STATUS_CHECK", "user": "root", "data": {}}
{"timestamp": "2026-01-03T21:09:57.227490", "event_type": "SYSTEM_STATUS_CHECK", "user": "root", "data": {}}
{"timestamp": "2026-01-03T21:10:27.227776", "event_type": "SYSTEM_STATUS_CHECK", "user": "root", "data": {}}
{"timestamp": "2026-01-03T21:10:57.228337", "event_type": "SYSTEM_STATUS_CHECK", "user": "root", "data": {}}
{"timestamp": "2026-01-03T21:11:27.223745", "event_type": "SYSTEM_STATUS_CHECK", "user": "root", "data": {}}
{"timestamp": "2026-01-03T21:11:57.229094", "event_type": "SYSTEM_STATUS_CHECK", "user": "root", "data": {}}
{"timestamp": "2026-01-03T21:12:27.224968", "event_type": "SYSTEM_STATUS_CHECK", "user": "root", "data": {}}
{"timestamp": "2026-01-03T21:12:58.005944", "event_type": "SYSTEM_STATUS_CHECK", "user": "root", "data": {}}
{"timestamp": "2026-01-03T21:13:28.002255", "event_type": "SYSTEM_STATUS_CHECK", "user": "root", "data": {}}
{"timestamp": "2026-01-03T21:13:58.006059", "event_type": "SYSTEM_STATUS_CHECK", "user": "root", "data": {}}
{"timestamp": "2026-01-03T21:14:28.005790", "event_type": "SYSTEM_STATUS_CHECK", "user": "root", "data": {}}
{"timestamp": "2026-01-03T21:14:58.008841", "event_type": "SYSTEM_STATUS_CHECK", "user": "root", "data": {}}
{"timestamp": "2026-01-03T21:15:28.003604", "event_type": "SYSTEM_STATUS_CHECK", "user": "root", "data": {}}
{"timestamp": "2026-01-03T21:15:58.010135", "event_type": "SYSTEM_STATUS_CHECK", "user": "root", "data": {}}
{"timestamp": "2026-01-03T21:16:28.008138", "event_type": "SYSTEM_STATUS_CHECK", "user": "root", "data": {}}
{"timestamp": "2026-01-03T21:16:58.006572", "event_type": "SYSTEM_STATUS_CHECK", "user": "root", "data": {}}
{"timestamp": "2026-01-03T21:17:28.004073", "event_type": "SYSTEM_STATUS_CHECK", "user": "root", "data": {}}
{"timestamp": "2026-01-03T21:17:58.009903", "event_type": "SYSTEM_STATUS_CHECK", "user": "root", "data": {}}
{"timestamp": "2026-01-03T21:18:28.009999", "event_type": "SYSTEM_STATUS_CHECK", "user": "root", "data": {}}
{"timestamp": "2026-01-03T21:18:58.007183", "event_type": "SYSTEM_STATUS_CHECK", "user": "root", "data": {}}
{"timestamp": "2026-01-03T21:19:28.005606", "event_type": "SYSTEM_STATUS_CHECK", "user": "root", "data": {}}
{"timestamp": "2026-01-03T21:19:58.009473", "event_type": "SYSTEM_STATUS_CHECK", "user": "root", "data": {}}
{"timestamp": "2026-01-03T21:20:28.011221", "event_type": "SYSTEM_STATUS_CHECK", "user": "root", "data": {}}
{"timestamp": "2026-01-03T21:20:58.009773", "event_type": "SYSTEM_STATUS_CHECK", "user": "root", "data": {}}
{"timestamp": "2026-01-03T21:21:28.007647", "event_type": "SYSTEM_STATUS_CHECK", "user": "root", "data": {}}
{"timestamp": "2026-01-03T21:21:58.012094", "event_type": "SYSTEM_STATUS_CHECK", "user": "root", "data": {}}
{"timestamp": "2026-01-03T21:22:28.012478", "event_type": "SYSTEM_STATUS_CHECK", "user": "root", "data": {}}
{"timestamp": "2026-01-03T21:22:58.013026", "event_type": "SYSTEM_STATUS_CHECK", "user": "root", "data": {}}
{"timestamp": "2026-01-03T21:23:28.008457", "event_type": "SYSTEM_STATUS_CHECK", "user": "root", "data": {}}
{"timestamp": "2026-01-03T21:23:58.013361", "event_type": "SYSTEM_STATUS_CHECK", "user": "root", "data": {}}
{"timestamp": "2026-01-03T21:24:28.013850", "event_type": "SYSTEM_STATUS_CHECK", "user": "root", "data": {}}
{"timestamp": "2026-01-03T21:24:58.014323", "event_type": "SYSTEM_STATUS_CHECK", "user": "root", "data": {}}
{"timestamp": "2026-01-03T21:25:28.796561", "event_type": "SYSTEM_STATUS_CHECK", "user": "root", "data": {}}
{"timestamp": "2026-01-03T21:25:58.801148", "event_type": "SYSTEM_STATUS_CHECK", "user": "root", "data": {}}
{"timestamp": "2026-01-03T21:26:28.801622", "event_type": "SYSTEM_STATUS_CHECK", "user": "root", "data": {}}
{"timestamp": "2026-01-03T21:26:58.802038", "event_type": "SYSTEM_STATUS_CHECK", "user": "root", "data": {}}
{"timestamp": "2026-01-03T21:27:28.797832", "event_type": "SYSTEM_STATUS_CHECK", "user": "root", "data": {}}
{"timestamp": "2026-01-03T21:27:58.803657", "event_type": "SYSTEM_STATUS_CHECK", "user": "root", "data": {}}
{"timestamp": "2026-01-03T21:28:28.802729", "event_type": "SYSTEM_STATUS_CHECK", "user": "root", "data": {}}
{"timestamp": "2026-01-03T21:28:58.804029", "event_type": "SYSTEM_STATUS_CHECK", "user": "root", "data": {}}
{"timestamp": "2026-01-03T21:29:28.798959", "event_type": "SYSTEM_STATUS_CHECK", "user": "root", "data": {}}
{"timestamp": "2026-01-03T21:29:58.804372", "event_type": "SYSTEM_STATUS_CHECK", "user": "root", "data": {}}
{"timestamp": "2026-01-03T21:30:28.804202", "event_type": "SYSTEM_STATUS_CHECK", "user": "root", "data": {}}
{"timestamp": "2026-01-03T21:30:58.804432", "event_type": "SYSTEM_STATUS_CHECK", "user": "root", "data": {}}
{"timestamp": "2026-01-03T21:31:28.800358", "event_type": "SYSTEM_STATUS_CHECK", "user": "root", "data": {}}
{"timestamp": "2026-01-03T21:31:58.802761", "event_type": "SYSTEM_STATUS_CHECK", "user": "root", "data": {}}
{"timestamp": "2026-01-03T21:32:28.805403", "event_type": "SYSTEM_STATUS_CHECK", "user": "root", "data": {}}
{"timestamp": "2026-01-03T21:32:58.805627", "event_type": "SYSTEM_STATUS_CHECK", "user": "root", "data": {}}
{"timestamp": "2026-01-03T21:33:28.805376", "event_type": "SYSTEM_STATUS_CHECK", "user": "root", "data": {}}
{"timestamp": "2026-01-03T21:33:58.801534", "event_type": "SYSTEM_STATUS_CHECK", "user": "root", "data": {}}
{"timestamp": "2026-01-03T21:34:28.806778", "event_type": "SYSTEM_STATUS_CHECK", "user": "root", "data": {}}
{"timestamp": "2026-01-03T21:34:58.806693", "event_type": "SYSTEM_STATUS_CHECK", "user": "root", "data": {}}
{"timestamp": "2026-01-03T21:35:28.806953", "event_type": "SYSTEM_STATUS_CHECK", "user": "root", "data": {}}
{"timestamp": "2026-01-03T21:35:58.802903", "event_type": "SYSTEM_STATUS_CHECK", "user": "root", "data": {}}
{"timestamp": "2026-01-03T21:36:28.807743", "event_type": "SYSTEM_STATUS_CHECK", "user": "root", "data": {}}
{"timestamp": "2026-01-03T21:36:58.810215", "event_type": "SYSTEM_STATUS_CHECK", "user": "root", "data": {}}
{"timestamp": "2026-01-03T21:37:28.806736", "event_type": "SYSTEM_STATUS_CHECK", "user": "root", "data": {}}
{"timestamp": "2026-01-03T21:37:59.577630", "event_type": "SYSTEM_STATUS_CHECK", "user": "root", "data": {}}
{"timestamp": "2026-01-03T21:38:29.581846", "event_type": "SYSTEM_STATUS_CHECK", "user": "root", "data": {}}
{"timestamp": "2026-01-03T21:38:59.582501", "event_type": "SYSTEM_STATUS_CHECK", "user": "root", "data": {}}
{"timestamp": "2026-01-03T21:39:29.582661", "event_type": "SYSTEM_STATUS_CHECK", "user": "root", "data": {}}
{"timestamp": "2026-01-03T21:39:59.579104", "event_type": "SYSTEM_STATUS_CHECK", "user": "root", "data": {}}
{"timestamp": "2026-01-03T21:40:29.583258", "event_type": "SYSTEM_STATUS_CHECK", "user": "root", "data": {}}
{"timestamp": "2026-01-03T21:40:59.583723", "event_type": "SYSTEM_STATUS_CHECK", "user": "root", "data": {}}
{"timestamp": "2026-01-03T21:41:29.584622", "event_type": "SYSTEM_STATUS_CHECK", "user": "root", "data": {}}
{"timestamp": "2026-01-03T21:41:59.579831", "event_type": "SYSTEM_STATUS_CHECK", "user": "root", "data": {}}
{"timestamp": "2026-01-03T21:42:29.584717", "event_type": "SYSTEM_STATUS_CHECK", "user": "root", "data": {}}
{"timestamp": "2026-01-03T21:42:59.585576", "event_type": "SYSTEM_STATUS_CHECK", "user": "root", "data": {}}
{"timestamp": "2026-01-03T21:43:29.585000", "event_type": "SYSTEM_STATUS_CHECK", "user": "root", "data": {}}
{"timestamp": "2026-01-03T21:43:59.583293", "event_type": "SYSTEM_STATUS_CHECK", "user": "root", "data": {}}
{"timestamp": "2026-01-03T21:44:29.585935", "event_type": "SYSTEM_STATUS_CHECK", "user": "root", "data": {}}
{"timestamp": "2026-01-03T21:44:59.586273", "event_type": "SYSTEM_STATUS_CHECK", "user": "root", "data": {}}
{"timestamp": "2026-01-03T21:45:29.586814", "event_type": "SYSTEM_STATUS_CHECK", "user": "root", "data": {}}
{"timestamp": "2026-01-03T21:45:59.582291", "event_type": "SYSTEM_STATUS_CHECK", "user": "root", "data": {}}
{"timestamp": "2026-01-03T21:46:29.586484", "event_type": "SYSTEM_STATUS_CHECK", "user": "root", "data": {}}
{"timestamp": "2026-01-03T21:46:59.588078", "event_type": "SYSTEM_STATUS_CHECK", "user": "root", "data": {}}
{"timestamp": "2026-01-03T21:47:29.587168", "event_type": "SYSTEM_STATUS_CHECK", "user": "root", "data": {}}
{"timestamp": "2026-01-03T21:47:59.583972", "event_type": "SYSTEM_STATUS_CHECK", "user": "root", "data": {}}
{"timestamp": "2026-01-03T21:48:29.588768", "event_type": "SYSTEM_STATUS_CHECK", "user": "root", "data": {}}
{"timestamp": "2026-01-03T21:48:59.589015", "event_type": "SYSTEM_STATUS_CHECK", "user": "root", "data": {}}
{"timestamp": "2026-01-03T21:49:29.589042", "event_type": "SYSTEM_STATUS_CHECK", "user": "root", "data": {}}
{"timestamp": "2026-01-03T21:49:59.589217", "event_type": "SYSTEM_STATUS_CHECK", "user": "root", "data": {}}
{"timestamp": "2026-01-03T21:50:30.372485", "event_type": "SYSTEM_STATUS_CHECK", "user": "root", "data": {}}
{"timestamp": "2026-01-03T21:51:00.372743", "event_type": "SYSTEM_STATUS_CHECK", "user": "root", "data": {}}
{"timestamp": "2026-01-03T21:51:30.373030", "event_type": "SYSTEM_STATUS_CHECK", "user": "root", "data": {}}
{"timestamp": "2026-01-03T21:52:00.368689", "event_type": "SYSTEM_STATUS_CHECK", "user": "root", "data": {}}
{"timestamp": "2026-01-03T21:52:30.368927", "event_type": "SYSTEM_STATUS_CHECK", "user": "root", "data": {}}
{"timestamp": "2026-01-03T21:53:00.374679", "event_type": "SYSTEM_STATUS_CHECK", "user": "root", "data": {}}
{"timestamp": "2026-01-03T21:53:30.373866", "event_type": "SYSTEM_STATUS_CHECK", "user": "root", "data": {}}
{"timestamp": "2026-01-03T21:54:00.369539", "event_type": "SYSTEM_STATUS_CHECK", "user": "root", "data": {}}
{"timestamp": "2026-01-03T21:54:30.374605", "event_type": "SYSTEM_STATUS_CHECK", "user": "root", "data": {}}
{"timestamp": "2026-01-03T21:55:00.374510", "event_type": "SYSTEM_STATUS_CHECK", "user": "root", "data": {}}
{"timestamp": "2026-01-03T21:55:30.374971", "event_type": "SYSTEM_STATUS_CHECK", "user": "root", "data": {}}
{"timestamp": "2026-01-03T21:56:00.371057", "event_type": "SYSTEM_STATUS_CHECK", "user": "root", "data": {}}
{"timestamp": "2026-01-03T21:56:30.374994", "event_type": "SYSTEM_STATUS_CHECK", "user": "root", "data": {}}
{"timestamp": "2026-01-03T21:57:00.375769", "event_type": "SYSTEM_STATUS_CHECK", "user": "root", "data": {}}
{"timestamp": "2026-01-03T21:57:30.375314", "event_type": "SYSTEM_STATUS_CHECK", "user": "root", "data": {}}
{"timestamp": "2026-01-03T21:58:00.372349", "event_type": "SYSTEM_STATUS_CHECK", "user": "root", "data": {}}
{"timestamp": "2026-01-03T21:58:30.376357", "event_type": "SYSTEM_STATUS_CHECK", "user": "root", "data": {}}
{"timestamp": "2026-01-03T21:59:00.375591", "event_type": "SYSTEM_STATUS_CHECK", "user": "root", "data": {}}
{"timestamp": "2026-01-03T21:59:30.376450", "event_type": "SYSTEM_STATUS_CHECK", "user": "root", "data": {}}
{"timestamp": "2026-01-03T22:00:00.377789", "event_type": "SYSTEM_STATUS_CHECK", "user": "root", "data": {}}
{"timestamp": "2026-01-03T22:00:30.377933", "event_type": "SYSTEM_STATUS_CHECK", "user": "root", "data": {}}
{"timestamp": "2026-01-03T22:01:00.378268", "event_type": "SYSTEM_STATUS_CHECK", "user": "root", "data": {}}
{"timestamp": "2026-01-03T22:01:30.374208", "event_type": "SYSTEM_STATUS_CHECK", "user": "root", "data": {}}
{"timestamp": "2026-01-03T22:02:00.379286", "event_type": "SYSTEM_STATUS_CHECK", "user": "root", "data": {}}
{"timestamp": "2026-01-03T22:02:30.378722", "event_type": "SYSTEM_STATUS_CHECK", "user": "root", "data": {}}
{"timestamp": "2026-01-03T22:03:01.163873", "event_type": "SYSTEM_STATUS_CHECK", "user": "root", "data": {}}
{"timestamp": "2026-01-03T22:03:31.163710", "event_type": "SYSTEM_STATUS_CHECK", "user": "root", "data": {}}
{"timestamp": "2026-01-03T22:04:01.163128", "event_type": "SYSTEM_STATUS_CHECK", "user": "root", "data": {}}
{"timestamp": "2026-01-03T22:04:31.159533", "event_type": "SYSTEM_STATUS_CHECK", "user": "root", "data": {}}
{"timestamp": "2026-01-03T22:05:01.162069", "event_type": "SYSTEM_STATUS_CHECK", "user": "root", "data": {}}
{"timestamp": "2026-01-03T22:05:31.163771", "event_type": "SYSTEM_STATUS_CHECK", "user": "root", "data": {}}
{"timestamp": "2026-01-03T22:06:01.164892", "event_type": "SYSTEM_STATUS_CHECK", "user": "root", "data": {}}
{"timestamp": "2026-01-03T22:06:31.160790", "event_type": "SYSTEM_STATUS_CHECK", "user": "root", "data": {}}
{"timestamp": "2026-01-03T22:07:01.165738", "event_type": "SYSTEM_STATUS_CHECK", "user": "root", "data": {}}
{"timestamp": "2026-01-03T22:07:31.162042", "event_type": "SYSTEM_STATUS_CHECK", "user": "root", "data": {}}
{"timestamp": "2026-01-03T22:08:01.163602", "event_type": "SYSTEM_STATUS_CHECK", "user": "root", "data": {}}
{"timestamp": "2026-01-03T22:08:31.161313", "event_type": "SYSTEM_STATUS_CHECK", "user": "root", "data": {}}
{"timestamp": "2026-01-03T22:09:01.162194", "event_type": "SYSTEM_STATUS_CHECK", "user": "root", "data": {}}
{"timestamp": "2026-01-03T22:09:31.166949", "event_type": "SYSTEM_STATUS_CHECK", "user": "root", "data": {}}
{"timestamp": "2026-01-03T22:10:01.162965", "event_type": "SYSTEM_STATUS_CHECK", "user": "root", "data": {}}
{"timestamp": "2026-01-03T22:10:31.163188", "event_type": "SYSTEM_STATUS_CHECK", "user": "root", "data": {}}
{"timestamp": "2026-01-03T22:11:01.162938", "event_type": "SYSTEM_STATUS_CHECK", "user": "root", "data": {}}
{"timestamp": "2026-01-03T22:11:31.162790", "event_type": "SYSTEM_STATUS_CHECK", "user": "root", "data": {}}
{"timestamp": "2026-01-03T22:12:01.163418", "event_type": "SYSTEM_STATUS_CHECK", "user": "root", "data": {}}
{"timestamp": "2026-01-03T22:12:31.167761", "event_type": "SYSTEM_STATUS_CHECK", "user": "root", "data": {}}
{"timestamp": "2026-01-03T22:13:01.168316", "event_type": "SYSTEM_STATUS_CHECK", "user": "root", "data": {}}
{"timestamp": "2026-01-03T22:13:31.168544", "event_type": "SYSTEM_STATUS_CHECK", "user": "root", "data": {}}
{"timestamp": "2026-01-03T22:14:01.164414", "event_type": "SYSTEM_STATUS_CHECK", "user": "root", "data": {}}
{"timestamp": "2026-01-03T22:14:31.166096", "event_type": "SYSTEM_STATUS_CHECK", "user": "root", "data": {}}
{"timestamp": "2026-01-03T22:15:01.169336", "event_type": "SYSTEM_STATUS_CHECK", "user": "root", "data": {}}
{"timestamp": "2026-01-03T22:15:31.960202", "event_type": "SYSTEM_STATUS_CHECK", "user": "root", "data": {}}
{"timestamp": "2026-01-03T22:16:01.960430", "event_type": "SYSTEM_STATUS_CHECK", "user": "root", "data": {}}
{"timestamp": "2026-01-03T22:16:31.956219", "event_type": "SYSTEM_STATUS_CHECK", "user": "root", "data": {}}
{"timestamp": "2026-01-03T22:17:01.962353", "event_type": "SYSTEM_STATUS_CHECK", "user": "root", "data": {}}
{"timestamp": "2026-01-03T22:17:31.961127", "event_type": "SYSTEM_STATUS_CHECK", "user": "root", "data": {}}
{"timestamp": "2026-01-03T22:18:01.962330", "event_type": "SYSTEM_STATUS_CHECK", "user": "root", "data": {}}
{"timestamp": "2026-01-03T22:18:31.957636", "event_type": "SYSTEM_STATUS_CHECK", "user": "root", "data": {}}
{"timestamp": "2026-01-03T22:19:01.961510", "event_type": "SYSTEM_STATUS_CHECK", "user": "root", "data": {}}
{"timestamp": "2026-01-03T22:19:31.958503", "event_type": "SYSTEM_STATUS_CHECK", "user": "root", "data": {}}
{"timestamp": "2026-01-03T22:20:01.962733", "event_type": "SYSTEM_STATUS_CHECK", "user": "root", "data": {}}
{"timestamp": "2026-01-03T22:20:31.962192", "event_type": "SYSTEM_STATUS_CHECK", "user": "root", "data": {}}
{"timestamp": "2026-01-03T22:21:01.963400", "event_type": "SYSTEM_STATUS_CHECK", "user": "root", "data": {}}
{"timestamp": "2026-01-03T22:21:31.963642", "event_type": "SYSTEM_STATUS_CHECK", "user": "root", "data": {}}
{"timestamp": "2026-01-03T22:22:01.963668", "event_type": "SYSTEM_STATUS_CHECK", "user": "root", "data": {}}
{"timestamp": "2026-01-03T22:22:31.964381", "event_type": "SYSTEM_STATUS_CHECK", "user": "root", "data": {}}
{"timestamp": "2026-01-03T22:23:01.965298", "event_type": "SYSTEM_STATUS_CHECK", "user": "root", "data": {}}
{"timestamp": "2026-01-03T22:23:31.964342", "event_type": "SYSTEM_STATUS_CHECK", "user": "root", "data": {}}
{"timestamp": "2026-01-03T22:24:01.965007", "event_type": "SYSTEM_STATUS_CHECK", "user": "root", "data": {}}
{"timestamp": "2026-01-03T22:24:31.961786", "event_type": "SYSTEM_STATUS_CHECK", "user": "root", "data": {}}
{"timestamp": "2026-01-03T22:25:01.967055", "event_type": "SYSTEM_STATUS_CHECK", "user": "root", "data": {}}
{"timestamp": "2026-01-03T22:25:31.963535", "event_type": "SYSTEM_STATUS_CHECK", "user": "root", "data": {}}
{"timestamp": "2026-01-03T22:26:01.962011", "event_type": "SYSTEM_STATUS_CHECK", "user": "root", "data": {}}
{"timestamp": "2026-01-03T22:26:31.963342", "event_type": "SYSTEM_STATUS_CHECK", "user": "root", "data": {}}
{"timestamp": "2026-01-03T22:27:01.963492", "event_type": "SYSTEM_STATUS_CHECK", "user": "root", "data": {}}
{"timestamp": "2026-01-03T22:27:31.963699", "event_type": "SYSTEM_STATUS_CHECK", "user": "root", "data": {}}
{"timestamp": "2026-01-03T22:28:02.740930", "event_type": "SYSTEM_STATUS_CHECK", "user": "root", "data": {}}
{"timestamp": "2026-01-03T22:28:32.735679", "event_type": "SYSTEM_STATUS_CHECK", "user": "root", "data": {}}
{"timestamp": "2026-01-03T22:29:02.740753", "event_type": "SYSTEM_STATUS_CHECK", "user": "root", "data": {}}
{"timestamp": "2026-01-03T22:29:32.741057", "event_type": "SYSTEM_STATUS_CHECK", "user": "root", "data": {}}
{"timestamp": "2026-01-03T22:30:02.741265", "event_type": "SYSTEM_STATUS_CHECK", "user": "root", "data": {}}
{"timestamp": "2026-01-03T22:30:32.737276", "event_type": "SYSTEM_STATUS_CHECK", "user": "root", "data": {}}
{"timestamp": "2026-01-03T22:31:02.743377", "event_type": "SYSTEM_STATUS_CHECK", "user": "root", "data": {}}
{"timestamp": "2026-01-03T22:31:32.742179", "event_type": "SYSTEM_STATUS_CHECK", "user": "root", "data": {}}
{"timestamp": "2026-01-03T22:32:02.742626", "event_type": "SYSTEM_STATUS_CHECK", "user": "root", "data": {}}
{"timestamp": "2026-01-03T22:32:32.742546", "event_type": "SYSTEM_STATUS_CHECK", "user": "root", "data": {}}
{"timestamp": "2026-01-03T22:33:02.743796", "event_type": "SYSTEM_STATUS_CHECK", "user": "root", "data": {}}
{"timestamp": "2026-01-03T22:33:32.743446", "event_type": "SYSTEM_STATUS_CHECK", "user": "root", "data": {}}
{"timestamp": "2026-01-03T22:34:02.741176", "event_type": "SYSTEM_STATUS_CHECK", "user": "root", "data": {}}
{"timestamp": "2026-01-03T22:34:32.739658", "event_type": "SYSTEM_STATUS_CHECK", "user": "root", "data": {}}
{"timestamp": "2026-01-03T22:35:02.744309", "event_type": "SYSTEM_STATUS_CHECK", "user": "root", "data": {}}
{"timestamp": "2026-01-03T22:35:32.745766", "event_type": "SYSTEM_STATUS_CHECK", "user": "root", "data": {}}
{"timestamp": "2026-01-03T22:36:02.745055", "event_type": "SYSTEM_STATUS_CHECK", "user": "root", "data": {}}
{"timestamp": "2026-01-03T22:36:32.741208", "event_type": "SYSTEM_STATUS_CHECK", "user": "root", "data": {}}
{"timestamp": "2026-01-03T22:37:02.746240", "event_type": "SYSTEM_STATUS_CHECK", "user": "root", "data": {}}
{"timestamp": "2026-01-03T22:37:32.745767", "event_type": "SYSTEM_STATUS_CHECK", "user": "root", "data": {}}
{"timestamp": "2026-01-03T22:38:02.746707", "event_type": "SYSTEM_STATUS_CHECK", "user": "root", "data": {}}
{"timestamp": "2026-01-03T22:38:32.742054", "event_type": "SYSTEM_STATUS_CHECK", "user": "root", "data": {}}
{"timestamp": "2026-01-03T22:39:02.747774", "event_type": "SYSTEM_STATUS_CHECK", "user": "root", "data": {}}
{"timestamp": "2026-01-03T22:39:32.747338", "event_type": "SYSTEM_STATUS_CHECK", "user": "root", "data": {}}
{"timestamp": "2026-01-03T22:40:02.747974", "event_type": "SYSTEM_STATUS_CHECK", "user": "root", "data": {}}
{"timestamp": "2026-01-03T22:40:33.531807", "event_type": "SYSTEM_STATUS_CHECK", "user": "root", "data": {}}
{"timestamp": "2026-01-03T22:41:03.528233", "event_type": "SYSTEM_STATUS_CHECK", "user": "root", "data": {}}
{"timestamp": "2026-01-03T22:41:33.533014", "event_type": "SYSTEM_STATUS_CHECK", "user": "root", "data": {}}
{"timestamp": "2026-01-03T22:42:03.532617", "event_type": "SYSTEM_STATUS_CHECK", "user": "root", "data": {}}
{"timestamp": "2026-01-03T22:42:33.533524", "event_type": "SYSTEM_STATUS_CHECK", "user": "root", "data": {}}
{"timestamp": "2026-01-03T22:43:03.538222", "event_type": "SYSTEM_STATUS_CHECK", "user": "root", "data": {}}
{"timestamp": "2026-01-03T22:43:33.534128", "event_type": "SYSTEM_STATUS_CHECK", "user": "root", "data": {}}
{"timestamp": "2026-01-03T22:44:03.536008", "event_type": "SYSTEM_STATUS_CHECK", "user": "root", "data": {}}
{"timestamp": "2026-01-03T22:44:33.530361", "event_type": "SYSTEM_STATUS_CHECK", "user": "root", "data": {}}
{"timestamp": "2026-01-03T22:45:03.538454", "event_type": "SYSTEM_STATUS_CHECK", "user": "root", "data": {}}
{"timestamp": "2026-01-03T22:45:33.535302", "event_type": "SYSTEM_STATUS_CHECK", "user": "root", "data": {}}
{"timestamp": "2026-01-03T22:46:03.536347", "event_type": "SYSTEM_STATUS_CHECK", "user": "root", "data": {}}
{"timestamp": "2026-01-03T22:46:33.531628", "event_type": "SYSTEM_STATUS_CHECK", "user": "root", "data": {}}
{"timestamp": "2026-01-03T22:47:03.537327", "event_type": "SYSTEM_STATUS_CHECK", "user": "root", "data": {}}
{"timestamp": "2026-01-03T22:47:33.537841", "event_type": "SYSTEM_STATUS_CHECK", "user": "root", "data": {}}
{"timestamp": "2026-01-03T22:48:03.537840", "event_type": "SYSTEM_STATUS_CHECK", "user": "root", "data": {}}
{"timestamp": "2026-01-03T22:48:33.533217", "event_type": "SYSTEM_STATUS_CHECK", "user": "root", "data": {}}
{"timestamp": "2026-01-03T22:49:03.536093", "event_type": "SYSTEM_STATUS_CHECK", "user": "root", "data": {}}
{"timestamp": "2026-01-03T22:49:33.537997", "event_type": "SYSTEM_STATUS_CHECK", "user": "root", "data": {}}
{"timestamp": "2026-01-03T22:50:03.538308", "event_type": "SYSTEM_STATUS_CHECK", "user": "root", "data": {}}
{"timestamp": "2026-01-03T22:50:33.534023", "event_type": "SYSTEM_STATUS_CHECK", "user": "root", "data": {}}
{"timestamp": "2026-01-03T22:51:03.539328", "event_type": "SYSTEM_STATUS_CHECK", "user": "root", "data": {}}
{"timestamp": "2026-01-03T22:51:33.539099", "event_type": "SYSTEM_STATUS_CHECK", "user": "root", "data": {}}
{"timestamp": "2026-01-03T22:52:03.539618", "event_type": "SYSTEM_STATUS_CHECK", "user": "root", "data": {}}
{"timestamp": "2026-01-03T22:52:33.535479", "event_type": "SYSTEM_STATUS_CHECK", "user": "root", "data": {}}
{"timestamp": "2026-01-03T22:53:04.330333", "event_type": "SYSTEM_STATUS_CHECK", "user": "root", "data": {}}
{"timestamp": "2026-01-03T22:53:34.329524", "event_type": "SYSTEM_STATUS_CHECK", "user": "root", "data": {}}
{"timestamp": "2026-01-03T22:54:04.331429", "event_type": "SYSTEM_STATUS_CHECK", "user": "root", "data": {}}
{"timestamp": "2026-01-03T22:54:34.325875", "event_type": "SYSTEM_STATUS_CHECK", "user": "root", "data": {}}
{"timestamp": "2026-01-03T22:55:04.331241", "event_type": "SYSTEM_STATUS_CHECK", "user": "root", "data": {}}
{"timestamp": "2026-01-03T22:55:34.331684", "event_type": "SYSTEM_STATUS_CHECK", "user": "root", "data": {}}
{"timestamp": "2026-01-03T22:56:04.327225", "event_type": "SYSTEM_STATUS_CHECK", "user": "root", "data": {}}
{"timestamp": "2026-01-03T22:56:34.326895", "event_type": "SYSTEM_STATUS_CHECK", "user": "root", "data": {}}
{"timestamp": "2026-01-03T22:57:04.331384", "event_type": "SYSTEM_STATUS_CHECK", "user": "root", "data": {}}
{"timestamp": "2026-01-03T22:57:34.332053", "event_type": "SYSTEM_STATUS_CHECK", "user": "root", "data": {}}
{"timestamp": "2026-01-03T22:58:04.333100", "event_type": "SYSTEM_STATUS_CHECK", "user": "root", "data": {}}
{"timestamp": "2026-01-03T22:58:34.328291", "event_type": "SYSTEM_STATUS_CHECK", "user": "root", "data": {}}
{"timestamp": "2026-01-03T22:59:04.332901", "event_type": "SYSTEM_STATUS_CHECK", "user": "root", "data": {}}
{"timestamp": "2026-01-03T22:59:34.333582", "event_type": "SYSTEM_STATUS_CHECK", "user": "root", "data": {}}
{"timestamp": "2026-01-03T23:00:04.332568", "event_type": "SYSTEM_STATUS_CHECK", "user": "root", "data": {}}
{"timestamp": "2026-01-03T23:00:34.334717", "event_type": "SYSTEM_STATUS_CHECK", "user": "root", "data": {}}
{"timestamp": "2026-01-03T23:01:04.329929", "event_type": "SYSTEM_STATUS_CHECK", "user": "root", "data": {}}
{"timestamp": "2026-01-03T23:01:34.333608", "event_type": "SYSTEM_STATUS_CHECK", "user": "root", "data": {}}
{"timestamp": "2026-01-03T23:02:04.335475", "event_type": "SYSTEM_STATUS_CHECK", "user": "root", "data": {}}
{"timestamp": "2026-01-03T23:02:34.331383", "event_type": "SYSTEM_STATUS_CHECK", "user": "root", "data": {}}
{"timestamp": "2026-01-03T23:03:04.330827", "event_type": "SYSTEM_STATUS_CHECK", "user": "root", "data": {}}
{"timestamp": "2026-01-03T23:03:34.335312", "event_type": "SYSTEM_STATUS_CHECK", "user": "root", "data": {}}
{"timestamp": "2026-01-03T23:04:04.335771", "event_type": "SYSTEM_STATUS_CHECK", "user": "root", "data": {}}
{"timestamp": "2026-01-03T23:04:34.335518", "event_type": "SYSTEM_STATUS_CHECK", "user": "root", "data": {}}
{"timestamp": "2026-01-03T23:05:04.332042", "event_type": "SYSTEM_STATUS_CHECK", "user": "root", "data": {}}
{"timestamp": "2026-01-03T23:05:35.120262", "event_type": "SYSTEM_STATUS_CHECK", "user": "root", "data": {}}
{"timestamp": "2026-01-03T23:06:05.125577", "event_type": "SYSTEM_STATUS_CHECK", "user": "root", "data": {}}
{"timestamp": "2026-01-03T23:06:35.121683", "event_type": "SYSTEM_STATUS_CHECK", "user": "root", "data": {}}
{"timestamp": "2026-01-03T23:07:05.121341", "event_type": "SYSTEM_STATUS_CHECK", "user": "root", "data": {}}
{"timestamp": "2026-01-03T23:07:35.121688", "event_type": "SYSTEM_STATUS_CHECK", "user": "root", "data": {}}
{"timestamp": "2026-01-03T23:08:05.121722", "event_type": "SYSTEM_STATUS_CHECK", "user": "root", "data": {}}
{"timestamp": "2026-01-03T23:08:35.122107", "event_type": "SYSTEM_STATUS_CHECK", "user": "root", "data": {}}
{"timestamp": "2026-01-03T23:09:05.128411", "event_type": "SYSTEM_STATUS_CHECK", "user": "root", "data": {}}
{"timestamp": "2026-01-03T23:09:35.122195", "event_type": "SYSTEM_STATUS_CHECK", "user": "root", "data": {}}
{"timestamp": "2026-01-03T23:10:05.122400", "event_type": "SYSTEM_STATUS_CHECK", "user": "root", "data": {}}
{"timestamp": "2026-01-03T23:10:35.125797", "event_type": "SYSTEM_STATUS_CHECK", "user": "root", "data": {}}
{"timestamp": "2026-01-03T23:11:05.122860", "event_type": "SYSTEM_STATUS_CHECK", "user": "root", "data": {}}
{"timestamp": "2026-01-03T23:11:35.122595", "event_type": "SYSTEM_STATUS_CHECK", "user": "root", "data": {}}
{"timestamp": "2026-01-03T23:12:05.123074", "event_type": "SYSTEM_STATUS_CHECK", "user": "root", "data": {}}
{"timestamp": "2026-01-03T23:12:35.123667", "event_type": "SYSTEM_STATUS_CHECK", "user": "root", "data": {}}
{"timestamp": "2026-01-03T23:13:05.131732", "event_type": "SYSTEM_STATUS_CHECK", "user": "root", "data": {}}
{"timestamp": "2026-01-03T23:13:35.124008", "event_type": "SYSTEM_STATUS_CHECK", "user": "root", "data": {}}
{"timestamp": "2026-01-03T23:14:05.123909", "event_type": "SYSTEM_STATUS_CHECK", "user": "root", "data": {}}
{"timestamp": "2026-01-03T23:14:35.124489", "event_type": "SYSTEM_STATUS_CHECK", "user": "root", "data": {}}
{"timestamp": "2026-01-03T23:15:05.124154", "event_type": "SYSTEM_STATUS_CHECK", "user": "root", "data": {}}
{"timestamp": "2026-01-03T23:15:35.124749", "event_type": "SYSTEM_STATUS_CHECK", "user": "root", "data": {}}
{"timestamp": "2026-01-03T23:16:05.129894", "event_type": "SYSTEM_STATUS_CHECK", "user": "root", "data": {}}
{"timestamp": "2026-01-03T23:16:35.129532", "event_type": "SYSTEM_STATUS_CHECK", "user": "root", "data": {}}
{"timestamp": "2026-01-03T23:17:05.130715", "event_type": "SYSTEM_STATUS_CHECK", "user": "root", "data": {}}
{"timestamp": "2026-01-03T23:17:35.125850", "event_type": "SYSTEM_STATUS_CHECK", "user": "root", "data": {}}
{"timestamp": "2026-01-03T23:18:05.928083", "event_type": "SYSTEM_STATUS_CHECK", "user": "root", "data": {}}
{"timestamp": "2026-01-03T23:18:35.927406", "event_type": "SYSTEM_STATUS_CHECK", "user": "root", "data": {}}
{"timestamp": "2026-01-03T23:19:05.931431", "event_type": "SYSTEM_STATUS_CHECK", "user": "root", "data": {}}
{"timestamp": "2026-01-03T23:19:35.928140", "event_type": "SYSTEM_STATUS_CHECK", "user": "root", "data": {}}
{"timestamp": "2026-01-03T23:20:05.927291", "event_type": "SYSTEM_STATUS_CHECK", "user": "root", "data": {}}
{"timestamp": "2026-01-03T23:20:35.928685", "event_type": "SYSTEM_STATUS_CHECK", "user": "root", "data": {}}
{"timestamp": "2026-01-03T23:21:05.924371", "event_type": "SYSTEM_STATUS_CHECK", "user": "root", "data": {}}
{"timestamp": "2026-01-03T23:21:35.929263", "event_type": "SYSTEM_STATUS_CHECK", "user": "root", "data": {}}
{"timestamp": "2026-01-03T23:22:05.929867", "event_type": "SYSTEM_STATUS_CHECK", "user": "root", "data": {}}
{"timestamp": "2026-01-03T23:22:35.929289", "event_type": "SYSTEM_STATUS_CHECK", "user": "root", "data": {}}
{"timestamp": "2026-01-03T23:23:05.925427", "event_type": "SYSTEM_STATUS_CHECK", "user": "root", "data": {}}
{"timestamp": "2026-01-03T23:23:35.930034", "event_type": "SYSTEM_STATUS_CHECK", "user": "root", "data": {}}
{"timestamp": "2026-01-03T23:24:05.930653", "event_type": "SYSTEM_STATUS_CHECK", "user": "root", "data": {}}
{"timestamp": "2026-01-03T23:24:35.931254", "event_type": "SYSTEM_STATUS_CHECK", "user": "root", "data": {}}
{"timestamp": "2026-01-03T23:25:05.926382", "event_type": "SYSTEM_STATUS_CHECK", "user": "root", "data": {}}
{"timestamp": "2026-01-03T23:25:35.931676", "event_type": "SYSTEM_STATUS_CHECK", "user": "root", "data": {}}
{"timestamp": "2026-01-03T23:26:05.931244", "event_type": "SYSTEM_STATUS_CHECK", "user": "root", "data": {}}
{"timestamp": "2026-01-03T23:26:35.932027", "event_type": "SYSTEM_STATUS_CHECK", "user": "root", "data": {}}
{"timestamp": "2026-01-03T23:27:05.927950", "event_type": "SYSTEM_STATUS_CHECK", "user": "root", "data": {}}
{"timestamp": "2026-01-03T23:27:35.931966", "event_type": "SYSTEM_STATUS_CHECK", "user": "root", "data": {}}
{"timestamp": "2026-01-03T23:28:05.933302", "event_type": "SYSTEM_STATUS_CHECK", "user": "root", "data": {}}
{"timestamp": "2026-01-03T23:28:35.933431", "event_type": "SYSTEM_STATUS_CHECK", "user": "root", "data": {}}
{"timestamp": "2026-01-03T23:29:05.928933", "event_type": "SYSTEM_STATUS_CHECK", "user": "root", "data": {}}
{"timestamp": "2026-01-03T23:29:35.933239", "event_type": "SYSTEM_STATUS_CHECK", "user": "root", "data": {}}
{"timestamp": "2026-01-03T23:30:05.934261", "event_type": "SYSTEM_STATUS_CHECK", "user": "root", "data": {}}
{"timestamp": "2026-01-03T23:30:36.720324", "event_type": "SYSTEM_STATUS_CHECK", "user": "root", "data": {}}
{"timestamp": "2026-01-03T23:31:06.721184", "event_type": "SYSTEM_STATUS_CHECK", "user": "root", "data": {}}
{"timestamp": "2026-01-03T23:31:36.716650", "event_type": "SYSTEM_STATUS_CHECK", "user": "root", "data": {}}
{"timestamp": "2026-01-03T23:32:06.721789", "event_type": "SYSTEM_STATUS_CHECK", "user": "root", "data": {}}
{"timestamp": "2026-01-03T23:32:36.721081", "event_type": "SYSTEM_STATUS_CHECK", "user": "root", "data": {}}
{"timestamp": "2026-01-03T23:33:06.723222", "event_type": "SYSTEM_STATUS_CHECK", "user": "root", "data": {}}
{"timestamp": "2026-01-03T23:33:36.717778", "event_type": "SYSTEM_STATUS_CHECK", "user": "root", "data": {}}
{"timestamp": "2026-01-03T23:34:06.718022", "event_type": "SYSTEM_STATUS_CHECK", "user": "root", "data": {}}
{"timestamp": "2026-01-03T23:34:36.722730", "event_type": "SYSTEM_STATUS_CHECK", "user": "root", "data": {}}
{"timestamp": "2026-01-03T23:35:06.724346", "event_type": "SYSTEM_STATUS_CHECK", "user": "root", "data": {}}
{"timestamp": "2026-01-03T23:35:36.718431", "event_type": "SYSTEM_STATUS_CHECK", "user": "root", "data": {}}
{"timestamp": "2026-01-03T23:36:06.722852", "event_type": "SYSTEM_STATUS_CHECK", "user": "root", "data": {}}
{"timestamp": "2026-01-03T23:36:36.724847", "event_type": "SYSTEM_STATUS_CHECK", "user": "root", "data": {}}
{"timestamp": "2026-01-03T23:37:06.726767", "event_type": "SYSTEM_STATUS_CHECK", "user": "root", "data": {}}
{"timestamp": "2026-01-03T23:37:36.719506", "event_type": "SYSTEM_STATUS_CHECK", "user": "root", "data": {}}
{"timestamp": "2026-01-03T23:38:06.725600", "event_type": "SYSTEM_STATUS_CHECK", "user": "root", "data": {}}
{"timestamp": "2026-01-03T23:38:36.724789", "event_type": "SYSTEM_STATUS_CHECK", "user": "root", "data": {}}
{"timestamp": "2026-01-03T23:39:06.726166", "event_type": "SYSTEM_STATUS_CHECK", "user": "root", "data": {}}
{"timestamp": "2026-01-03T23:39:36.720924", "event_type": "SYSTEM_STATUS_CHECK", "user": "root", "data": {}}
{"timestamp": "2026-01-03T23:40:06.726202", "event_type": "SYSTEM_STATUS_CHECK", "user": "root", "data": {}}
{"timestamp": "2026-01-03T23:40:36.726533", "event_type": "SYSTEM_STATUS_CHECK", "user": "root", "data": {}}
{"timestamp": "2026-01-03T23:41:06.725930", "event_type": "SYSTEM_STATUS_CHECK", "user": "root", "data": {}}
{"timestamp": "2026-01-03T23:41:36.722420", "event_type": "SYSTEM_STATUS_CHECK", "user": "root", "data": {}}
{"timestamp": "2026-01-03T23:42:06.727789", "event_type": "SYSTEM_STATUS_CHECK", "user": "root", "data": {}}
{"timestamp": "2026-01-03T23:42:36.727550", "event_type": "SYSTEM_STATUS_CHECK", "user": "root", "data": {}}
{"timestamp": "2026-01-03T23:43:07.505926", "event_type": "SYSTEM_STATUS_CHECK", "user": "root", "data": {}}
{"timestamp": "2026-01-03T23:43:37.500942", "event_type": "SYSTEM_STATUS_CHECK", "user": "root", "data": {}}
{"timestamp": "2026-01-03T23:44:07.506198", "event_type": "SYSTEM_STATUS_CHECK", "user": "root", "data": {}}
{"timestamp": "2026-01-03T23:44:37.506706", "event_type": "SYSTEM_STATUS_CHECK", "user": "root", "data": {}}
{"timestamp": "2026-01-03T23:45:07.506997", "event_type": "SYSTEM_STATUS_CHECK", "user": "root", "data": {}}
{"timestamp": "2026-01-03T23:45:37.502021", "event_type": "SYSTEM_STATUS_CHECK", "user": "root", "data": {}}
{"timestamp": "2026-01-03T23:46:07.502209", "event_type": "SYSTEM_STATUS_CHECK", "user": "root", "data": {}}
{"timestamp": "2026-01-03T23:46:37.503477", "event_type": "SYSTEM_STATUS_CHECK", "user": "root", "data": {}}
{"timestamp": "2026-01-03T23:47:07.503293", "event_type": "SYSTEM_STATUS_CHECK", "user": "root", "data": {}}
{"timestamp": "2026-01-03T23:47:37.503039", "event_type": "SYSTEM_STATUS_CHECK", "user": "root", "data": {}}
{"timestamp": "2026-01-03T23:48:07.503113", "event_type": "SYSTEM_STATUS_CHECK", "user": "root", "data": {}}
{"timestamp": "2026-01-03T23:48:37.503633", "event_type": "SYSTEM_STATUS_CHECK", "user": "root", "data": {}}
{"timestamp": "2026-01-03T23:49:07.511224", "event_type": "SYSTEM_STATUS_CHECK", "user": "root", "data": {}}
{"timestamp": "2026-01-03T23:49:37.503659", "event_type": "SYSTEM_STATUS_CHECK", "user": "root", "data": {}}
{"timestamp": "2026-01-03T23:50:07.509351", "event_type": "SYSTEM_STATUS_CHECK", "user": "root", "data": {}}
{"timestamp": "2026-01-03T23:50:37.508661", "event_type": "SYSTEM_STATUS_CHECK", "user": "root", "data": {}}
{"timestamp": "2026-01-03T23:51:07.509267", "event_type": "SYSTEM_STATUS_CHECK", "user": "root", "data": {}}
{"timestamp": "2026-01-03T23:51:37.504710", "event_type": "SYSTEM_STATUS_CHECK", "user": "root", "data": {}}
{"timestamp": "2026-01-03T23:52:07.509685", "event_type": "SYSTEM_STATUS_CHECK", "user": "root", "data": {}}
{"timestamp": "2026-01-03T23:52:37.509624", "event_type": "SYSTEM_STATUS_CHECK", "user": "root", "data": {}}
{"timestamp": "2026-01-03T23:53:07.512553", "event_type": "SYSTEM_STATUS_CHECK", "user": "root", "data": {}}
{"timestamp": "2026-01-03T23:53:37.506083", "event_type": "SYSTEM_STATUS_CHECK", "user": "root", "data": {}}
{"timestamp": "2026-01-03T23:54:07.511714", "event_type": "SYSTEM_STATUS_CHECK", "user": "root", "data": {}}
{"timestamp": "2026-01-03T23:54:37.511265", "event_type": "SYSTEM_STATUS_CHECK", "user": "root", "data": {}}
{"timestamp": "2026-01-03T23:55:07.512140", "event_type": "SYSTEM_STATUS_CHECK", "user": "root", "data": {}}
{"timestamp": "2026-01-03T23:55:38.311184", "event_type": "SYSTEM_STATUS_CHECK", "user": "root", "data": {}}
{"timestamp": "2026-01-03T23:56:08.316204", "event_type": "SYSTEM_STATUS_CHECK", "user": "root", "data": {}}
{"timestamp": "2026-01-03T23:56:38.315846", "event_type": "SYSTEM_STATUS_CHECK", "user": "root", "data": {}}
{"timestamp": "2026-01-03T23:57:08.317257", "event_type": "SYSTEM_STATUS_CHECK", "user": "root", "data": {}}
{"timestamp": "2026-01-03T23:57:38.312573", "event_type": "SYSTEM_STATUS_CHECK", "user": "root", "data": {}}
{"timestamp": "2026-01-03T23:58:08.314075", "event_type": "SYSTEM_STATUS_CHECK", "user": "root", "data": {}}
{"timestamp": "2026-01-03T23:58:38.317735", "event_type": "SYSTEM_STATUS_CHECK", "user": "root", "data": {}}
{"timestamp": "2026-01-03T23:59:08.318369", "event_type": "SYSTEM_STATUS_CHECK", "user": "root", "data": {}}
{"timestamp": "2026-01-03T23:59:38.313470", "event_type": "SYSTEM_STATUS_CHECK", "user": "root", "data": {}}
{"timestamp": "2026-01-04T00:00:08.317554", "event_type": "SYSTEM_STATUS_CHECK", "user": "root", "data": {}}
{"timestamp": "2026-01-04T00:00:38.318816", "event_type": "SYSTEM_STATUS_CHECK", "user": "root", "data": {}}
{"timestamp": "2026-01-04T00:01:08.320006", "event_type": "SYSTEM_STATUS_CHECK", "user": "root", "data": {}}
{"timestamp": "2026-01-04T00:01:38.314812", "event_type": "SYSTEM_STATUS_CHECK", "user": "root", "data": {}}
{"timestamp": "2026-01-04T00:02:08.320228", "event_type": "SYSTEM_STATUS_CHECK", "user": "root", "data": {}}
{"timestamp": "2026-01-04T00:02:38.320247", "event_type": "SYSTEM_STATUS_CHECK", "user": "root", "data": {}}
{"timestamp": "2026-01-04T00:03:08.320394", "event_type": "SYSTEM_STATUS_CHECK", "user": "root", "data": {}}
{"timestamp": "2026-01-04T00:03:38.320637", "event_type": "SYSTEM_STATUS_CHECK", "user": "root", "data": {}}
{"timestamp": "2026-01-04T00:04:08.316313", "event_type": "SYSTEM_STATUS_CHECK", "user": "root", "data": {}}
{"timestamp": "2026-01-04T00:04:38.320714", "event_type": "SYSTEM_STATUS_CHECK", "user": "root", "data": {}}
{"timestamp": "2026-01-04T00:05:08.321335", "event_type": "SYSTEM_STATUS_CHECK", "user": "root", "data": {}}
{"timestamp": "2026-01-04T00:05:38.321449", "event_type": "SYSTEM_STATUS_CHECK", "user": "root", "data": {}}
{"timestamp": "2026-01-04T00:06:08.317266", "event_type": "SYSTEM_STATUS_CHECK", "user": "root", "data": {}}
{"timestamp": "2026-01-04T00:06:38.322287", "event_type": "SYSTEM_STATUS_CHECK", "user": "root", "data": {}}
{"timestamp": "2026-01-04T00:07:08.322542", "event_type": "SYSTEM_STATUS_CHECK", "user": "root", "data": {}}
{"timestamp": "2026-01-04T00:07:38.319591", "event_type": "SYSTEM_STATUS_CHECK", "user": "root", "data": {}}
{"timestamp": "2026-01-04T00:08:09.105415", "event_type": "SYSTEM_STATUS_CHECK", "user": "root", "data": {}}
{"timestamp": "2026-01-04T00:08:39.106647", "event_type": "SYSTEM_STATUS_CHECK", "user": "root", "data": {}}
{"timestamp": "2026-01-04T00:09:09.106205", "event_type": "SYSTEM_STATUS_CHECK", "user": "root", "data": {}}
{"timestamp": "2026-01-04T00:09:39.107904", "event_type": "SYSTEM_STATUS_CHECK", "user": "root", "data": {}}
{"timestamp": "2026-01-04T00:10:09.113335", "event_type": "SYSTEM_STATUS_CHECK", "user": "root", "data": {}}
{"timestamp": "2026-01-04T00:10:39.106662", "event_type": "SYSTEM_STATUS_CHECK", "user": "root", "data": {}}
{"timestamp": "2026-01-04T00:11:09.107033", "event_type": "SYSTEM_STATUS_CHECK", "user": "root", "data": {}}
{"timestamp": "2026-01-04T00:11:39.107158", "event_type": "SYSTEM_STATUS_CHECK", "user": "root", "data": {}}
{"timestamp": "2026-01-04T00:12:09.107251", "event_type": "SYSTEM_STATUS_CHECK", "user": "root", "data": {}}
{"timestamp": "2026-01-04T00:12:39.110238", "event_type": "SYSTEM_STATUS_CHECK", "user": "root", "data": {}}
{"timestamp": "2026-01-04T00:13:09.108144", "event_type": "SYSTEM_STATUS_CHECK", "user": "root", "data": {}}
{"timestamp": "2026-01-04T00:13:39.108129", "event_type": "SYSTEM_STATUS_CHECK", "user": "root", "data": {}}
{"timestamp": "2026-01-04T00:14:09.107954", "event_type": "SYSTEM_STATUS_CHECK", "user": "root", "data": {}}
{"timestamp": "2026-01-04T00:14:39.108324", "event_type": "SYSTEM_STATUS_CHECK", "user": "root", "data": {}}
{"timestamp": "2026-01-04T00:15:09.109227", "event_type": "SYSTEM_STATUS_CHECK", "user": "root", "data": {}}
{"timestamp": "2026-01-04T00:15:39.109938", "event_type": "SYSTEM_STATUS_CHECK", "user": "root", "data": {}}
{"timestamp": "2026-01-04T00:16:09.108583", "event_type": "SYSTEM_STATUS_CHECK", "user": "root", "data": {}}
{"timestamp": "2026-01-04T00:16:39.108662", "event_type": "SYSTEM_STATUS_CHECK", "user": "root", "data": {}}
{"timestamp": "2026-01-04T00:17:09.108962", "event_type": "SYSTEM_STATUS_CHECK", "user": "root", "data": {}}
{"timestamp": "2026-01-04T00:17:39.109388", "event_type": "SYSTEM_STATUS_CHECK", "user": "root", "data": {}}
{"timestamp": "2026-01-04T00:18:09.109403", "event_type": "SYSTEM_STATUS_CHECK", "user": "root", "data": {}}
{"timestamp": "2026-01-04T00:18:39.109627", "event_type": "SYSTEM_STATUS_CHECK", "user": "root", "data": {}}
{"timestamp": "2026-01-04T00:19:09.110723", "event_type": "SYSTEM_STATUS_CHECK", "user": "root", "data": {}}
{"timestamp": "2026-01-04T00:19:39.110173", "event_type": "SYSTEM_STATUS_CHECK", "user": "root", "data": {}}
{"timestamp": "2026-01-04T00:20:09.109685", "event_type": "SYSTEM_STATUS_CHECK", "user": "root", "data": {}}
{"timestamp": "2026-01-04T00:20:39.904746", "event_type": "SYSTEM_STATUS_CHECK", "user": "root", "data": {}}
{"timestamp": "2026-01-04T00:21:09.904606", "event_type": "SYSTEM_STATUS_CHECK", "user": "root", "data": {}}
{"timestamp": "2026-01-04T00:21:39.901590", "event_type": "SYSTEM_STATUS_CHECK", "user": "root", "data": {}}
{"timestamp": "2026-01-04T00:22:09.900563", "event_type": "SYSTEM_STATUS_CHECK", "user": "root", "data": {}}
{"timestamp": "2026-01-04T00:22:39.905003", "event_type": "SYSTEM_STATUS_CHECK", "user": "root", "data": {}}
{"timestamp": "2026-01-04T00:23:09.905582", "event_type": "SYSTEM_STATUS_CHECK", "user": "root", "data": {}}
{"timestamp": "2026-01-04T00:23:39.905487", "event_type": "SYSTEM_STATUS_CHECK", "user": "root", "data": {}}
{"timestamp": "2026-01-04T00:24:09.901920", "event_type": "SYSTEM_STATUS_CHECK", "user": "root", "data": {}}
{"timestamp": "2026-01-04T00:24:39.906707", "event_type": "SYSTEM_STATUS_CHECK", "user": "root", "data": {}}
{"timestamp": "2026-01-04T00:25:09.907032", "event_type": "SYSTEM_STATUS_CHECK", "user": "root", "data": {}}
{"timestamp": "2026-01-04T00:25:39.907119", "event_type": "SYSTEM_STATUS_CHECK", "user": "root", "data": {}}
{"timestamp": "2026-01-04T00:26:09.902513", "event_type": "SYSTEM_STATUS_CHECK", "user": "root", "data": {}}
{"timestamp": "2026-01-04T00:26:39.907349", "event_type": "SYSTEM_STATUS_CHECK", "user": "root", "data": {}}
{"timestamp": "2026-01-04T00:27:09.908207", "event_type": "SYSTEM_STATUS_CHECK", "user": "root", "data": {}}
{"timestamp": "2026-01-04T00:27:39.907631", "event_type": "SYSTEM_STATUS_CHECK", "user": "root", "data": {}}
{"timestamp": "2026-01-04T00:28:09.903780", "event_type": "SYSTEM_STATUS_CHECK", "user": "root", "data": {}}
{"timestamp": "2026-01-04T00:28:39.908668", "event_type": "SYSTEM_STATUS_CHECK", "user": "root", "data": {}}
{"timestamp": "2026-01-04T00:29:09.908975", "event_type": "SYSTEM_STATUS_CHECK", "user": "root", "data": {}}
{"timestamp": "2026-01-04T00:29:39.908895", "event_type": "SYSTEM_STATUS_CHECK", "user": "root", "data": {}}
{"timestamp": "2026-01-04T00:30:09.904990", "event_type": "SYSTEM_STATUS_CHECK", "user": "root", "data": {}}
{"timestamp": "2026-01-04T00:30:39.909779", "event_type": "SYSTEM_STATUS_CHECK", "user": "root", "data": {}}
{"timestamp": "2026-01-04T00:31:09.910675", "event_type": "SYSTEM_STATUS_CHECK", "user": "root", "data": {}}
{"timestamp": "2026-01-04T00:31:39.909685", "event_type": "SYSTEM_STATUS_CHECK", "user": "root", "data": {}}
{"timestamp": "2026-01-04T00:32:09.911085", "event_type": "SYSTEM_STATUS_CHECK", "user": "root", "data": {}}
{"timestamp": "2026-01-04T00:32:39.910950", "event_type": "SYSTEM_STATUS_CHECK", "user": "root", "data": {}}
{"timestamp": "2026-01-04T00:33:10.699121", "event_type": "SYSTEM_STATUS_CHECK", "user": "root", "data": {}}
{"timestamp": "2026-01-04T00:33:40.699549", "event_type": "SYSTEM_STATUS_CHECK", "user": "root", "data": {}}
{"timestamp": "2026-01-04T00:34:10.700152", "event_type": "SYSTEM_STATUS_CHECK", "user": "root", "data": {}}
{"timestamp": "2026-01-04T00:34:40.695565", "event_type": "SYSTEM_STATUS_CHECK", "user": "root", "data": {}}
{"timestamp": "2026-01-04T00:35:10.721188", "event_type": "SYSTEM_STATUS_CHECK", "user": "root", "data": {}}
{"timestamp": "2026-01-04T00:35:40.700857", "event_type": "SYSTEM_STATUS_CHECK", "user": "root", "data": {}}
{"timestamp": "2026-01-04T00:36:10.699902", "event_type": "SYSTEM_STATUS_CHECK", "user": "root", "data": {}}
{"timestamp": "2026-01-04T00:36:40.697232", "event_type": "SYSTEM_STATUS_CHECK", "user": "root", "data": {}}
{"timestamp": "2026-01-04T00:37:10.701652", "event_type": "SYSTEM_STATUS_CHECK", "user": "root", "data": {}}
{"timestamp": "2026-01-04T00:37:40.701973", "event_type": "SYSTEM_STATUS_CHECK", "user": "root", "data": {}}
{"timestamp": "2026-01-04T00:38:10.702668", "event_type": "SYSTEM_STATUS_CHECK", "user": "root", "data": {}}
{"timestamp": "2026-01-04T00:38:40.697919", "event_type": "SYSTEM_STATUS_CHECK", "user": "root", "data": {}}
{"timestamp": "2026-01-04T00:39:10.703969", "event_type": "SYSTEM_STATUS_CHECK", "user": "root", "data": {}}
{"timestamp": "2026-01-04T00:39:40.703804", "event_type": "SYSTEM_STATUS_CHECK", "user": "root", "data": {}}
{"timestamp": "2026-01-04T00:40:10.702991", "event_type": "SYSTEM_STATUS_CHECK", "user": "root", "data": {}}
{"timestamp": "2026-01-04T00:40:40.699680", "event_type": "SYSTEM_STATUS_CHECK", "user": "root", "data": {}}
{"timestamp": "2026-01-04T00:41:10.704807", "event_type": "SYSTEM_STATUS_CHECK", "user": "root", "data": {}}
{"timestamp": "2026-01-04T00:41:40.704930", "event_type": "SYSTEM_STATUS_CHECK", "user": "root", "data": {}}
{"timestamp": "2026-01-04T00:42:10.704247", "event_type": "SYSTEM_STATUS_CHECK", "user": "root", "data": {}}
{"timestamp": "2026-01-04T00:42:40.705326", "event_type": "SYSTEM_STATUS_CHECK", "user": "root", "data": {}}
{"timestamp": "2026-01-04T00:43:10.705447", "event_type": "SYSTEM_STATUS_CHECK", "user": "root", "data": {}}
{"timestamp": "2026-01-04T00:43:40.705763", "event_type": "SYSTEM_STATUS_CHECK", "user": "root", "data": {}}
{"timestamp": "2026-01-04T00:44:10.703339", "event_type": "SYSTEM_STATUS_CHECK", "user": "root", "data": {}}
{"timestamp": "2026-01-04T00:44:40.706483", "event_type": "SYSTEM_STATUS_CHECK", "user": "root", "data": {}}
{"timestamp": "2026-01-04T00:45:10.707233", "event_type": "SYSTEM_STATUS_CHECK", "user": "root", "data": {}}
{"timestamp": "2026-01-04T00:45:41.496102", "event_type": "SYSTEM_STATUS_CHECK", "user": "root", "data": {}}
{"timestamp": "2026-01-04T00:46:11.495812", "event_type": "SYSTEM_STATUS_CHECK", "user": "root", "data": {}}
{"timestamp": "2026-01-04T00:46:41.491928", "event_type": "SYSTEM_STATUS_CHECK", "user": "root", "data": {}}
{"timestamp": "2026-01-04T00:47:11.498031", "event_type": "SYSTEM_STATUS_CHECK", "user": "root", "data": {}}
{"timestamp": "2026-01-04T00:47:41.496991", "event_type": "SYSTEM_STATUS_CHECK", "user": "root", "data": {}}
{"timestamp": "2026-01-04T00:48:11.497918", "event_type": "SYSTEM_STATUS_CHECK", "user": "root", "data": {}}
{"timestamp": "2026-01-04T00:48:41.493576", "event_type": "SYSTEM_STATUS_CHECK", "user": "root", "data": {}}
{"timestamp": "2026-01-04T00:49:11.494476", "event_type": "SYSTEM_STATUS_CHECK", "user": "root", "data": {}}
{"timestamp": "2026-01-04T00:49:41.498288", "event_type": "SYSTEM_STATUS_CHECK", "user": "root", "data": {}}
{"timestamp": "2026-01-04T00:50:11.499503", "event_type": "SYSTEM_STATUS_CHECK", "user": "root", "data": {}}
{"timestamp": "2026-01-04T00:50:41.494154", "event_type": "SYSTEM_STATUS_CHECK", "user": "root", "data": {}}
{"timestamp": "2026-01-04T00:51:11.499243", "event_type": "SYSTEM_STATUS_CHECK", "user": "root", "data": {}}
{"timestamp": "2026-01-04T00:51:41.499532", "event_type": "SYSTEM_STATUS_CHECK", "user": "root", "data": {}}
{"timestamp": "2026-01-04T00:52:11.500486", "event_type": "SYSTEM_STATUS_CHECK", "user": "root", "data": {}}
{"timestamp": "2026-01-04T00:52:41.499787", "event_type": "SYSTEM_STATUS_CHECK", "user": "root", "data": {}}
{"timestamp": "2026-01-04T00:53:11.500401", "event_type": "SYSTEM_STATUS_CHECK", "user": "root", "data": {}}
{"timestamp": "2026-01-04T00:53:41.500652", "event_type": "SYSTEM_STATUS_CHECK", "user": "root", "data": {}}
{"timestamp": "2026-01-04T00:54:11.496903", "event_type": "SYSTEM_STATUS_CHECK", "user": "root", "data": {}}
{"timestamp": "2026-01-04T00:54:41.501862", "event_type": "SYSTEM_STATUS_CHECK", "user": "root", "data": {}}
{"timestamp": "2026-01-04T00:55:11.501650", "event_type": "SYSTEM_STATUS_CHECK", "user": "root", "data": {}}
{"timestamp": "2026-01-04T00:55:41.501240", "event_type": "SYSTEM_STATUS_CHECK", "user": "root", "data": {}}
{"timestamp": "2026-01-04T00:56:11.506847", "event_type": "SYSTEM_STATUS_CHECK", "user": "root", "data": {}}
{"timestamp": "2026-01-04T00:56:41.502022", "event_type": "SYSTEM_STATUS_CHECK", "user": "root", "data": {}}
{"timestamp": "2026-01-04T00:57:11.502384", "event_type": "SYSTEM_STATUS_CHECK", "user": "root", "data": {}}
{"timestamp": "2026-01-04T00:57:41.503055", "event_type": "SYSTEM_STATUS_CHECK", "user": "root", "data": {}}
{"timestamp": "2026-01-04T00:58:12.293474", "event_type": "SYSTEM_STATUS_CHECK", "user": "root", "data": {}}
{"timestamp": "2026-01-04T00:58:42.288999", "event_type": "SYSTEM_STATUS_CHECK", "user": "root", "data": {}}
{"timestamp": "2026-01-04T00:59:12.291311", "event_type": "SYSTEM_STATUS_CHECK", "user": "root", "data": {}}
{"timestamp": "2026-01-04T00:59:42.293434", "event_type": "SYSTEM_STATUS_CHECK", "user": "root", "data": {}}
{"timestamp": "2026-01-04T01:00:12.294476", "event_type": "SYSTEM_STATUS_CHECK", "user": "root", "data": {}}
{"timestamp": "2026-01-04T01:00:42.294712", "event_type": "SYSTEM_STATUS_CHECK", "user": "root", "data": {}}
{"timestamp": "2026-01-04T01:01:12.295802", "event_type": "SYSTEM_STATUS_CHECK", "user": "root", "data": {}}
{"timestamp": "2026-01-04T01:01:42.294674", "event_type": "SYSTEM_STATUS_CHECK", "user": "root", "data": {}}
{"timestamp": "2026-01-04T01:02:12.302742", "event_type": "SYSTEM_STATUS_CHECK", "user": "root", "data": {}}
{"timestamp": "2026-01-04T01:02:42.291438", "event_type": "SYSTEM_STATUS_CHECK", "user": "root", "data": {}}
{"timestamp": "2026-01-04T01:03:12.295770", "event_type": "SYSTEM_STATUS_CHECK", "user": "root", "data": {}}
{"timestamp": "2026-01-04T01:03:42.296369", "event_type": "SYSTEM_STATUS_CHECK", "user": "root", "data": {}}
{"timestamp": "2026-01-04T01:04:12.294673", "event_type": "SYSTEM_STATUS_CHECK", "user": "root", "data": {}}
{"timestamp": "2026-01-04T01:04:42.292775", "event_type": "SYSTEM_STATUS_CHECK", "user": "root", "data": {}}
{"timestamp": "2026-01-04T01:05:12.297586", "event_type": "SYSTEM_STATUS_CHECK", "user": "root", "data": {}}
{"timestamp": "2026-01-04T01:05:42.297159", "event_type": "SYSTEM_STATUS_CHECK", "user": "root", "data": {}}
{"timestamp": "2026-01-04T01:06:12.299133", "event_type": "SYSTEM_STATUS_CHECK", "user": "root", "data": {}}
{"timestamp": "2026-01-04T01:06:42.293783", "event_type": "SYSTEM_STATUS_CHECK", "user": "root", "data": {}}
{"timestamp": "2026-01-04T01:07:12.299031", "event_type": "SYSTEM_STATUS_CHECK", "user": "root", "data": {}}
{"timestamp": "2026-01-04T01:07:42.298434", "event_type": "SYSTEM_STATUS_CHECK", "user": "root", "data": {}}
{"timestamp": "2026-01-04T01:08:12.299544", "event_type": "SYSTEM_STATUS_CHECK", "user": "root", "data": {}}
{"timestamp": "2026-01-04T01:08:42.294971", "event_type": "SYSTEM_STATUS_CHECK", "user": "root", "data": {}}
{"timestamp": "2026-01-04T01:09:12.300509", "event_type": "SYSTEM_STATUS_CHECK", "user": "root", "data": {}}
{"timestamp": "2026-01-04T01:09:42.300099", "event_type": "SYSTEM_STATUS_CHECK", "user": "root", "data": {}}
{"timestamp": "2026-01-04T01:10:12.299750", "event_type": "SYSTEM_STATUS_CHECK", "user": "root", "data": {}}
{"timestamp": "2026-01-04T01:10:43.068026", "event_type": "SYSTEM_STATUS_CHECK", "user": "root", "data": {}}
{"timestamp": "2026-01-04T01:11:13.067307", "event_type": "SYSTEM_STATUS_CHECK", "user": "root", "data": {}}
{"timestamp": "2026-01-04T01:11:43.066370", "event_type": "SYSTEM_STATUS_CHECK", "user": "root", "data": {}}
{"timestamp": "2026-01-04T01:12:13.066892", "event_type": "SYSTEM_STATUS_CHECK", "user": "root", "data": {}}
{"timestamp": "2026-01-04T01:12:43.067290", "event_type": "SYSTEM_STATUS_CHECK", "user": "root", "data": {}}
{"timestamp": "2026-01-04T01:13:13.066930", "event_type": "SYSTEM_STATUS_CHECK", "user": "root", "data": {}}
{"timestamp": "2026-01-04T01:13:43.067296", "event_type": "SYSTEM_STATUS_CHECK", "user": "root", "data": {}}
{"timestamp": "2026-01-04T01:14:13.067573", "event_type": "SYSTEM_STATUS_CHECK", "user": "root", "data": {}}
{"timestamp": "2026-01-04T01:14:43.067720", "event_type": "SYSTEM_STATUS_CHECK", "user": "root", "data": {}}
{"timestamp": "2026-01-04T01:15:13.067624", "event_type": "SYSTEM_STATUS_CHECK", "user": "root", "data": {}}
{"timestamp": "2026-01-04T01:15:43.067333", "event_type": "SYSTEM_STATUS_CHECK", "user": "root", "data": {}}
{"timestamp": "2026-01-04T01:16:13.069105", "event_type": "SYSTEM_STATUS_CHECK", "user": "root", "data": {}}
{"timestamp": "2026-01-04T01:16:43.068104", "event_type": "SYSTEM_STATUS_CHECK", "user": "root", "data": {}}
{"timestamp": "2026-01-04T01:17:13.068557", "event_type": "SYSTEM_STATUS_CHECK", "user": "root", "data": {}}
{"timestamp": "2026-01-04T01:17:43.069269", "event_type": "SYSTEM_STATUS_CHECK", "user": "root", "data": {}}
{"timestamp": "2026-01-04T01:18:13.068954", "event_type": "SYSTEM_STATUS_CHECK", "user": "root", "data": {}}
{"timestamp": "2026-01-04T01:18:43.069025", "event_type": "SYSTEM_STATUS_CHECK", "user": "root", "data": {}}
{"timestamp": "2026-01-04T01:19:13.068749", "event_type": "SYSTEM_STATUS_CHECK", "user": "root", "data": {}}
{"timestamp": "2026-01-04T01:19:43.069051", "event_type": "SYSTEM_STATUS_CHECK", "user": "root", "data": {}}
{"timestamp": "2026-01-04T01:20:13.071042", "event_type": "SYSTEM_STATUS_CHECK", "user": "root", "data": {}}
{"timestamp": "2026-01-04T01:20:43.069743", "event_type": "SYSTEM_STATUS_CHECK", "user": "root", "data": {}}
{"timestamp": "2026-01-04T01:21:13.069495", "event_type": "SYSTEM_STATUS_CHECK", "user": "root", "data": {}}
{"timestamp": "2026-01-04T01:21:43.070479", "event_type": "SYSTEM_STATUS_CHECK", "user": "root", "data": {}}
{"timestamp": "2026-01-04T01:22:13.071746", "event_type": "SYSTEM_STATUS_CHECK", "user": "root", "data": {}}
{"timestamp": "2026-01-04T01:22:43.070098", "event_type": "SYSTEM_STATUS_CHECK", "user": "root", "data": {}}
{"timestamp": "2026-01-04T01:23:13.863921", "event_type": "SYSTEM_STATUS_CHECK", "user": "root", "data": {}}
{"timestamp": "2026-01-04T01:23:43.864048", "event_type": "SYSTEM_STATUS_CHECK", "user": "root", "data": {}}
{"timestamp": "2026-01-04T01:24:13.865667", "event_type": "SYSTEM_STATUS_CHECK", "user": "root", "data": {}}
{"timestamp": "2026-01-04T01:24:43.860013", "event_type": "SYSTEM_STATUS_CHECK", "user": "root", "data": {}}
{"timestamp": "2026-01-04T01:25:13.865197", "event_type": "SYSTEM_STATUS_CHECK", "user": "root", "data": {}}
{"timestamp": "2026-01-04T01:25:43.864706", "event_type": "SYSTEM_STATUS_CHECK", "user": "root", "data": {}}
{"timestamp": "2026-01-04T01:26:13.866221", "event_type": "SYSTEM_STATUS_CHECK", "user": "root", "data": {}}
{"timestamp": "2026-01-04T01:26:43.860912", "event_type": "SYSTEM_STATUS_CHECK", "user": "root", "data": {}}
{"timestamp": "2026-01-04T01:27:13.866288", "event_type": "SYSTEM_STATUS_CHECK", "user": "root", "data": {}}
{"timestamp": "2026-01-04T01:27:43.865813", "event_type": "SYSTEM_STATUS_CHECK", "user": "root", "data": {}}
{"timestamp": "2026-01-04T01:28:13.866516", "event_type": "SYSTEM_STATUS_CHECK", "user": "root", "data": {}}
{"timestamp": "2026-01-04T01:28:43.862259", "event_type": "SYSTEM_STATUS_CHECK", "user": "root", "data": {}}
{"timestamp": "2026-01-04T01:29:13.867196", "event_type": "SYSTEM_STATUS_CHECK", "user": "root", "data": {}}
{"timestamp": "2026-01-04T01:29:43.867715", "event_type": "SYSTEM_STATUS_CHECK", "user": "root", "data": {}}
{"timestamp": "2026-01-04T01:30:13.867697", "event_type": "SYSTEM_STATUS_CHECK", "user": "root", "data": {}}
{"timestamp": "2026-01-04T01:30:43.868184", "event_type": "SYSTEM_STATUS_CHECK", "user": "root", "data": {}}
{"timestamp": "2026-01-04T01:31:13.869361", "event_type": "SYSTEM_STATUS_CHECK", "user": "root", "data": {}}
{"timestamp": "2026-01-04T01:31:43.869006", "event_type": "SYSTEM_STATUS_CHECK", "user": "root", "data": {}}
{"timestamp": "2026-01-04T01:32:13.871071", "event_type": "SYSTEM_STATUS_CHECK", "user": "root", "data": {}}
{"timestamp": "2026-01-04T01:32:43.868902", "event_type": "SYSTEM_STATUS_CHECK", "user": "root", "data": {}}
{"timestamp": "2026-01-04T01:33:13.865154", "event_type": "SYSTEM_STATUS_CHECK", "user": "root", "data": {}}
{"timestamp": "2026-01-04T01:33:43.869468", "event_type": "SYSTEM_STATUS_CHECK", "user": "root", "data": {}}
{"timestamp": "2026-01-04T01:34:13.870510", "event_type": "SYSTEM_STATUS_CHECK", "user": "root", "data": {}}
{"timestamp": "2026-01-04T01:34:43.870779", "event_type": "SYSTEM_STATUS_CHECK", "user": "root", "data": {}}
{"timestamp": "2026-01-04T01:35:13.871749", "event_type": "SYSTEM_STATUS_CHECK", "user": "root", "data": {}}
{"timestamp": "2026-01-04T01:35:44.660227", "event_type": "SYSTEM_STATUS_CHECK", "user": "root", "data": {}}
{"timestamp": "2026-01-04T01:36:14.658266", "event_type": "SYSTEM_STATUS_CHECK", "user": "root", "data": {}}
{"timestamp": "2026-01-04T01:36:44.660301", "event_type": "SYSTEM_STATUS_CHECK", "user": "root", "data": {}}
{"timestamp": "2026-01-04T01:37:14.655702", "event_type": "SYSTEM_STATUS_CHECK", "user": "root", "data": {}}
{"timestamp": "2026-01-04T01:37:44.660120", "event_type": "SYSTEM_STATUS_CHECK", "user": "root", "data": {}}
{"timestamp": "2026-01-04T01:38:14.660249", "event_type": "SYSTEM_STATUS_CHECK", "user": "root", "data": {}}
{"timestamp": "2026-01-04T01:38:44.660804", "event_type": "SYSTEM_STATUS_CHECK", "user": "root", "data": {}}
{"timestamp": "2026-01-04T01:39:14.660999", "event_type": "SYSTEM_STATUS_CHECK", "user": "root", "data": {}}
{"timestamp": "2026-01-04T01:39:44.661316", "event_type": "SYSTEM_STATUS_CHECK", "user": "root", "data": {}}
{"timestamp": "2026-01-04T01:40:14.661221", "event_type": "SYSTEM_STATUS_CHECK", "user": "root", "data": {}}
{"timestamp": "2026-01-04T01:40:44.661945", "event_type": "SYSTEM_STATUS_CHECK", "user": "root", "data": {}}
{"timestamp": "2026-01-04T01:41:14.659309", "event_type": "SYSTEM_STATUS_CHECK", "user": "root", "data": {}}
{"timestamp": "2026-01-04T01:41:44.661990", "event_type": "SYSTEM_STATUS_CHECK", "user": "root", "data": {}}
{"timestamp": "2026-01-04T01:42:14.657921", "event_type": "SYSTEM_STATUS_CHECK", "user": "root", "data": {}}
{"timestamp": "2026-01-04T01:42:44.663050", "event_type": "SYSTEM_STATUS_CHECK", "user": "root", "data": {}}
{"timestamp": "2026-01-04T01:43:14.666643", "event_type": "SYSTEM_STATUS_CHECK", "user": "root", "data": {}}
{"timestamp": "2026-01-04T01:43:44.663052", "event_type": "SYSTEM_STATUS_CHECK", "user": "root", "data": {}}
{"timestamp": "2026-01-04T01:44:14.659558", "event_type": "SYSTEM_STATUS_CHECK", "user": "root", "data": {}}
{"timestamp": "2026-01-04T01:44:44.663231", "event_type": "SYSTEM_STATUS_CHECK", "user": "root", "data": {}}
{"timestamp": "2026-01-04T01:45:14.659360", "event_type": "SYSTEM_STATUS_CHECK", "user": "root", "data": {}}
{"timestamp": "2026-01-04T01:45:44.663803", "event_type": "SYSTEM_STATUS_CHECK", "user": "root", "data": {}}
{"timestamp": "2026-01-04T01:46:14.665136", "event_type": "SYSTEM_STATUS_CHECK", "user": "root", "data": {}}
{"timestamp": "2026-01-04T01:46:44.664819", "event_type": "SYSTEM_STATUS_CHECK", "user": "root", "data": {}}
{"timestamp": "2026-01-04T01:47:14.660662", "event_type": "SYSTEM_STATUS_CHECK", "user": "root", "data": {}}
{"timestamp": "2026-01-04T01:47:44.665996", "event_type": "SYSTEM_STATUS_CHECK", "user": "root", "data": {}}
{"timestamp": "2026-01-04T01:48:15.449831", "event_type": "SYSTEM_STATUS_CHECK", "user": "root", "data": {}}
{"timestamp": "2026-01-04T01:48:45.451581", "event_type": "SYSTEM_STATUS_CHECK", "user": "root", "data": {}}
{"timestamp": "2026-01-04T01:49:15.446519", "event_type": "SYSTEM_STATUS_CHECK", "user": "root", "data": {}}
{"timestamp": "2026-01-04T01:49:45.451499", "event_type": "SYSTEM_STATUS_CHECK", "user": "root", "data": {}}
{"timestamp": "2026-01-04T01:50:15.451108", "event_type": "SYSTEM_STATUS_CHECK", "user": "root", "data": {}}
{"timestamp": "2026-01-04T01:50:45.451464", "event_type": "SYSTEM_STATUS_CHECK", "user": "root", "data": {}}
{"timestamp": "2026-01-04T01:51:15.447895", "event_type": "SYSTEM_STATUS_CHECK", "user": "root", "data": {}}
{"timestamp": "2026-01-04T01:51:45.452142", "event_type": "SYSTEM_STATUS_CHECK", "user": "root", "data": {}}
{"timestamp": "2026-01-04T01:52:15.454024", "event_type": "SYSTEM_STATUS_CHECK", "user": "root", "data": {}}
{"timestamp": "2026-01-04T01:52:45.452616", "event_type": "SYSTEM_STATUS_CHECK", "user": "root", "data": {}}
{"timestamp": "2026-01-04T01:53:15.448428", "event_type": "SYSTEM_STATUS_CHECK", "user": "root", "data": {}}
{"timestamp": "2026-01-04T01:53:45.453102", "event_type": "SYSTEM_STATUS_CHECK", "user": "root", "data": {}}
{"timestamp": "2026-01-04T01:54:15.454117", "event_type": "SYSTEM_STATUS_CHECK", "user": "root", "data": {}}
{"timestamp": "2026-01-04T01:54:45.454166", "event_type": "SYSTEM_STATUS_CHECK", "user": "root", "data": {}}
{"timestamp": "2026-01-04T01:55:15.458426", "event_type": "SYSTEM_STATUS_CHECK", "user": "root", "data": {}}
{"timestamp": "2026-01-04T01:55:45.454640", "event_type": "SYSTEM_STATUS_CHECK", "user": "root", "data": {}}
{"timestamp": "2026-01-04T01:56:15.454517", "event_type": "SYSTEM_STATUS_CHECK", "user": "root", "data": {}}
{"timestamp": "2026-01-04T01:56:45.454529", "event_type": "SYSTEM_STATUS_CHECK", "user": "root", "data": {}}
{"timestamp": "2026-01-04T01:57:15.453479", "event_type": "SYSTEM_STATUS_CHECK", "user": "root", "data": {}}
{"timestamp": "2026-01-04T01:57:45.455654", "event_type": "SYSTEM_STATUS_CHECK", "user": "root", "data": {}}
{"timestamp": "2026-01-04T01:58:15.455563", "event_type": "SYSTEM_STATUS_CHECK", "user": "root", "data": {}}
{"timestamp": "2026-01-04T01:58:45.455823", "event_type": "SYSTEM_STATUS_CHECK", "user": "root", "data": {}}
{"timestamp": "2026-01-04T01:59:15.452149", "event_type": "SYSTEM_STATUS_CHECK", "user": "root", "data": {}}
{"timestamp": "2026-01-04T01:59:45.457086", "event_type": "SYSTEM_STATUS_CHECK", "user": "root", "data": {}}
{"timestamp": "2026-01-04T02:00:15.452494", "event_type": "SYSTEM_STATUS_CHECK", "user": "root", "data": {}}
{"timestamp": "2026-01-04T02:00:46.240970", "event_type": "SYSTEM_STATUS_CHECK", "user": "root", "data": {}}
{"timestamp": "2026-01-04T02:01:16.236973", "event_type": "SYSTEM_STATUS_CHECK", "user": "root", "data": {}}
{"timestamp": "2026-01-04T02:01:46.241805", "event_type": "SYSTEM_STATUS_CHECK", "user": "root", "data": {}}
{"timestamp": "2026-01-04T02:02:16.242505", "event_type": "SYSTEM_STATUS_CHECK", "user": "root", "data": {}}
{"timestamp": "2026-01-04T02:02:46.237766", "event_type": "SYSTEM_STATUS_CHECK", "user": "root", "data": {}}
{"timestamp": "2026-01-04T02:03:16.243623", "event_type": "SYSTEM_STATUS_CHECK", "user": "root", "data": {}}
{"timestamp": "2026-01-04T02:03:46.238439", "event_type": "SYSTEM_STATUS_CHECK", "user": "root", "data": {}}
{"timestamp": "2026-01-04T02:04:16.243837", "event_type": "SYSTEM_STATUS_CHECK", "user": "root", "data": {}}
{"timestamp": "2026-01-04T02:04:46.243370", "event_type": "SYSTEM_STATUS_CHECK", "user": "root", "data": {}}
{"timestamp": "2026-01-04T02:05:16.244172", "event_type": "SYSTEM_STATUS_CHECK", "user": "root", "data": {}}
{"timestamp": "2026-01-04T02:05:46.239559", "event_type": "SYSTEM_STATUS_CHECK", "user": "root", "data": {}}
{"timestamp": "2026-01-04T02:06:16.244669", "event_type": "SYSTEM_STATUS_CHECK", "user": "root", "data": {}}
{"timestamp": "2026-01-04T02:06:46.244840", "event_type": "SYSTEM_STATUS_CHECK", "user": "root", "data": {}}
{"timestamp": "2026-01-04T02:07:16.244913", "event_type": "SYSTEM_STATUS_CHECK", "user": "root", "data": {}}
{"timestamp": "2026-01-04T02:07:46.240756", "event_type": "SYSTEM_STATUS_CHECK", "user": "root", "data": {}}
{"timestamp": "2026-01-04T02:08:16.245585", "event_type": "SYSTEM_STATUS_CHECK", "user": "root", "data": {}}
{"timestamp": "2026-01-04T02:08:46.245533", "event_type": "SYSTEM_STATUS_CHECK", "user": "root", "data": {}}
{"timestamp": "2026-01-04T02:09:16.246963", "event_type": "SYSTEM_STATUS_CHECK", "user": "root", "data": {}}
{"timestamp": "2026-01-04T02:09:46.242328", "event_type": "SYSTEM_STATUS_CHECK", "user": "root", "data": {}}
{"timestamp": "2026-01-04T02:10:16.246128", "event_type": "SYSTEM_STATUS_CHECK", "user": "root", "data": {}}
{"timestamp": "2026-01-04T02:10:46.260484", "event_type": "SYSTEM_STATUS_CHECK", "user": "root", "data": {}}
{"timestamp": "2026-01-04T02:11:16.247326", "event_type": "SYSTEM_STATUS_CHECK", "user": "root", "data": {}}
{"timestamp": "2026-01-04T02:11:46.243033", "event_type": "SYSTEM_STATUS_CHECK", "user": "root", "data": {}}
{"timestamp": "2026-01-04T02:12:16.248732", "event_type": "SYSTEM_STATUS_CHECK", "user": "root", "data": {}}
{"timestamp": "2026-01-04T02:12:46.248908", "event_type": "SYSTEM_STATUS_CHECK", "user": "root", "data": {}}
{"timestamp": "2026-01-04T02:13:17.032164", "event_type": "SYSTEM_STATUS_CHECK", "user": "root", "data": {}}
{"timestamp": "2026-01-04T02:13:47.032660", "event_type": "SYSTEM_STATUS_CHECK", "user": "root", "data": {}}
{"timestamp": "2026-01-04T02:14:17.038287", "event_type": "SYSTEM_STATUS_CHECK", "user": "root", "data": {}}
{"timestamp": "2026-01-04T02:14:47.032954", "event_type": "SYSTEM_STATUS_CHECK", "user": "root", "data": {}}
{"timestamp": "2026-01-04T02:15:17.038780", "event_type": "SYSTEM_STATUS_CHECK", "user": "root", "data": {}}
{"timestamp": "2026-01-04T02:15:47.033344", "event_type": "SYSTEM_STATUS_CHECK", "user": "root", "data": {}}
{"timestamp": "2026-01-04T02:16:17.037604", "event_type": "SYSTEM_STATUS_CHECK", "user": "root", "data": {}}
{"timestamp": "2026-01-04T02:16:47.037486", "event_type": "SYSTEM_STATUS_CHECK", "user": "root", "data": {}}
{"timestamp": "2026-01-04T02:17:17.038378", "event_type": "SYSTEM_STATUS_CHECK", "user": "root", "data": {}}
{"timestamp": "2026-01-04T02:17:47.034729", "event_type": "SYSTEM_STATUS_CHECK", "user": "root", "data": {}}
{"timestamp": "2026-01-04T02:18:17.039502", "event_type": "SYSTEM_STATUS_CHECK", "user": "root", "data": {}}
{"timestamp": "2026-01-04T02:18:47.040403", "event_type": "SYSTEM_STATUS_CHECK", "user": "root", "data": {}}
{"timestamp": "2026-01-04T02:19:17.038735", "event_type": "SYSTEM_STATUS_CHECK", "user": "root", "data": {}}
{"timestamp": "2026-01-04T02:19:47.036477", "event_type": "SYSTEM_STATUS_CHECK", "user": "root", "data": {}}
{"timestamp": "2026-01-04T02:20:17.042133", "event_type": "SYSTEM_STATUS_CHECK", "user": "root", "data": {}}
{"timestamp": "2026-01-04T02:20:47.039116", "event_type": "SYSTEM_STATUS_CHECK", "user": "root", "data": {}}
{"timestamp": "2026-01-04T02:21:17.038139", "event_type": "SYSTEM_STATUS_CHECK", "user": "root", "data": {}}
{"timestamp": "2026-01-04T02:21:47.037035", "event_type": "SYSTEM_STATUS_CHECK", "user": "root", "data": {}}
{"timestamp": "2026-01-04T02:22:17.041309", "event_type": "SYSTEM_STATUS_CHECK", "user": "root", "data": {}}
{"timestamp": "2026-01-04T02:22:47.039133", "event_type": "SYSTEM_STATUS_CHECK", "user": "root", "data": {}}
{"timestamp": "2026-01-04T02:23:17.043127", "event_type": "SYSTEM_STATUS_CHECK", "user": "root", "data": {}}
{"timestamp": "2026-01-04T02:23:47.038314", "event_type": "SYSTEM_STATUS_CHECK", "user": "root", "data": {}}
{"timestamp": "2026-01-04T02:24:17.045808", "event_type": "SYSTEM_STATUS_CHECK", "user": "root", "data": {}}
{"timestamp": "2026-01-04T02:24:47.040626", "event_type": "SYSTEM_STATUS_CHECK", "user": "root", "data": {}}
{"timestamp": "2026-01-04T02:25:17.041168", "event_type": "SYSTEM_STATUS_CHECK", "user": "root", "data": {}}
{"timestamp": "2026-01-04T02:25:47.825964", "event_type": "SYSTEM_STATUS_CHECK", "user": "root", "data": {}}
{"timestamp": "2026-01-04T02:26:17.831139", "event_type": "SYSTEM_STATUS_CHECK", "user": "root", "data": {}}
{"timestamp": "2026-01-04T02:26:47.830828", "event_type": "SYSTEM_STATUS_CHECK", "user": "root", "data": {}}
{"timestamp": "2026-01-04T02:27:17.833048", "event_type": "SYSTEM_STATUS_CHECK", "user": "root", "data": {}}
{"timestamp": "2026-01-04T02:27:47.827259", "event_type": "SYSTEM_STATUS_CHECK", "user": "root", "data": {}}
{"timestamp": "2026-01-04T02:28:17.832260", "event_type": "SYSTEM_STATUS_CHECK", "user": "root", "data": {}}
{"timestamp": "2026-01-04T02:28:47.832832", "event_type": "SYSTEM_STATUS_CHECK", "user": "root", "data": {}}
{"timestamp": "2026-01-04T02:29:17.833281", "event_type": "SYSTEM_STATUS_CHECK", "user": "root", "data": {}}
{"timestamp": "2026-01-04T02:29:47.828890", "event_type": "SYSTEM_STATUS_CHECK", "user": "root", "data": {}}
{"timestamp": "2026-01-04T02:30:17.833970", "event_type": "SYSTEM_STATUS_CHECK", "user": "root", "data": {}}
{"timestamp": "2026-01-04T02:30:47.829854", "event_type": "SYSTEM_STATUS_CHECK", "user": "root", "data": {}}
{"timestamp": "2026-01-04T02:31:17.835302", "event_type": "SYSTEM_STATUS_CHECK", "user": "root", "data": {}}
{"timestamp": "2026-01-04T02:31:47.829794", "event_type": "SYSTEM_STATUS_CHECK", "user": "root", "data": {}}
{"timestamp": "2026-01-04T02:32:17.830350", "event_type": "SYSTEM_STATUS_CHECK", "user": "root", "data": {}}
{"timestamp": "2026-01-04T02:32:47.835016", "event_type": "SYSTEM_STATUS_CHECK", "user": "root", "data": {}}
{"timestamp": "2026-01-04T02:33:17.835656", "event_type": "SYSTEM_STATUS_CHECK", "user": "root", "data": {}}
{"timestamp": "2026-01-04T02:33:47.835350", "event_type": "SYSTEM_STATUS_CHECK", "user": "root", "data": {}}
{"timestamp": "2026-01-04T02:34:17.831763", "event_type": "SYSTEM_STATUS_CHECK", "user": "root", "data": {}}
{"timestamp": "2026-01-04T02:34:47.836216", "event_type": "SYSTEM_STATUS_CHECK", "user": "root", "data": {}}
{"timestamp": "2026-01-04T02:35:17.836743", "event_type": "SYSTEM_STATUS_CHECK", "user": "root", "data": {}}
{"timestamp": "2026-01-04T02:35:47.836803", "event_type": "SYSTEM_STATUS_CHECK", "user": "root", "data": {}}
{"timestamp": "2026-01-04T02:36:17.832735", "event_type": "SYSTEM_STATUS_CHECK", "user": "root", "data": {}}
{"timestamp": "2026-01-04T02:36:47.837680", "event_type": "SYSTEM_STATUS_CHECK", "user": "root", "data": {}}
{"timestamp": "2026-01-04T02:37:17.838353", "event_type": "SYSTEM_STATUS_CHECK", "user": "root", "data": {}}
{"timestamp": "2026-01-04T02:37:47.838526", "event_type": "SYSTEM_STATUS_CHECK", "user": "root", "data": {}}
{"timestamp": "2026-01-04T02:38:18.583467", "event_type": "SYSTEM_STATUS_CHECK", "user": "root", "data": {}}
{"timestamp": "2026-01-04T02:38:48.600463", "event_type": "SYSTEM_STATUS_CHECK", "user": "root", "data": {}}
{"timestamp": "2026-01-04T02:39:18.588765", "event_type": "SYSTEM_STATUS_CHECK", "user": "root", "data": {}}
{"timestamp": "2026-01-04T02:39:48.588185", "event_type": "SYSTEM_STATUS_CHECK", "user": "root", "data": {}}
{"timestamp": "2026-01-04T02:40:18.586182", "event_type": "SYSTEM_STATUS_CHECK", "user": "root", "data": {}}
{"timestamp": "2026-01-04T02:40:48.588773", "event_type": "SYSTEM_STATUS_CHECK", "user": "root", "data": {}}
{"timestamp": "2026-01-04T02:41:18.589950", "event_type": "SYSTEM_STATUS_CHECK", "user": "root", "data": {}}
{"timestamp": "2026-01-04T02:41:48.589717", "event_type": "SYSTEM_STATUS_CHECK", "user": "root", "data": {}}
{"timestamp": "2026-01-04T02:42:18.585341", "event_type": "SYSTEM_STATUS_CHECK", "user": "root", "data": {}}
{"timestamp": "2026-01-04T02:42:48.590694", "event_type": "SYSTEM_STATUS_CHECK", "user": "root", "data": {}}
{"timestamp": "2026-01-04T02:43:18.590836", "event_type": "SYSTEM_STATUS_CHECK", "user": "root", "data": {}}
{"timestamp": "2026-01-04T02:43:48.590212", "event_type": "SYSTEM_STATUS_CHECK", "user": "root", "data": {}}
{"timestamp": "2026-01-04T02:44:18.586601", "event_type": "SYSTEM_STATUS_CHECK", "user": "root", "data": {}}
{"timestamp": "2026-01-04T02:44:48.591935", "event_type": "SYSTEM_STATUS_CHECK", "user": "root", "data": {}}
{"timestamp": "2026-01-04T02:45:18.591374", "event_type": "SYSTEM_STATUS_CHECK", "user": "root", "data": {}}
{"timestamp": "2026-01-04T02:45:48.591660", "event_type": "SYSTEM_STATUS_CHECK", "user": "root", "data": {}}
{"timestamp": "2026-01-04T02:46:18.587657", "event_type": "SYSTEM_STATUS_CHECK", "user": "root", "data": {}}
{"timestamp": "2026-01-04T02:46:48.593378", "event_type": "SYSTEM_STATUS_CHECK", "user": "root", "data": {}}
{"timestamp": "2026-01-04T02:47:18.592152", "event_type": "SYSTEM_STATUS_CHECK", "user": "root", "data": {}}
{"timestamp": "2026-01-04T02:47:48.592637", "event_type": "SYSTEM_STATUS_CHECK", "user": "root", "data": {}}
{"timestamp": "2026-01-04T02:48:18.597615", "event_type": "SYSTEM_STATUS_CHECK", "user": "root", "data": {}}
{"timestamp": "2026-01-04T02:48:48.593681", "event_type": "SYSTEM_STATUS_CHECK", "user": "root", "data": {}}
{"timestamp": "2026-01-04T02:49:18.594822", "event_type": "SYSTEM_STATUS_CHECK", "user": "root", "data": {}}
{"timestamp": "2026-01-04T02:49:48.592668", "event_type": "SYSTEM_STATUS_CHECK", "user": "root", "data": {}}
{"timestamp": "2026-01-04T02:50:18.594107", "event_type": "SYSTEM_STATUS_CHECK", "user": "root", "data": {}}
{"timestamp": "2026-01-04T02:50:49.380722", "event_type": "SYSTEM_STATUS_CHECK", "user": "root", "data": {}}
{"timestamp": "2026-01-04T02:51:19.375910", "event_type": "SYSTEM_STATUS_CHECK", "user": "root", "data": {}}
{"timestamp": "2026-01-04T02:51:49.376202", "event_type": "SYSTEM_STATUS_CHECK", "user": "root", "data": {}}
{"timestamp": "2026-01-04T02:52:19.371761", "event_type": "SYSTEM_STATUS_CHECK", "user": "root", "data": {}}
{"timestamp": "2026-01-04T02:52:49.376992", "event_type": "SYSTEM_STATUS_CHECK", "user": "root", "data": {}}
{"timestamp": "2026-01-04T02:53:19.376867", "event_type": "SYSTEM_STATUS_CHECK", "user": "root", "data": {}}
{"timestamp": "2026-01-04T02:53:49.377778", "event_type": "SYSTEM_STATUS_CHECK", "user": "root", "data": {}}
{"timestamp": "2026-01-04T02:54:19.372983", "event_type": "SYSTEM_STATUS_CHECK", "user": "root", "data": {}}
{"timestamp": "2026-01-04T02:54:49.378282", "event_type": "SYSTEM_STATUS_CHECK", "user": "root", "data": {}}
{"timestamp": "2026-01-04T02:55:19.378188", "event_type": "SYSTEM_STATUS_CHECK", "user": "root", "data": {}}
{"timestamp": "2026-01-04T02:55:49.377851", "event_type": "SYSTEM_STATUS_CHECK", "user": "root", "data": {}}
{"timestamp": "2026-01-04T02:56:19.373962", "event_type": "SYSTEM_STATUS_CHECK", "user": "root", "data": {}}
{"timestamp": "2026-01-04T02:56:49.379205", "event_type": "SYSTEM_STATUS_CHECK", "user": "root", "data": {}}
{"timestamp": "2026-01-04T02:57:19.378675", "event_type": "SYSTEM_STATUS_CHECK", "user": "root", "data": {}}
{"timestamp": "2026-01-04T02:57:49.379102", "event_type": "SYSTEM_STATUS_CHECK", "user": "root", "data": {}}
{"timestamp": "2026-01-04T02:58:19.380152", "event_type": "SYSTEM_STATUS_CHECK", "user": "root", "data": {}}
{"timestamp": "2026-01-04T02:58:49.379587", "event_type": "SYSTEM_STATUS_CHECK", "user": "root", "data": {}}
{"timestamp": "2026-01-04T02:59:19.381127", "event_type": "SYSTEM_STATUS_CHECK", "user": "root", "data": {}}
{"timestamp": "2026-01-04T02:59:49.380488", "event_type": "SYSTEM_STATUS_CHECK", "user": "root", "data": {}}
{"timestamp": "2026-01-04T03:00:19.385252", "event_type": "SYSTEM_STATUS_CHECK", "user": "root", "data": {}}
{"timestamp": "2026-01-04T03:00:49.376813", "event_type": "SYSTEM_STATUS_CHECK", "user": "root", "data": {}}
{"timestamp": "2026-01-04T03:01:19.379827", "event_type": "SYSTEM_STATUS_CHECK", "user": "root", "data": {}}
{"timestamp": "2026-01-04T03:01:49.382146", "event_type": "SYSTEM_STATUS_CHECK", "user": "root", "data": {}}
{"timestamp": "2026-01-04T03:02:19.377941", "event_type": "SYSTEM_STATUS_CHECK", "user": "root", "data": {}}
{"timestamp": "2026-01-04T03:02:49.382282", "event_type": "SYSTEM_STATUS_CHECK", "user": "root", "data": {}}
{"timestamp": "2026-01-04T03:03:20.164850", "event_type": "SYSTEM_STATUS_CHECK", "user": "root", "data": {}}
{"timestamp": "2026-01-04T03:03:50.169401", "event_type": "SYSTEM_STATUS_CHECK", "user": "root", "data": {}}
{"timestamp": "2026-01-04T03:04:20.167089", "event_type": "SYSTEM_STATUS_CHECK", "user": "root", "data": {}}
{"timestamp": "2026-01-04T03:04:50.165045", "event_type": "SYSTEM_STATUS_CHECK", "user": "root", "data": {}}
{"timestamp": "2026-01-04T03:05:20.165660", "event_type": "SYSTEM_STATUS_CHECK", "user": "root", "data": {}}
{"timestamp": "2026-01-04T03:05:50.166691", "event_type": "SYSTEM_STATUS_CHECK", "user": "root", "data": {}}
{"timestamp": "2026-01-04T03:06:20.170477", "event_type": "SYSTEM_STATUS_CHECK", "user": "root", "data": {}}
{"timestamp": "2026-01-04T03:06:50.166267", "event_type": "SYSTEM_STATUS_CHECK", "user": "root", "data": {}}
{"timestamp": "2026-01-04T03:07:20.168197", "event_type": "SYSTEM_STATUS_CHECK", "user": "root", "data": {}}
{"timestamp": "2026-01-04T03:07:50.169938", "event_type": "SYSTEM_STATUS_CHECK", "user": "root", "data": {}}
{"timestamp": "2026-01-04T03:08:20.166486", "event_type": "SYSTEM_STATUS_CHECK", "user": "root", "data": {}}
{"timestamp": "2026-01-04T03:08:50.166665", "event_type": "SYSTEM_STATUS_CHECK", "user": "root", "data": {}}
{"timestamp": "2026-01-04T03:09:20.173337", "event_type": "SYSTEM_STATUS_CHECK", "user": "root", "data": {}}
{"timestamp": "2026-01-04T03:09:50.168638", "event_type": "SYSTEM_STATUS_CHECK", "user": "root", "data": {}}
{"timestamp": "2026-01-04T03:10:20.173373", "event_type": "SYSTEM_STATUS_CHECK", "user": "root", "data": {}}
{"timestamp": "2026-01-04T03:10:50.172046", "event_type": "SYSTEM_STATUS_CHECK", "user": "root", "data": {}}
{"timestamp": "2026-01-04T03:11:20.174585", "event_type": "SYSTEM_STATUS_CHECK", "user": "root", "data": {}}
{"timestamp": "2026-01-04T03:11:50.170166", "event_type": "SYSTEM_STATUS_CHECK", "user": "root", "data": {}}
{"timestamp": "2026-01-04T03:12:20.168770", "event_type": "SYSTEM_STATUS_CHECK", "user": "root", "data": {}}
{"timestamp": "2026-01-04T03:12:50.173448", "event_type": "SYSTEM_STATUS_CHECK", "user": "root", "data": {}}
{"timestamp": "2026-01-04T03:13:20.170321", "event_type": "SYSTEM_STATUS_CHECK", "user": "root", "data": {}}
{"timestamp": "2026-01-04T03:13:50.171781", "event_type": "SYSTEM_STATUS_CHECK", "user": "root", "data": {}}
{"timestamp": "2026-01-04T03:14:20.178599", "event_type": "SYSTEM_STATUS_CHECK", "user": "root", "data": {}}
{"timestamp": "2026-01-04T03:14:50.174535", "event_type": "SYSTEM_STATUS_CHECK", "user": "root", "data": {}}
{"timestamp": "2026-01-04T03:15:20.174773", "event_type": "SYSTEM_STATUS_CHECK", "user": "root", "data": {}}
{"timestamp": "2026-01-04T03:15:50.960297", "event_type": "SYSTEM_STATUS_CHECK", "user": "root", "data": {}}
{"timestamp": "2026-01-04T03:16:20.960565", "event_type": "SYSTEM_STATUS_CHECK", "user": "root", "data": {}}
{"timestamp": "2026-01-04T03:16:50.956224", "event_type": "SYSTEM_STATUS_CHECK", "user": "root", "data": {}}
{"timestamp": "2026-01-04T03:17:20.961644", "event_type": "SYSTEM_STATUS_CHECK", "user": "root", "data": {}}
{"timestamp": "2026-01-04T03:17:50.961043", "event_type": "SYSTEM_STATUS_CHECK", "user": "root", "data": {}}
{"timestamp": "2026-01-04T03:18:20.961869", "event_type": "SYSTEM_STATUS_CHECK", "user": "root", "data": {}}
{"timestamp": "2026-01-04T03:18:50.957914", "event_type": "SYSTEM_STATUS_CHECK", "user": "root", "data": {}}
{"timestamp": "2026-01-04T03:19:20.962744", "event_type": "SYSTEM_STATUS_CHECK", "user": "root", "data": {}}
{"timestamp": "2026-01-04T03:19:50.963224", "event_type": "SYSTEM_STATUS_CHECK", "user": "root", "data": {}}
{"timestamp": "2026-01-04T03:20:20.963681", "event_type": "SYSTEM_STATUS_CHECK", "user": "root", "data": {}}
{"timestamp": "2026-01-04T03:20:50.962566", "event_type": "SYSTEM_STATUS_CHECK", "user": "root", "data": {}}
{"timestamp": "2026-01-04T03:21:20.963793", "event_type": "SYSTEM_STATUS_CHECK", "user": "root", "data": {}}
{"timestamp": "2026-01-04T03:21:50.964469", "event_type": "SYSTEM_STATUS_CHECK", "user": "root", "data": {}}
{"timestamp": "2026-01-04T03:22:20.964232", "event_type": "SYSTEM_STATUS_CHECK", "user": "root", "data": {}}
{"timestamp": "2026-01-04T03:22:50.964191", "event_type": "SYSTEM_STATUS_CHECK", "user": "root", "data": {}}
{"timestamp": "2026-01-04T03:23:20.964749", "event_type": "SYSTEM_STATUS_CHECK", "user": "root", "data": {}}
{"timestamp": "2026-01-04T03:23:50.965509", "event_type": "SYSTEM_STATUS_CHECK", "user": "root", "data": {}}
{"timestamp": "2026-01-04T03:24:20.960896", "event_type": "SYSTEM_STATUS_CHECK", "user": "root", "data": {}}
{"timestamp": "2026-01-04T03:24:50.966457", "event_type": "SYSTEM_STATUS_CHECK", "user": "root", "data": {}}
{"timestamp": "2026-01-04T03:25:20.965336", "event_type": "SYSTEM_STATUS_CHECK", "user": "root", "data": {}}
{"timestamp": "2026-01-04T03:25:50.966117", "event_type": "SYSTEM_STATUS_CHECK", "user": "root", "data": {}}
{"timestamp": "2026-01-04T03:26:20.961744", "event_type": "SYSTEM_STATUS_CHECK", "user": "root", "data": {}}
{"timestamp": "2026-01-04T03:26:50.965178", "event_type": "SYSTEM_STATUS_CHECK", "user": "root", "data": {}}
{"timestamp": "2026-01-04T03:27:20.967010", "event_type": "SYSTEM_STATUS_CHECK", "user": "root", "data": {}}
{"timestamp": "2026-01-04T03:27:50.966817", "event_type": "SYSTEM_STATUS_CHECK", "user": "root", "data": {}}
{"timestamp": "2026-01-04T03:28:21.750457", "event_type": "SYSTEM_STATUS_CHECK", "user": "root", "data": {}}
{"timestamp": "2026-01-04T03:28:51.745745", "event_type": "SYSTEM_STATUS_CHECK", "user": "root", "data": {}}
{"timestamp": "2026-01-04T03:29:21.751279", "event_type": "SYSTEM_STATUS_CHECK", "user": "root", "data": {}}
{"timestamp": "2026-01-04T03:29:51.751190", "event_type": "SYSTEM_STATUS_CHECK", "user": "root", "data": {}}
{"timestamp": "2026-01-04T03:30:21.751473", "event_type": "SYSTEM_STATUS_CHECK", "user": "root", "data": {}}
{"timestamp": "2026-01-04T03:30:51.751696", "event_type": "SYSTEM_STATUS_CHECK", "user": "root", "data": {}}
{"timestamp": "2026-01-04T03:31:21.751987", "event_type": "SYSTEM_STATUS_CHECK", "user": "root", "data": {}}
{"timestamp": "2026-01-04T03:31:51.753084", "event_type": "SYSTEM_STATUS_CHECK", "user": "root", "data": {}}
{"timestamp": "2026-01-04T03:32:21.753724", "event_type": "SYSTEM_STATUS_CHECK", "user": "root", "data": {}}
{"timestamp": "2026-01-04T03:32:51.764478", "event_type": "SYSTEM_STATUS_CHECK", "user": "root", "data": {}}
{"timestamp": "2026-01-04T03:33:21.753135", "event_type": "SYSTEM_STATUS_CHECK", "user": "root", "data": {}}
{"timestamp": "2026-01-04T03:33:51.754309", "event_type": "SYSTEM_STATUS_CHECK", "user": "root", "data": {}}
{"timestamp": "2026-01-04T03:34:21.754403", "event_type": "SYSTEM_STATUS_CHECK", "user": "root", "data": {}}
{"timestamp": "2026-01-04T03:34:51.750352", "event_type": "SYSTEM_STATUS_CHECK", "user": "root", "data": {}}
{"timestamp": "2026-01-04T03:35:21.754246", "event_type": "SYSTEM_STATUS_CHECK", "user": "root", "data": {}}
{"timestamp": "2026-01-04T03:35:51.755373", "event_type": "SYSTEM_STATUS_CHECK", "user": "root", "data": {}}
{"timestamp": "2026-01-04T03:36:21.755151", "event_type": "SYSTEM_STATUS_CHECK", "user": "root", "data": {}}
{"timestamp": "2026-01-04T03:36:51.751690", "event_type": "SYSTEM_STATUS_CHECK", "user": "root", "data": {}}
{"timestamp": "2026-01-04T03:37:21.756155", "event_type": "SYSTEM_STATUS_CHECK", "user": "root", "data": {}}
{"timestamp": "2026-01-04T03:37:51.769290", "event_type": "SYSTEM_STATUS_CHECK", "user": "root", "data": {}}
{"timestamp": "2026-01-04T03:38:21.756821", "event_type": "SYSTEM_STATUS_CHECK", "user": "root", "data": {}}
{"timestamp": "2026-01-04T03:38:51.752325", "event_type": "SYSTEM_STATUS_CHECK", "user": "root", "data": {}}
{"timestamp": "2026-01-04T03:39:21.757610", "event_type": "SYSTEM_STATUS_CHECK", "user": "root", "data": {}}
{"timestamp": "2026-01-04T03:39:51.758306", "event_type": "SYSTEM_STATUS_CHECK", "user": "root", "data": {}}
{"timestamp": "2026-01-04T03:40:21.758072", "event_type": "SYSTEM_STATUS_CHECK", "user": "root", "data": {}}
{"timestamp": "2026-01-04T03:40:52.518168", "event_type": "SYSTEM_STATUS_CHECK", "user": "root", "data": {}}
{"timestamp": "2026-01-04T03:41:22.514626", "event_type": "SYSTEM_STATUS_CHECK", "user": "root", "data": {}}
{"timestamp": "2026-01-04T03:41:52.518340", "event_type": "SYSTEM_STATUS_CHECK", "user": "root", "data": {}}
{"timestamp": "2026-01-04T03:42:22.520515", "event_type": "SYSTEM_STATUS_CHECK", "user": "root", "data": {}}
{"timestamp": "2026-01-04T03:42:52.519459", "event_type": "SYSTEM_STATUS_CHECK", "user": "root", "data": {}}
{"timestamp": "2026-01-04T03:43:22.519941", "event_type": "SYSTEM_STATUS_CHECK", "user": "root", "data": {}}
{"timestamp": "2026-01-04T03:43:52.519809", "event_type": "SYSTEM_STATUS_CHECK", "user": "root", "data": {}}
{"timestamp": "2026-01-04T03:44:22.521063", "event_type": "SYSTEM_STATUS_CHECK", "user": "root", "data": {}}
{"timestamp": "2026-01-04T03:44:52.516547", "event_type": "SYSTEM_STATUS_CHECK", "user": "root", "data": {}}
{"timestamp": "2026-01-04T03:45:22.521469", "event_type": "SYSTEM_STATUS_CHECK", "user": "root", "data": {}}
{"timestamp": "2026-01-04T03:45:52.520566", "event_type": "SYSTEM_STATUS_CHECK", "user": "root", "data": {}}
{"timestamp": "2026-01-04T03:46:22.521514", "event_type": "SYSTEM_STATUS_CHECK", "user": "root", "data": {}}
{"timestamp": "2026-01-04T03:46:52.517323", "event_type": "SYSTEM_STATUS_CHECK", "user": "root", "data": {}}
{"timestamp": "2026-01-04T03:47:22.522946", "event_type": "SYSTEM_STATUS_CHECK", "user": "root", "data": {}}
{"timestamp": "2026-01-04T03:47:52.522808", "event_type": "SYSTEM_STATUS_CHECK", "user": "root", "data": {}}
{"timestamp": "2026-01-04T03:48:22.523250", "event_type": "SYSTEM_STATUS_CHECK", "user": "root", "data": {}}
{"timestamp": "2026-01-04T03:48:52.518957", "event_type": "SYSTEM_STATUS_CHECK", "user": "root", "data": {}}
{"timestamp": "2026-01-04T03:49:22.525190", "event_type": "SYSTEM_STATUS_CHECK", "user": "root", "data": {}}
{"timestamp": "2026-01-04T03:49:52.524741", "event_type": "SYSTEM_STATUS_CHECK", "user": "root", "data": {}}
{"timestamp": "2026-01-04T03:50:22.525238", "event_type": "SYSTEM_STATUS_CHECK", "user": "root", "data": {}}
{"timestamp": "2026-01-04T03:50:52.519424", "event_type": "SYSTEM_STATUS_CHECK", "user": "root", "data": {}}
{"timestamp": "2026-01-04T03:51:22.525231", "event_type": "SYSTEM_STATUS_CHECK", "user": "root", "data": {}}
{"timestamp": "2026-01-04T03:51:52.525293", "event_type": "SYSTEM_STATUS_CHECK", "user": "root", "data": {}}
{"timestamp": "2026-01-04T03:52:22.531500", "event_type": "SYSTEM_STATUS_CHECK", "user": "root", "data": {}}
{"timestamp": "2026-01-04T03:52:52.521107", "event_type": "SYSTEM_STATUS_CHECK", "user": "root", "data": {}}
{"timestamp": "2026-01-04T03:53:23.309847", "event_type": "SYSTEM_STATUS_CHECK", "user": "root", "data": {}}
{"timestamp": "2026-01-04T03:53:53.311161", "event_type": "SYSTEM_STATUS_CHECK", "user": "root", "data": {}}
{"timestamp": "2026-01-04T03:54:23.311580", "event_type": "SYSTEM_STATUS_CHECK", "user": "root", "data": {}}
{"timestamp": "2026-01-04T03:54:53.306577", "event_type": "SYSTEM_STATUS_CHECK", "user": "root", "data": {}}
{"timestamp": "2026-01-04T03:55:23.312246", "event_type": "SYSTEM_STATUS_CHECK", "user": "root", "data": {}}
{"timestamp": "2026-01-04T03:55:53.311146", "event_type": "SYSTEM_STATUS_CHECK", "user": "root", "data": {}}
{"timestamp": "2026-01-04T03:56:23.312365", "event_type": "SYSTEM_STATUS_CHECK", "user": "root", "data": {}}
{"timestamp": "2026-01-04T03:56:53.307541", "event_type": "SYSTEM_STATUS_CHECK", "user": "root", "data": {}}
{"timestamp": "2026-01-04T03:57:23.312862", "event_type": "SYSTEM_STATUS_CHECK", "user": "root", "data": {}}
{"timestamp": "2026-01-04T03:57:53.313346", "event_type": "SYSTEM_STATUS_CHECK", "user": "root", "data": {}}
{"timestamp": "2026-01-04T03:58:23.313646", "event_type": "SYSTEM_STATUS_CHECK", "user": "root", "data": {}}
{"timestamp": "2026-01-04T03:58:53.308853", "event_type": "SYSTEM_STATUS_CHECK", "user": "root", "data": {}}
{"timestamp": "2026-01-04T03:59:23.313846", "event_type": "SYSTEM_STATUS_CHECK", "user": "root", "data": {}}
{"timestamp": "2026-01-04T03:59:53.314547", "event_type": "SYSTEM_STATUS_CHECK", "user": "root", "data": {}}
{"timestamp": "2026-01-04T04:00:23.315143", "event_type": "SYSTEM_STATUS_CHECK", "user": "root", "data": {}}
{"timestamp": "2026-01-04T04:00:53.310278", "event_type": "SYSTEM_STATUS_CHECK", "user": "root", "data": {}}
{"timestamp": "2026-01-04T04:01:23.315791", "event_type": "SYSTEM_STATUS_CHECK", "user": "root", "data": {}}
{"timestamp": "2026-01-04T04:01:53.316443", "event_type": "SYSTEM_STATUS_CHECK", "user": "root", "data": {}}
{"timestamp": "2026-01-04T04:02:23.315930", "event_type": "SYSTEM_STATUS_CHECK", "user": "root", "data": {}}
{"timestamp": "2026-01-04T04:02:53.316406", "event_type": "SYSTEM_STATUS_CHECK", "user": "root", "data": {}}
{"timestamp": "2026-01-04T04:03:23.311730", "event_type": "SYSTEM_STATUS_CHECK", "user": "root", "data": {}}
{"timestamp": "2026-01-04T04:03:53.317363", "event_type": "SYSTEM_STATUS_CHECK", "user": "root", "data": {}}
{"timestamp": "2026-01-04T04:04:23.317316", "event_type": "SYSTEM_STATUS_CHECK", "user": "root", "data": {}}
{"timestamp": "2026-01-04T04:04:53.317917", "event_type": "SYSTEM_STATUS_CHECK", "user": "root", "data": {}}
{"timestamp": "2026-01-04T04:05:23.321659", "event_type": "SYSTEM_STATUS_CHECK", "user": "root", "data": {}}
{"timestamp": "2026-01-04T04:05:54.103073", "event_type": "SYSTEM_STATUS_CHECK", "user": "root", "data": {}}
{"timestamp": "2026-01-04T04:06:24.102113", "event_type": "SYSTEM_STATUS_CHECK", "user": "root", "data": {}}
{"timestamp": "2026-01-04T04:06:54.103761", "event_type": "SYSTEM_STATUS_CHECK", "user": "root", "data": {}}
{"timestamp": "2026-01-04T04:07:24.102183", "event_type": "SYSTEM_STATUS_CHECK", "user": "root", "data": {}}
{"timestamp": "2026-01-04T04:07:54.103949", "event_type": "SYSTEM_STATUS_CHECK", "user": "root", "data": {}}
{"timestamp": "2026-01-04T04:08:24.102815", "event_type": "SYSTEM_STATUS_CHECK", "user": "root", "data": {}}
{"timestamp": "2026-01-04T04:08:54.102852", "event_type": "SYSTEM_STATUS_CHECK", "user": "root", "data": {}}
{"timestamp": "2026-01-04T04:09:24.106880", "event_type": "SYSTEM_STATUS_CHECK", "user": "root", "data": {}}
{"timestamp": "2026-01-04T04:09:54.103687", "event_type": "SYSTEM_STATUS_CHECK", "user": "root", "data": {}}
{"timestamp": "2026-01-04T04:10:24.103258", "event_type": "SYSTEM_STATUS_CHECK", "user": "root", "data": {}}
{"timestamp": "2026-01-04T04:10:54.103546", "event_type": "SYSTEM_STATUS_CHECK", "user": "root", "data": {}}
{"timestamp": "2026-01-04T04:11:24.107506", "event_type": "SYSTEM_STATUS_CHECK", "user": "root", "data": {}}
{"timestamp": "2026-01-04T04:11:54.105574", "event_type": "SYSTEM_STATUS_CHECK", "user": "root", "data": {}}
{"timestamp": "2026-01-04T04:12:24.110392", "event_type": "SYSTEM_STATUS_CHECK", "user": "root", "data": {}}
{"timestamp": "2026-01-04T04:12:54.105051", "event_type": "SYSTEM_STATUS_CHECK", "user": "root", "data": {}}
{"timestamp": "2026-01-04T04:13:24.104746", "event_type": "SYSTEM_STATUS_CHECK", "user": "root", "data": {}}
{"timestamp": "2026-01-04T04:13:54.105273", "event_type": "SYSTEM_STATUS_CHECK", "user": "root", "data": {}}
{"timestamp": "2026-01-04T04:14:24.105299", "event_type": "SYSTEM_STATUS_CHECK", "user": "root", "data": {}}
{"timestamp": "2026-01-04T04:14:54.105721", "event_type": "SYSTEM_STATUS_CHECK", "user": "root", "data": {}}
{"timestamp": "2026-01-04T04:15:24.111259", "event_type": "SYSTEM_STATUS_CHECK", "user": "root", "data": {}}
{"timestamp": "2026-01-04T04:15:54.105357", "event_type": "SYSTEM_STATUS_CHECK", "user": "root", "data": {}}
{"timestamp": "2026-01-04T04:16:24.106178", "event_type": "SYSTEM_STATUS_CHECK", "user": "root", "data": {}}
{"timestamp": "2026-01-04T04:16:54.106124", "event_type": "SYSTEM_STATUS_CHECK", "user": "root", "data": {}}
{"timestamp": "2026-01-04T04:17:24.105823", "event_type": "SYSTEM_STATUS_CHECK", "user": "root", "data": {}}
{"timestamp": "2026-01-04T04:17:54.107433", "event_type": "SYSTEM_STATUS_CHECK", "user": "root", "data": {}}
{"timestamp": "2026-01-04T04:18:24.903834", "event_type": "SYSTEM_STATUS_CHECK", "user": "root", "data": {}}
{"timestamp": "2026-01-04T04:18:54.904177", "event_type": "SYSTEM_STATUS_CHECK", "user": "root", "data": {}}
{"timestamp": "2026-01-04T04:19:24.899263", "event_type": "SYSTEM_STATUS_CHECK", "user": "root", "data": {}}
{"timestamp": "2026-01-04T04:19:54.904222", "event_type": "SYSTEM_STATUS_CHECK", "user": "root", "data": {}}
{"timestamp": "2026-01-04T04:20:24.904757", "event_type": "SYSTEM_STATUS_CHECK", "user": "root", "data": {}}
{"timestamp": "2026-01-04T04:20:54.904537", "event_type": "SYSTEM_STATUS_CHECK", "user": "root", "data": {}}
{"timestamp": "2026-01-04T04:21:24.900166", "event_type": "SYSTEM_STATUS_CHECK", "user": "root", "data": {}}
{"timestamp": "2026-01-04T04:21:54.905675", "event_type": "SYSTEM_STATUS_CHECK", "user": "root", "data": {}}
{"timestamp": "2026-01-04T04:22:24.906196", "event_type": "SYSTEM_STATUS_CHECK", "user": "root", "data": {}}
{"timestamp": "2026-01-04T04:22:54.905258", "event_type": "SYSTEM_STATUS_CHECK", "user": "root", "data": {}}
{"timestamp": "2026-01-04T04:23:24.901689", "event_type": "SYSTEM_STATUS_CHECK", "user": "root", "data": {}}
{"timestamp": "2026-01-04T04:23:54.905748", "event_type": "SYSTEM_STATUS_CHECK", "user": "root", "data": {}}
{"timestamp": "2026-01-04T04:24:24.906759", "event_type": "SYSTEM_STATUS_CHECK", "user": "root", "data": {}}
{"timestamp": "2026-01-04T04:24:54.907294", "event_type": "SYSTEM_STATUS_CHECK", "user": "root", "data": {}}
{"timestamp": "2026-01-04T04:25:24.910747", "event_type": "SYSTEM_STATUS_CHECK", "user": "root", "data": {}}
{"timestamp": "2026-01-04T04:25:54.907312", "event_type": "SYSTEM_STATUS_CHECK", "user": "root", "data": {}}
{"timestamp": "2026-01-04T04:26:24.908263", "event_type": "SYSTEM_STATUS_CHECK", "user": "root", "data": {}}
{"timestamp": "2026-01-04T04:26:54.908018", "event_type": "SYSTEM_STATUS_CHECK", "user": "root", "data": {}}
{"timestamp": "2026-01-04T04:27:24.904280", "event_type": "SYSTEM_STATUS_CHECK", "user": "root", "data": {}}
{"timestamp": "2026-01-04T04:27:54.907701", "event_type": "SYSTEM_STATUS_CHECK", "user": "root", "data": {}}
{"timestamp": "2026-01-04T04:28:24.908939", "event_type": "SYSTEM_STATUS_CHECK", "user": "root", "data": {}}
{"timestamp": "2026-01-04T04:28:54.909932", "event_type": "SYSTEM_STATUS_CHECK", "user": "root", "data": {}}
{"timestamp": "2026-01-04T04:29:24.905203", "event_type": "SYSTEM_STATUS_CHECK", "user": "root", "data": {}}
{"timestamp": "2026-01-04T04:29:54.907255", "event_type": "SYSTEM_STATUS_CHECK", "user": "root", "data": {}}
{"timestamp": "2026-01-04T04:30:24.910542", "event_type": "SYSTEM_STATUS_CHECK", "user": "root", "data": {}}
{"timestamp": "2026-01-04T04:30:55.697279", "event_type": "SYSTEM_STATUS_CHECK", "user": "root", "data": {}}
{"timestamp": "2026-01-04T04:31:25.693104", "event_type": "SYSTEM_STATUS_CHECK", "user": "root", "data": {}}
{"timestamp": "2026-01-04T04:31:55.698499", "event_type": "SYSTEM_STATUS_CHECK", "user": "root", "data": {}}
{"timestamp": "2026-01-04T04:32:25.698363", "event_type": "SYSTEM_STATUS_CHECK", "user": "root", "data": {}}
{"timestamp": "2026-01-04T04:32:55.698049", "event_type": "SYSTEM_STATUS_CHECK", "user": "root", "data": {}}
{"timestamp": "2026-01-04T04:33:25.698666", "event_type": "SYSTEM_STATUS_CHECK", "user": "root", "data": {}}
{"timestamp": "2026-01-04T04:33:55.694399", "event_type": "SYSTEM_STATUS_CHECK", "user": "root", "data": {}}
{"timestamp": "2026-01-04T04:34:25.696172", "event_type": "SYSTEM_STATUS_CHECK", "user": "root", "data": {}}
{"timestamp": "2026-01-04T04:34:55.699473", "event_type": "SYSTEM_STATUS_CHECK", "user": "root", "data": {}}
{"timestamp": "2026-01-04T04:35:25.698921", "event_type": "SYSTEM_STATUS_CHECK", "user": "root", "data": {}}
{"timestamp": "2026-01-04T04:35:55.695140", "event_type": "SYSTEM_STATUS_CHECK", "user": "root", "data": {}}
{"timestamp": "2026-01-04T04:36:25.701132", "event_type": "SYSTEM_STATUS_CHECK", "user": "root", "data": {}}
{"timestamp": "2026-01-04T04:36:55.701431", "event_type": "SYSTEM_STATUS_CHECK", "user": "root", "data": {}}
{"timestamp": "2026-01-04T04:37:25.700999", "event_type": "SYSTEM_STATUS_CHECK", "user": "root", "data": {}}
{"timestamp": "2026-01-04T04:37:55.696677", "event_type": "SYSTEM_STATUS_CHECK", "user": "root", "data": {}}
{"timestamp": "2026-01-04T04:38:25.701967", "event_type": "SYSTEM_STATUS_CHECK", "user": "root", "data": {}}
{"timestamp": "2026-01-04T04:38:55.701781", "event_type": "SYSTEM_STATUS_CHECK", "user": "root", "data": {}}
{"timestamp": "2026-01-04T04:39:25.701951", "event_type": "SYSTEM_STATUS_CHECK", "user": "root", "data": {}}
{"timestamp": "2026-01-04T04:39:55.698316", "event_type": "SYSTEM_STATUS_CHECK", "user": "root", "data": {}}
{"timestamp": "2026-01-04T04:40:25.703600", "event_type": "SYSTEM_STATUS_CHECK", "user": "root", "data": {}}
{"timestamp": "2026-01-04T04:40:55.702394", "event_type": "SYSTEM_STATUS_CHECK", "user": "root", "data": {}}
{"timestamp": "2026-01-04T04:41:25.703615", "event_type": "SYSTEM_STATUS_CHECK", "user": "root", "data": {}}
{"timestamp": "2026-01-04T04:41:55.698871", "event_type": "SYSTEM_STATUS_CHECK", "user": "root", "data": {}}
{"timestamp": "2026-01-04T04:42:25.703868", "event_type": "SYSTEM_STATUS_CHECK", "user": "root", "data": {}}
{"timestamp": "2026-01-04T04:42:55.704470", "event_type": "SYSTEM_STATUS_CHECK", "user": "root", "data": {}}
{"timestamp": "2026-01-04T04:43:26.490828", "event_type": "SYSTEM_STATUS_CHECK", "user": "root", "data": {}}
{"timestamp": "2026-01-04T04:43:56.487196", "event_type": "SYSTEM_STATUS_CHECK", "user": "root", "data": {}}
{"timestamp": "2026-01-04T04:44:26.491042", "event_type": "SYSTEM_STATUS_CHECK", "user": "root", "data": {}}
{"timestamp": "2026-01-04T04:44:56.487336", "event_type": "SYSTEM_STATUS_CHECK", "user": "root", "data": {}}
{"timestamp": "2026-01-04T04:45:26.493108", "event_type": "SYSTEM_STATUS_CHECK", "user": "root", "data": {}}
{"timestamp": "2026-01-04T04:45:56.488552", "event_type": "SYSTEM_STATUS_CHECK", "user": "root", "data": {}}
{"timestamp": "2026-01-04T04:46:26.489127", "event_type": "SYSTEM_STATUS_CHECK", "user": "root", "data": {}}
{"timestamp": "2026-01-04T04:46:56.488697", "event_type": "SYSTEM_STATUS_CHECK", "user": "root", "data": {}}
{"timestamp": "2026-01-04T04:47:26.493164", "event_type": "SYSTEM_STATUS_CHECK", "user": "root", "data": {}}
{"timestamp": "2026-01-04T04:47:56.488916", "event_type": "SYSTEM_STATUS_CHECK", "user": "root", "data": {}}
{"timestamp": "2026-01-04T04:48:26.494071", "event_type": "SYSTEM_STATUS_CHECK", "user": "root", "data": {}}
{"timestamp": "2026-01-04T04:48:56.491181", "event_type": "SYSTEM_STATUS_CHECK", "user": "root", "data": {}}
{"timestamp": "2026-01-04T04:49:26.499018", "event_type": "SYSTEM_STATUS_CHECK", "user": "root", "data": {}}
{"timestamp": "2026-01-04T04:49:56.492609", "event_type": "SYSTEM_STATUS_CHECK", "user": "root", "data": {}}
{"timestamp": "2026-01-04T04:50:26.495816", "event_type": "SYSTEM_STATUS_CHECK", "user": "root", "data": {}}
{"timestamp": "2026-01-04T04:50:56.490811", "event_type": "SYSTEM_STATUS_CHECK", "user": "root", "data": {}}
{"timestamp": "2026-01-04T04:51:26.495191", "event_type": "SYSTEM_STATUS_CHECK", "user": "root", "data": {}}
{"timestamp": "2026-01-04T04:51:56.500181", "event_type": "SYSTEM_STATUS_CHECK", "user": "root", "data": {}}
{"timestamp": "2026-01-04T04:52:26.496637", "event_type": "SYSTEM_STATUS_CHECK", "user": "root", "data": {}}
{"timestamp": "2026-01-04T04:52:56.496953", "event_type": "SYSTEM_STATUS_CHECK", "user": "root", "data": {}}
{"timestamp": "2026-01-04T04:53:26.496615", "event_type": "SYSTEM_STATUS_CHECK", "user": "root", "data": {}}
{"timestamp": "2026-01-04T04:53:56.493036", "event_type": "SYSTEM_STATUS_CHECK", "user": "root", "data": {}}
{"timestamp": "2026-01-04T04:54:26.495599", "event_type": "SYSTEM_STATUS_CHECK", "user": "root", "data": {}}
{"timestamp": "2026-01-04T04:54:56.493652", "event_type": "SYSTEM_STATUS_CHECK", "user": "root", "data": {}}
{"timestamp": "2026-01-04T04:55:26.497524", "event_type": "SYSTEM_STATUS_CHECK", "user": "root", "data": {}}
{"timestamp": "2026-01-04T04:55:57.271356", "event_type": "SYSTEM_STATUS_CHECK", "user": "root", "data": {}}
{"timestamp": "2026-01-04T04:56:27.276372", "event_type": "SYSTEM_STATUS_CHECK", "user": "root", "data": {}}
{"timestamp": "2026-01-04T04:56:57.276351", "event_type": "SYSTEM_STATUS_CHECK", "user": "root", "data": {}}
{"timestamp": "2026-01-04T04:57:27.277521", "event_type": "SYSTEM_STATUS_CHECK", "user": "root", "data": {}}
{"timestamp": "2026-01-04T04:57:57.272705", "event_type": "SYSTEM_STATUS_CHECK", "user": "root", "data": {}}
{"timestamp": "2026-01-04T04:58:27.277472", "event_type": "SYSTEM_STATUS_CHECK", "user": "root", "data": {}}
{"timestamp": "2026-01-04T04:58:57.278692", "event_type": "SYSTEM_STATUS_CHECK", "user": "root", "data": {}}
{"timestamp": "2026-01-04T04:59:27.277311", "event_type": "SYSTEM_STATUS_CHECK", "user": "root", "data": {}}
{"timestamp": "2026-01-04T04:59:57.274527", "event_type": "SYSTEM_STATUS_CHECK", "user": "root", "data": {}}
{"timestamp": "2026-01-04T05:00:27.279235", "event_type": "SYSTEM_STATUS_CHECK", "user": "root", "data": {}}
{"timestamp": "2026-01-04T05:00:57.279879", "event_type": "SYSTEM_STATUS_CHECK", "user": "root", "data": {}}
{"timestamp": "2026-01-04T05:01:27.279308", "event_type": "SYSTEM_STATUS_CHECK", "user": "root", "data": {}}
{"timestamp": "2026-01-04T05:01:57.279488", "event_type": "SYSTEM_STATUS_CHECK", "user": "root", "data": {}}
{"timestamp": "2026-01-04T05:02:27.275595", "event_type": "SYSTEM_STATUS_CHECK", "user": "root", "data": {}}
{"timestamp": "2026-01-04T05:02:57.279691", "event_type": "SYSTEM_STATUS_CHECK", "user": "root", "data": {}}
{"timestamp": "2026-01-04T05:03:27.279902", "event_type": "SYSTEM_STATUS_CHECK", "user": "root", "data": {}}
{"timestamp": "2026-01-04T05:03:57.280074", "event_type": "SYSTEM_STATUS_CHECK", "user": "root", "data": {}}
{"timestamp": "2026-01-04T05:04:27.276847", "event_type": "SYSTEM_STATUS_CHECK", "user": "root", "data": {}}
{"timestamp": "2026-01-04T05:04:57.280723", "event_type": "SYSTEM_STATUS_CHECK", "user": "root", "data": {}}
{"timestamp": "2026-01-04T05:05:27.281225", "event_type": "SYSTEM_STATUS_CHECK", "user": "root", "data": {}}
{"timestamp": "2026-01-04T05:05:57.281834", "event_type": "SYSTEM_STATUS_CHECK", "user": "root", "data": {}}
{"timestamp": "2026-01-04T05:06:27.277243", "event_type": "SYSTEM_STATUS_CHECK", "user": "root", "data": {}}
{"timestamp": "2026-01-04T05:06:57.282429", "event_type": "SYSTEM_STATUS_CHECK", "user": "root", "data": {}}
{"timestamp": "2026-01-04T05:07:27.282468", "event_type": "SYSTEM_STATUS_CHECK", "user": "root", "data": {}}
{"timestamp": "2026-01-04T05:07:57.282435", "event_type": "SYSTEM_STATUS_CHECK", "user": "root", "data": {}}
{"timestamp": "2026-01-04T05:08:28.059443", "event_type": "SYSTEM_STATUS_CHECK", "user": "root", "data": {}}
{"timestamp": "2026-01-04T05:08:58.059368", "event_type": "SYSTEM_STATUS_CHECK", "user": "root", "data": {}}
{"timestamp": "2026-01-04T05:09:28.060718", "event_type": "SYSTEM_STATUS_CHECK", "user": "root", "data": {}}
{"timestamp": "2026-01-04T05:09:58.064747", "event_type": "SYSTEM_STATUS_CHECK", "user": "root", "data": {}}
{"timestamp": "2026-01-04T05:10:28.059887", "event_type": "SYSTEM_STATUS_CHECK", "user": "root", "data": {}}
{"timestamp": "2026-01-04T05:10:58.061880", "event_type": "SYSTEM_STATUS_CHECK", "user": "root", "data": {}}
{"timestamp": "2026-01-04T05:11:28.060516", "event_type": "SYSTEM_STATUS_CHECK", "user": "root", "data": {}}
{"timestamp": "2026-01-04T05:11:58.060605", "event_type": "SYSTEM_STATUS_CHECK", "user": "root", "data": {}}
{"timestamp": "2026-01-04T05:12:28.060474", "event_type": "SYSTEM_STATUS_CHECK", "user": "root", "data": {}}
{"timestamp": "2026-01-04T05:12:58.062884", "event_type": "SYSTEM_STATUS_CHECK", "user": "root", "data": {}}
{"timestamp": "2026-01-04T05:13:28.062014", "event_type": "SYSTEM_STATUS_CHECK", "user": "root", "data": {}}
{"timestamp": "2026-01-04T05:13:58.060942", "event_type": "SYSTEM_STATUS_CHECK", "user": "root", "data": {}}
{"timestamp": "2026-01-04T05:14:28.064360", "event_type": "SYSTEM_STATUS_CHECK", "user": "root", "data": {}}
{"timestamp": "2026-01-04T05:14:58.061777", "event_type": "SYSTEM_STATUS_CHECK", "user": "root", "data": {}}
{"timestamp": "2026-01-04T05:15:28.062342", "event_type": "SYSTEM_STATUS_CHECK", "user": "root", "data": {}}
{"timestamp": "2026-01-04T05:15:58.062946", "event_type": "SYSTEM_STATUS_CHECK", "user": "root", "data": {}}
{"timestamp": "2026-01-04T05:16:28.062488", "event_type": "SYSTEM_STATUS_CHECK", "user": "root", "data": {}}
{"timestamp": "2026-01-04T05:16:58.062136", "event_type": "SYSTEM_STATUS_CHECK", "user": "root", "data": {}}
{"timestamp": "2026-01-04T05:17:28.062516", "event_type": "SYSTEM_STATUS_CHECK", "user": "root", "data": {}}
{"timestamp": "2026-01-04T05:17:58.063465", "event_type": "SYSTEM_STATUS_CHECK", "user": "root", "data": {}}
{"timestamp": "2026-01-04T05:18:28.062851", "event_type": "SYSTEM_STATUS_CHECK", "user": "root", "data": {}}
{"timestamp": "2026-01-04T05:18:58.063182", "event_type": "SYSTEM_STATUS_CHECK", "user": "root", "data": {}}
{"timestamp": "2026-01-04T05:19:28.063098", "event_type": "SYSTEM_STATUS_CHECK", "user": "root", "data": {}}
{"timestamp": "2026-01-04T05:19:58.065115", "event_type": "SYSTEM_STATUS_CHECK", "user": "root", "data": {}}
{"timestamp": "2026-01-04T05:20:28.063912", "event_type": "SYSTEM_STATUS_CHECK", "user": "root", "data": {}}
{"timestamp": "2026-01-04T05:20:58.854962", "event_type": "SYSTEM_STATUS_CHECK", "user": "root", "data": {}}
{"timestamp": "2026-01-04T05:21:28.859631", "event_type": "SYSTEM_STATUS_CHECK", "user": "root", "data": {}}
{"timestamp": "2026-01-04T05:21:58.860057", "event_type": "SYSTEM_STATUS_CHECK", "user": "root", "data": {}}
{"timestamp": "2026-01-04T05:22:28.856151", "event_type": "SYSTEM_STATUS_CHECK", "user": "root", "data": {}}
{"timestamp": "2026-01-04T05:22:58.861843", "event_type": "SYSTEM_STATUS_CHECK", "user": "root", "data": {}}
{"timestamp": "2026-01-04T05:23:28.860920", "event_type": "SYSTEM_STATUS_CHECK", "user": "root", "data": {}}
{"timestamp": "2026-01-04T05:23:58.861725", "event_type": "SYSTEM_STATUS_CHECK", "user": "root", "data": {}}
{"timestamp": "2026-01-04T05:24:28.857278", "event_type": "SYSTEM_STATUS_CHECK", "user": "root", "data": {}}
{"timestamp": "2026-01-04T05:24:58.862586", "event_type": "SYSTEM_STATUS_CHECK", "user": "root", "data": {}}
{"timestamp": "2026-01-04T05:25:28.862462", "event_type": "SYSTEM_STATUS_CHECK", "user": "root", "data": {}}
{"timestamp": "2026-01-04T05:25:58.859595", "event_type": "SYSTEM_STATUS_CHECK", "user": "root", "data": {}}
{"timestamp": "2026-01-04T05:26:28.858097", "event_type": "SYSTEM_STATUS_CHECK", "user": "root", "data": {}}
{"timestamp": "2026-01-04T05:26:58.862431", "event_type": "SYSTEM_STATUS_CHECK", "user": "root", "data": {}}
{"timestamp": "2026-01-04T05:27:28.863585", "event_type": "SYSTEM_STATUS_CHECK", "user": "root", "data": {}}
{"timestamp": "2026-01-04T05:27:58.863118", "event_type": "SYSTEM_STATUS_CHECK", "user": "root", "data": {}}
{"timestamp": "2026-01-04T05:28:28.862301", "event_type": "SYSTEM_STATUS_CHECK", "user": "root", "data": {}}
{"timestamp": "2026-01-04T05:28:58.864173", "event_type": "SYSTEM_STATUS_CHECK", "user": "root", "data": {}}
{"timestamp": "2026-01-04T05:29:28.865170", "event_type": "SYSTEM_STATUS_CHECK", "user": "root", "data": {}}
{"timestamp": "2026-01-04T05:29:58.861322", "event_type": "SYSTEM_STATUS_CHECK", "user": "root", "data": {}}
{"timestamp": "2026-01-04T05:30:28.864676", "event_type": "SYSTEM_STATUS_CHECK", "user": "root", "data": {}}
{"timestamp": "2026-01-04T05:30:58.865666", "event_type": "SYSTEM_STATUS_CHECK", "user": "root", "data": {}}
{"timestamp": "2026-01-04T05:31:28.865481", "event_type": "SYSTEM_STATUS_CHECK", "user": "root", "data": {}}
{"timestamp": "2026-01-04T05:31:58.866105", "event_type": "SYSTEM_STATUS_CHECK", "user": "root", "data": {}}
{"timestamp": "2026-01-04T05:32:28.861940", "event_type": "SYSTEM_STATUS_CHECK", "user": "root", "data": {}}
{"timestamp": "2026-01-04T05:32:58.866257", "event_type": "SYSTEM_STATUS_CHECK", "user": "root", "data": {}}
{"timestamp": "2026-01-04T05:33:29.651365", "event_type": "SYSTEM_STATUS_CHECK", "user": "root", "data": {}}
{"timestamp": "2026-01-04T05:33:59.652969", "event_type": "SYSTEM_STATUS_CHECK", "user": "root", "data": {}}
{"timestamp": "2026-01-04T05:34:29.653869", "event_type": "SYSTEM_STATUS_CHECK", "user": "root", "data": {}}
{"timestamp": "2026-01-04T05:34:59.649874", "event_type": "SYSTEM_STATUS_CHECK", "user": "root", "data": {}}
{"timestamp": "2026-01-04T05:35:29.650776", "event_type": "SYSTEM_STATUS_CHECK", "user": "root", "data": {}}
{"timestamp": "2026-01-04T05:35:59.652587", "event_type": "SYSTEM_STATUS_CHECK", "user": "root", "data": {}}
{"timestamp": "2026-01-04T05:36:29.652692", "event_type": "SYSTEM_STATUS_CHECK", "user": "root", "data": {}}
{"timestamp": "2026-01-04T05:36:59.650462", "event_type": "SYSTEM_STATUS_CHECK", "user": "root", "data": {}}
{"timestamp": "2026-01-04T05:37:29.655697", "event_type": "SYSTEM_STATUS_CHECK", "user": "root", "data": {}}
{"timestamp": "2026-01-04T05:37:59.653087", "event_type": "SYSTEM_STATUS_CHECK", "user": "root", "data": {}}
{"timestamp": "2026-01-04T05:38:29.656563", "event_type": "SYSTEM_STATUS_CHECK", "user": "root", "data": {}}
{"timestamp": "2026-01-04T05:38:59.654238", "event_type": "SYSTEM_STATUS_CHECK", "user": "root", "data": {}}
{"timestamp": "2026-01-04T05:39:29.656510", "event_type": "SYSTEM_STATUS_CHECK", "user": "root", "data": {}}
{"timestamp": "2026-01-04T05:39:59.653774", "event_type": "SYSTEM_STATUS_CHECK", "user": "root", "data": {}}
{"timestamp": "2026-01-04T05:40:29.656891", "event_type": "SYSTEM_STATUS_CHECK", "user": "root", "data": {}}
{"timestamp": "2026-01-04T05:40:59.655630", "event_type": "SYSTEM_STATUS_CHECK", "user": "root", "data": {}}
{"timestamp": "2026-01-04T05:41:29.658076", "event_type": "SYSTEM_STATUS_CHECK", "user": "root", "data": {}}
{"timestamp": "2026-01-04T05:41:59.658065", "event_type": "SYSTEM_STATUS_CHECK", "user": "root", "data": {}}
{"timestamp": "2026-01-04T05:42:29.653849", "event_type": "SYSTEM_STATUS_CHECK", "user": "root", "data": {}}
{"timestamp": "2026-01-04T05:42:59.655919", "event_type": "SYSTEM_STATUS_CHECK", "user": "root", "data": {}}
{"timestamp": "2026-01-04T05:43:29.659336", "event_type": "SYSTEM_STATUS_CHECK", "user": "root", "data": {}}
{"timestamp": "2026-01-04T05:43:59.659790", "event_type": "SYSTEM_STATUS_CHECK", "user": "root", "data": {}}
{"timestamp": "2026-01-04T05:44:29.655018", "event_type": "SYSTEM_STATUS_CHECK", "user": "root", "data": {}}
{"timestamp": "2026-01-04T05:44:59.660039", "event_type": "SYSTEM_STATUS_CHECK", "user": "root", "data": {}}
{"timestamp": "2026-01-04T05:45:29.660036", "event_type": "SYSTEM_STATUS_CHECK", "user": "root", "data": {}}
{"timestamp": "2026-01-04T05:46:00.432729", "event_type": "SYSTEM_STATUS_CHECK", "user": "root", "data": {}}
{"timestamp": "2026-01-04T05:46:30.433084", "event_type": "SYSTEM_STATUS_CHECK", "user": "root", "data": {}}
{"timestamp": "2026-01-04T05:47:00.428191", "event_type": "SYSTEM_STATUS_CHECK", "user": "root", "data": {}}
{"timestamp": "2026-01-04T05:47:30.433383", "event_type": "SYSTEM_STATUS_CHECK", "user": "root", "data": {}}
{"timestamp": "2026-01-04T05:48:00.433142", "event_type": "SYSTEM_STATUS_CHECK", "user": "root", "data": {}}
{"timestamp": "2026-01-04T05:48:30.433542", "event_type": "SYSTEM_STATUS_CHECK", "user": "root", "data": {}}
{"timestamp": "2026-01-04T05:49:00.429983", "event_type": "SYSTEM_STATUS_CHECK", "user": "root", "data": {}}
{"timestamp": "2026-01-04T05:49:30.434971", "event_type": "SYSTEM_STATUS_CHECK", "user": "root", "data": {}}
{"timestamp": "2026-01-04T05:50:00.434840", "event_type": "SYSTEM_STATUS_CHECK", "user": "root", "data": {}}
{"timestamp": "2026-01-04T05:50:30.435492", "event_type": "SYSTEM_STATUS_CHECK", "user": "root", "data": {}}
{"timestamp": "2026-01-04T05:51:00.435256", "event_type": "SYSTEM_STATUS_CHECK", "user": "root", "data": {}}
{"timestamp": "2026-01-04T05:51:30.435429", "event_type": "SYSTEM_STATUS_CHECK", "user": "root", "data": {}}
{"timestamp": "2026-01-04T05:52:00.436102", "event_type": "SYSTEM_STATUS_CHECK", "user": "root", "data": {}}
{"timestamp": "2026-01-04T05:52:30.431467", "event_type": "SYSTEM_STATUS_CHECK", "user": "root", "data": {}}
{"timestamp": "2026-01-04T05:53:00.435702", "event_type": "SYSTEM_STATUS_CHECK", "user": "root", "data": {}}
{"timestamp": "2026-01-04T05:53:30.436945", "event_type": "SYSTEM_STATUS_CHECK", "user": "root", "data": {}}
{"timestamp": "2026-01-04T05:54:00.436774", "event_type": "SYSTEM_STATUS_CHECK", "user": "root", "data": {}}
{"timestamp": "2026-01-04T05:54:30.433235", "event_type": "SYSTEM_STATUS_CHECK", "user": "root", "data": {}}
{"timestamp": "2026-01-04T05:55:00.438087", "event_type": "SYSTEM_STATUS_CHECK", "user": "root", "data": {}}
{"timestamp": "2026-01-04T05:55:30.438974", "event_type": "SYSTEM_STATUS_CHECK", "user": "root", "data": {}}
{"timestamp": "2026-01-04T05:56:00.438094", "event_type": "SYSTEM_STATUS_CHECK", "user": "root", "data": {}}
{"timestamp": "2026-01-04T05:56:30.434114", "event_type": "SYSTEM_STATUS_CHECK", "user": "root", "data": {}}
{"timestamp": "2026-01-04T05:57:00.439164", "event_type": "SYSTEM_STATUS_CHECK", "user": "root", "data": {}}
{"timestamp": "2026-01-04T05:57:30.439356", "event_type": "SYSTEM_STATUS_CHECK", "user": "root", "data": {}}
{"timestamp": "2026-01-04T05:58:00.439193", "event_type": "SYSTEM_STATUS_CHECK", "user": "root", "data": {}}
{"timestamp": "2026-01-04T05:58:31.201219", "event_type": "SYSTEM_STATUS_CHECK", "user": "root", "data": {}}
{"timestamp": "2026-01-04T05:59:01.200330", "event_type": "SYSTEM_STATUS_CHECK", "user": "root", "data": {}}
{"timestamp": "2026-01-04T05:59:31.197104", "event_type": "SYSTEM_STATUS_CHECK", "user": "root", "data": {}}
{"timestamp": "2026-01-04T06:00:01.201216", "event_type": "SYSTEM_STATUS_CHECK", "user": "root", "data": {}}
{"timestamp": "2026-01-04T06:00:31.201019", "event_type": "SYSTEM_STATUS_CHECK", "user": "root", "data": {}}
{"timestamp": "2026-01-04T06:01:01.201293", "event_type": "SYSTEM_STATUS_CHECK", "user": "root", "data": {}}
{"timestamp": "2026-01-04T06:01:31.199538", "event_type": "SYSTEM_STATUS_CHECK", "user": "root", "data": {}}
{"timestamp": "2026-01-04T06:02:01.202622", "event_type": "SYSTEM_STATUS_CHECK", "user": "root", "data": {}}
{"timestamp": "2026-01-04T06:02:31.202430", "event_type": "SYSTEM_STATUS_CHECK", "user": "root", "data": {}}
{"timestamp": "2026-01-04T06:03:01.198173", "event_type": "SYSTEM_STATUS_CHECK", "user": "root", "data": {}}
{"timestamp": "2026-01-04T06:03:31.203494", "event_type": "SYSTEM_STATUS_CHECK", "user": "root", "data": {}}
{"timestamp": "2026-01-04T06:04:01.203787", "event_type": "SYSTEM_STATUS_CHECK", "user": "root", "data": {}}
{"timestamp": "2026-01-04T06:04:31.205700", "event_type": "SYSTEM_STATUS_CHECK", "user": "root", "data": {}}
{"timestamp": "2026-01-04T06:05:01.199843", "event_type": "SYSTEM_STATUS_CHECK", "user": "root", "data": {}}
{"timestamp": "2026-01-04T06:05:31.204201", "event_type": "SYSTEM_STATUS_CHECK", "user": "root", "data": {}}
{"timestamp": "2026-01-04T06:06:01.205045", "event_type": "SYSTEM_STATUS_CHECK", "user": "root", "data": {}}
{"timestamp": "2026-01-04T06:06:31.204894", "event_type": "SYSTEM_STATUS_CHECK", "user": "root", "data": {}}
{"timestamp": "2026-01-04T06:07:01.200876", "event_type": "SYSTEM_STATUS_CHECK", "user": "root", "data": {}}
{"timestamp": "2026-01-04T06:07:31.206703", "event_type": "SYSTEM_STATUS_CHECK", "user": "root", "data": {}}
{"timestamp": "2026-01-04T06:08:01.206062", "event_type": "SYSTEM_STATUS_CHECK", "user": "root", "data": {}}
{"timestamp": "2026-01-04T06:08:31.206455", "event_type": "SYSTEM_STATUS_CHECK", "user": "root", "data": {}}
{"timestamp": "2026-01-04T06:09:01.202204", "event_type": "SYSTEM_STATUS_CHECK", "user": "root", "data": {}}
{"timestamp": "2026-01-04T06:09:31.207916", "event_type": "SYSTEM_STATUS_CHECK", "user": "root", "data": {}}
{"timestamp": "2026-01-04T06:10:01.206965", "event_type": "SYSTEM_STATUS_CHECK", "user": "root", "data": {}}
{"timestamp": "2026-01-04T06:10:31.207704", "event_type": "SYSTEM_STATUS_CHECK", "user": "root", "data": {}}
{"timestamp": "2026-01-04T06:11:02.006185", "event_type": "SYSTEM_STATUS_CHECK", "user": "root", "data": {}}
{"timestamp": "2026-01-04T06:11:32.005335", "event_type": "SYSTEM_STATUS_CHECK", "user": "root", "data": {}}
{"timestamp": "2026-01-04T06:12:02.007094", "event_type": "SYSTEM_STATUS_CHECK", "user": "root", "data": {}}
{"timestamp": "2026-01-04T06:12:32.005523", "event_type": "SYSTEM_STATUS_CHECK", "user": "root", "data": {}}
{"timestamp": "2026-01-04T06:13:02.011027", "event_type": "SYSTEM_STATUS_CHECK", "user": "root", "data": {}}
{"timestamp": "2026-01-04T06:13:32.007789", "event_type": "SYSTEM_STATUS_CHECK", "user": "root", "data": {}}
{"timestamp": "2026-01-04T06:14:02.008088", "event_type": "SYSTEM_STATUS_CHECK", "user": "root", "data": {}}
{"timestamp": "2026-01-04T06:14:32.009273", "event_type": "SYSTEM_STATUS_CHECK", "user": "root", "data": {}}
{"timestamp": "2026-01-04T06:15:02.003743", "event_type": "SYSTEM_STATUS_CHECK", "user": "root", "data": {}}
{"timestamp": "2026-01-04T06:15:32.009962", "event_type": "SYSTEM_STATUS_CHECK", "user": "root", "data": {}}
{"timestamp": "2026-01-04T06:16:02.009571", "event_type": "SYSTEM_STATUS_CHECK", "user": "root", "data": {}}
{"timestamp": "2026-01-04T06:16:32.011536", "event_type": "SYSTEM_STATUS_CHECK", "user": "root", "data": {}}
{"timestamp": "2026-01-04T06:17:02.004842", "event_type": "SYSTEM_STATUS_CHECK", "user": "root", "data": {}}
{"timestamp": "2026-01-04T06:17:32.009672", "event_type": "SYSTEM_STATUS_CHECK", "user": "root", "data": {}}
{"timestamp": "2026-01-04T06:18:02.011345", "event_type": "SYSTEM_STATUS_CHECK", "user": "root", "data": {}}
{"timestamp": "2026-01-04T06:18:32.007339", "event_type": "SYSTEM_STATUS_CHECK", "user": "root", "data": {}}
{"timestamp": "2026-01-04T06:19:02.006800", "event_type": "SYSTEM_STATUS_CHECK", "user": "root", "data": {}}
{"timestamp": "2026-01-04T06:19:32.011344", "event_type": "SYSTEM_STATUS_CHECK", "user": "root", "data": {}}
{"timestamp": "2026-01-04T06:20:02.007621", "event_type": "SYSTEM_STATUS_CHECK", "user": "root", "data": {}}
{"timestamp": "2026-01-04T06:20:32.007771", "event_type": "SYSTEM_STATUS_CHECK", "user": "root", "data": {}}
{"timestamp": "2026-01-04T06:21:02.008108", "event_type": "SYSTEM_STATUS_CHECK", "user": "root", "data": {}}
{"timestamp": "2026-01-04T06:21:32.013036", "event_type": "SYSTEM_STATUS_CHECK", "user": "root", "data": {}}
{"timestamp": "2026-01-04T06:22:02.013973", "event_type": "SYSTEM_STATUS_CHECK", "user": "root", "data": {}}
{"timestamp": "2026-01-04T06:22:32.018113", "event_type": "SYSTEM_STATUS_CHECK", "user": "root", "data": {}}
{"timestamp": "2026-01-04T06:23:02.009241", "event_type": "SYSTEM_STATUS_CHECK", "user": "root", "data": {}}
{"timestamp": "2026-01-04T06:23:32.788308", "event_type": "SYSTEM_STATUS_CHECK", "user": "root", "data": {}}
{"timestamp": "2026-01-04T06:24:02.787877", "event_type": "SYSTEM_STATUS_CHECK", "user": "root", "data": {}}
{"timestamp": "2026-01-04T06:24:32.788706", "event_type": "SYSTEM_STATUS_CHECK", "user": "root", "data": {}}
{"timestamp": "2026-01-04T06:25:02.783937", "event_type": "SYSTEM_STATUS_CHECK", "user": "root", "data": {}}
{"timestamp": "2026-01-04T06:25:32.788796", "event_type": "SYSTEM_STATUS_CHECK", "user": "root", "data": {}}
{"timestamp": "2026-01-04T06:26:02.788550", "event_type": "SYSTEM_STATUS_CHECK", "user": "root", "data": {}}
{"timestamp": "2026-01-04T06:26:32.789458", "event_type": "SYSTEM_STATUS_CHECK", "user": "root", "data": {}}
{"timestamp": "2026-01-04T06:27:02.784952", "event_type": "SYSTEM_STATUS_CHECK", "user": "root", "data": {}}
{"timestamp": "2026-01-04T06:27:32.789685", "event_type": "SYSTEM_STATUS_CHECK", "user": "root", "data": {}}
{"timestamp": "2026-01-04T06:28:02.789876", "event_type": "SYSTEM_STATUS_CHECK", "user": "root", "data": {}}
{"timestamp": "2026-01-04T06:28:32.793252", "event_type": "SYSTEM_STATUS_CHECK", "user": "root", "data": {}}
{"timestamp": "2026-01-04T06:29:02.786488", "event_type": "SYSTEM_STATUS_CHECK", "user": "root", "data": {}}
{"timestamp": "2026-01-04T06:29:32.790738", "event_type": "SYSTEM_STATUS_CHECK", "user": "root", "data": {}}
{"timestamp": "2026-01-04T06:30:02.791170", "event_type": "SYSTEM_STATUS_CHECK", "user": "root", "data": {}}
{"timestamp": "2026-01-04T06:30:32.793678", "event_type": "SYSTEM_STATUS_CHECK", "user": "root", "data": {}}
{"timestamp": "2026-01-04T06:31:02.792767", "event_type": "SYSTEM_STATUS_CHECK", "user": "root", "data": {}}
{"timestamp": "2026-01-04T06:31:32.787650", "event_type": "SYSTEM_STATUS_CHECK", "user": "root", "data": {}}
{"timestamp": "2026-01-04T06:32:02.793091", "event_type": "SYSTEM_STATUS_CHECK", "user": "root", "data": {}}
{"timestamp": "2026-01-04T06:32:32.793075", "event_type": "SYSTEM_STATUS_CHECK", "user": "root", "data": {}}
{"timestamp": "2026-01-04T06:33:02.793256", "event_type": "SYSTEM_STATUS_CHECK", "user": "root", "data": {}}
{"timestamp": "2026-01-04T06:33:32.788793", "event_type": "SYSTEM_STATUS_CHECK", "user": "root", "data": {}}
{"timestamp": "2026-01-04T06:34:02.793754", "event_type": "SYSTEM_STATUS_CHECK", "user": "root", "data": {}}
{"timestamp": "2026-01-04T06:34:32.794332", "event_type": "SYSTEM_STATUS_CHECK", "user": "root", "data": {}}
{"timestamp": "2026-01-04T06:35:02.794727", "event_type": "SYSTEM_STATUS_CHECK", "user": "root", "data": {}}
{"timestamp": "2026-01-04T06:35:32.790087", "event_type": "SYSTEM_STATUS_CHECK", "user": "root", "data": {}}
{"timestamp": "2026-01-04T06:36:03.562362", "event_type": "SYSTEM_STATUS_CHECK", "user": "root", "data": {}}
{"timestamp": "2026-01-04T06:36:33.565426", "event_type": "SYSTEM_STATUS_CHECK", "user": "root", "data": {}}
{"timestamp": "2026-01-04T06:37:03.566441", "event_type": "SYSTEM_STATUS_CHECK", "user": "root", "data": {}}
{"timestamp": "2026-01-04T06:37:33.561639", "event_type": "SYSTEM_STATUS_CHECK", "user": "root", "data": {}}
{"timestamp": "2026-01-04T06:38:03.565713", "event_type": "SYSTEM_STATUS_CHECK", "user": "root", "data": {}}
{"timestamp": "2026-01-04T06:38:33.562116", "event_type": "SYSTEM_STATUS_CHECK", "user": "root", "data": {}}
{"timestamp": "2026-01-04T06:39:03.567741", "event_type": "SYSTEM_STATUS_CHECK", "user": "root", "data": {}}
{"timestamp": "2026-01-04T06:39:33.562645", "event_type": "SYSTEM_STATUS_CHECK", "user": "root", "data": {}}
{"timestamp": "2026-01-04T06:40:03.567313", "event_type": "SYSTEM_STATUS_CHECK", "user": "root", "data": {}}
{"timestamp": "2026-01-04T06:40:33.569311", "event_type": "SYSTEM_STATUS_CHECK", "user": "root", "data": {}}
{"timestamp": "2026-01-04T06:41:03.568200", "event_type": "SYSTEM_STATUS_CHECK", "user": "root", "data": {}}
{"timestamp": "2026-01-04T06:41:33.563886", "event_type": "SYSTEM_STATUS_CHECK", "user": "root", "data": {}}
{"timestamp": "2026-01-04T06:42:03.568487", "event_type": "SYSTEM_STATUS_CHECK", "user": "root", "data": {}}
{"timestamp": "2026-01-04T06:42:33.569341", "event_type": "SYSTEM_STATUS_CHECK", "user": "root", "data": {}}
{"timestamp": "2026-01-04T06:43:03.570455", "event_type": "SYSTEM_STATUS_CHECK", "user": "root", "data": {}}
{"timestamp": "2026-01-04T06:43:33.564620", "event_type": "SYSTEM_STATUS_CHECK", "user": "root", "data": {}}
{"timestamp": "2026-01-04T06:44:03.569835", "event_type": "SYSTEM_STATUS_CHECK", "user": "root", "data": {}}
{"timestamp": "2026-01-04T06:44:33.571342", "event_type": "SYSTEM_STATUS_CHECK", "user": "root", "data": {}}
{"timestamp": "2026-01-04T06:45:03.570073", "event_type": "SYSTEM_STATUS_CHECK", "user": "root", "data": {}}
{"timestamp": "2026-01-04T06:45:33.572261", "event_type": "SYSTEM_STATUS_CHECK", "user": "root", "data": {}}
{"timestamp": "2026-01-04T06:46:03.570461", "event_type": "SYSTEM_STATUS_CHECK", "user": "root", "data": {}}
{"timestamp": "2026-01-04T06:46:33.570593", "event_type": "SYSTEM_STATUS_CHECK", "user": "root", "data": {}}
{"timestamp": "2026-01-04T06:47:03.571939", "event_type": "SYSTEM_STATUS_CHECK", "user": "root", "data": {}}
{"timestamp": "2026-01-04T06:47:33.566804", "event_type": "SYSTEM_STATUS_CHECK", "user": "root", "data": {}}
{"timestamp": "2026-01-04T06:48:03.571924", "event_type": "SYSTEM_STATUS_CHECK", "user": "root", "data": {}}
{"timestamp": "2026-01-04T06:48:34.357503", "event_type": "SYSTEM_STATUS_CHECK", "user": "root", "data": {}}
{"timestamp": "2026-01-04T06:49:04.358136", "event_type": "SYSTEM_STATUS_CHECK", "user": "root", "data": {}}
{"timestamp": "2026-01-04T06:49:34.353799", "event_type": "SYSTEM_STATUS_CHECK", "user": "root", "data": {}}
{"timestamp": "2026-01-04T06:50:04.358835", "event_type": "SYSTEM_STATUS_CHECK", "user": "root", "data": {}}
{"timestamp": "2026-01-04T06:50:34.355125", "event_type": "SYSTEM_STATUS_CHECK", "user": "root", "data": {}}
{"timestamp": "2026-01-04T06:51:04.359046", "event_type": "SYSTEM_STATUS_CHECK", "user": "root", "data": {}}
{"timestamp": "2026-01-04T06:51:34.353930", "event_type": "SYSTEM_STATUS_CHECK", "user": "root", "data": {}}
{"timestamp": "2026-01-04T06:52:04.358912", "event_type": "SYSTEM_STATUS_CHECK", "user": "root", "data": {}}
{"timestamp": "2026-01-04T06:52:34.359772", "event_type": "SYSTEM_STATUS_CHECK", "user": "root", "data": {}}
{"timestamp": "2026-01-04T06:53:04.359892", "event_type": "SYSTEM_STATUS_CHECK", "user": "root", "data": {}}
{"timestamp": "2026-01-04T06:53:34.355266", "event_type": "SYSTEM_STATUS_CHECK", "user": "root", "data": {}}
{"timestamp": "2026-01-04T06:54:04.360245", "event_type": "SYSTEM_STATUS_CHECK", "user": "root", "data": {}}
{"timestamp": "2026-01-04T06:54:34.360356", "event_type": "SYSTEM_STATUS_CHECK", "user": "root", "data": {}}
{"timestamp": "2026-01-04T06:55:04.361248", "event_type": "SYSTEM_STATUS_CHECK", "user": "root", "data": {}}
{"timestamp": "2026-01-04T06:55:34.356168", "event_type": "SYSTEM_STATUS_CHECK", "user": "root", "data": {}}
{"timestamp": "2026-01-04T06:56:04.361431", "event_type": "SYSTEM_STATUS_CHECK", "user": "root", "data": {}}
{"timestamp": "2026-01-04T06:56:34.360635", "event_type": "SYSTEM_STATUS_CHECK", "user": "root", "data": {}}
{"timestamp": "2026-01-04T06:57:04.361764", "event_type": "SYSTEM_STATUS_CHECK", "user": "root", "data": {}}
{"timestamp": "2026-01-04T06:57:34.361898", "event_type": "SYSTEM_STATUS_CHECK", "user": "root", "data": {}}
{"timestamp": "2026-01-04T06:58:04.358301", "event_type": "SYSTEM_STATUS_CHECK", "user": "root", "data": {}}
{"timestamp": "2026-01-04T06:58:34.362915", "event_type": "SYSTEM_STATUS_CHECK", "user": "root", "data": {}}
{"timestamp": "2026-01-04T06:59:04.362933", "event_type": "SYSTEM_STATUS_CHECK", "user": "root", "data": {}}
{"timestamp": "2026-01-04T06:59:34.361172", "event_type": "SYSTEM_STATUS_CHECK", "user": "root", "data": {}}
{"timestamp": "2026-01-04T07:00:04.359336", "event_type": "SYSTEM_STATUS_CHECK", "user": "root", "data": {}}
{"timestamp": "2026-01-04T07:00:34.364162", "event_type": "SYSTEM_STATUS_CHECK", "user": "root", "data": {}}
{"timestamp": "2026-01-04T07:01:05.151642", "event_type": "SYSTEM_STATUS_CHECK", "user": "root", "data": {}}
{"timestamp": "2026-01-04T07:01:35.151928", "event_type": "SYSTEM_STATUS_CHECK", "user": "root", "data": {}}
{"timestamp": "2026-01-04T07:02:05.147271", "event_type": "SYSTEM_STATUS_CHECK", "user": "root", "data": {}}
{"timestamp": "2026-01-04T07:02:35.151971", "event_type": "SYSTEM_STATUS_CHECK", "user": "root", "data": {}}
{"timestamp": "2026-01-04T07:03:05.148251", "event_type": "SYSTEM_STATUS_CHECK", "user": "root", "data": {}}
{"timestamp": "2026-01-04T07:03:35.149005", "event_type": "SYSTEM_STATUS_CHECK", "user": "root", "data": {}}
{"timestamp": "2026-01-04T07:04:05.148242", "event_type": "SYSTEM_STATUS_CHECK", "user": "root", "data": {}}
{"timestamp": "2026-01-04T07:04:35.152331", "event_type": "SYSTEM_STATUS_CHECK", "user": "root", "data": {}}
{"timestamp": "2026-01-04T07:05:05.149516", "event_type": "SYSTEM_STATUS_CHECK", "user": "root", "data": {}}
{"timestamp": "2026-01-04T07:05:35.151751", "event_type": "SYSTEM_STATUS_CHECK", "user": "root", "data": {}}
{"timestamp": "2026-01-04T07:06:05.149038", "event_type": "SYSTEM_STATUS_CHECK", "user": "root", "data": {}}
{"timestamp": "2026-01-04T07:06:35.150127", "event_type": "SYSTEM_STATUS_CHECK", "user": "root", "data": {}}
{"timestamp": "2026-01-04T07:07:05.154859", "event_type": "SYSTEM_STATUS_CHECK", "user": "root", "data": {}}
{"timestamp": "2026-01-04T07:07:35.154120", "event_type": "SYSTEM_STATUS_CHECK", "user": "root", "data": {}}
{"timestamp": "2026-01-04T07:08:05.150256", "event_type": "SYSTEM_STATUS_CHECK", "user": "root", "data": {}}
{"timestamp": "2026-01-04T07:08:35.155787", "event_type": "SYSTEM_STATUS_CHECK", "user": "root", "data": {}}
{"timestamp": "2026-01-04T07:09:05.151461", "event_type": "SYSTEM_STATUS_CHECK", "user": "root", "data": {}}
{"timestamp": "2026-01-04T07:09:35.151677", "event_type": "SYSTEM_STATUS_CHECK", "user": "root", "data": {}}
{"timestamp": "2026-01-04T07:10:05.151546", "event_type": "SYSTEM_STATUS_CHECK", "user": "root", "data": {}}
{"timestamp": "2026-01-04T07:10:35.151680", "event_type": "SYSTEM_STATUS_CHECK", "user": "root", "data": {}}
{"timestamp": "2026-01-04T07:11:05.156637", "event_type": "SYSTEM_STATUS_CHECK", "user": "root", "data": {}}
{"timestamp": "2026-01-04T07:11:35.154150", "event_type": "SYSTEM_STATUS_CHECK", "user": "root", "data": {}}
{"timestamp": "2026-01-04T07:12:05.152564", "event_type": "SYSTEM_STATUS_CHECK", "user": "root", "data": {}}
{"timestamp": "2026-01-04T07:12:35.154840", "event_type": "SYSTEM_STATUS_CHECK", "user": "root", "data": {}}
{"timestamp": "2026-01-04T07:13:05.154099", "event_type": "SYSTEM_STATUS_CHECK", "user": "root", "data": {}}
{"timestamp": "2026-01-04T07:13:35.950329", "event_type": "SYSTEM_STATUS_CHECK", "user": "root", "data": {}}
{"timestamp": "2026-01-04T07:14:05.945611", "event_type": "SYSTEM_STATUS_CHECK", "user": "root", "data": {}}
{"timestamp": "2026-01-04T07:14:35.950241", "event_type": "SYSTEM_STATUS_CHECK", "user": "root", "data": {}}
{"timestamp": "2026-01-04T07:15:05.951165", "event_type": "SYSTEM_STATUS_CHECK", "user": "root", "data": {}}
{"timestamp": "2026-01-04T07:15:35.946376", "event_type": "SYSTEM_STATUS_CHECK", "user": "root", "data": {}}
{"timestamp": "2026-01-04T07:16:05.947097", "event_type": "SYSTEM_STATUS_CHECK", "user": "root", "data": {}}
{"timestamp": "2026-01-04T07:16:35.951129", "event_type": "SYSTEM_STATUS_CHECK", "user": "root", "data": {}}
{"timestamp": "2026-01-04T07:17:05.951678", "event_type": "SYSTEM_STATUS_CHECK", "user": "root", "data": {}}
{"timestamp": "2026-01-04T07:17:35.955116", "event_type": "SYSTEM_STATUS_CHECK", "user": "root", "data": {}}
{"timestamp": "2026-01-04T07:18:05.947972", "event_type": "SYSTEM_STATUS_CHECK", "user": "root", "data": {}}
{"timestamp": "2026-01-04T07:18:35.952381", "event_type": "SYSTEM_STATUS_CHECK", "user": "root", "data": {}}
{"timestamp": "2026-01-04T07:19:05.953632", "event_type": "SYSTEM_STATUS_CHECK", "user": "root", "data": {}}
{"timestamp": "2026-01-04T07:19:35.954293", "event_type": "SYSTEM_STATUS_CHECK", "user": "root", "data": {}}
{"timestamp": "2026-01-04T07:20:05.950101", "event_type": "SYSTEM_STATUS_CHECK", "user": "root", "data": {}}
{"timestamp": "2026-01-04T07:20:35.953269", "event_type": "SYSTEM_STATUS_CHECK", "user": "root", "data": {}}
{"timestamp": "2026-01-04T07:21:05.954119", "event_type": "SYSTEM_STATUS_CHECK", "user": "root", "data": {}}
{"timestamp": "2026-01-04T07:21:35.954616", "event_type": "SYSTEM_STATUS_CHECK", "user": "root", "data": {}}
{"timestamp": "2026-01-04T07:22:05.950657", "event_type": "SYSTEM_STATUS_CHECK", "user": "root", "data": {}}
{"timestamp": "2026-01-04T07:22:35.955690", "event_type": "SYSTEM_STATUS_CHECK", "user": "root", "data": {}}
{"timestamp": "2026-01-04T07:23:05.955760", "event_type": "SYSTEM_STATUS_CHECK", "user": "root", "data": {}}
{"timestamp": "2026-01-04T07:23:35.956484", "event_type": "SYSTEM_STATUS_CHECK", "user": "root", "data": {}}
{"timestamp": "2026-01-04T07:24:05.952022", "event_type": "SYSTEM_STATUS_CHECK", "user": "root", "data": {}}
{"timestamp": "2026-01-04T07:24:35.957011", "event_type": "SYSTEM_STATUS_CHECK", "user": "root", "data": {}}
{"timestamp": "2026-01-04T07:25:05.957026", "event_type": "SYSTEM_STATUS_CHECK", "user": "root", "data": {}}
{"timestamp": "2026-01-04T07:25:35.956890", "event_type": "SYSTEM_STATUS_CHECK", "user": "root", "data": {}}
{"timestamp": "2026-01-04T07:26:06.738392", "event_type": "SYSTEM_STATUS_CHECK", "user": "root", "data": {}}
{"timestamp": "2026-01-04T07:26:36.743937", "event_type": "SYSTEM_STATUS_CHECK", "user": "root", "data": {}}
{"timestamp": "2026-01-04T07:27:06.740267", "event_type": "SYSTEM_STATUS_CHECK", "user": "root", "data": {}}
{"timestamp": "2026-01-04T07:27:36.743644", "event_type": "SYSTEM_STATUS_CHECK", "user": "root", "data": {}}
{"timestamp": "2026-01-04T07:28:06.739814", "event_type": "SYSTEM_STATUS_CHECK", "user": "root", "data": {}}
{"timestamp": "2026-01-04T07:28:36.740249", "event_type": "SYSTEM_STATUS_CHECK", "user": "root", "data": {}}
{"timestamp": "2026-01-04T07:29:06.741765", "event_type": "SYSTEM_STATUS_CHECK", "user": "root", "data": {}}
{"timestamp": "2026-01-04T07:29:36.745150", "event_type": "SYSTEM_STATUS_CHECK", "user": "root", "data": {}}
{"timestamp": "2026-01-04T07:30:06.743045", "event_type": "SYSTEM_STATUS_CHECK", "user": "root", "data": {}}
{"timestamp": "2026-01-04T07:30:36.745871", "event_type": "SYSTEM_STATUS_CHECK", "user": "root", "data": {}}
{"timestamp": "2026-01-04T07:31:06.742877", "event_type": "SYSTEM_STATUS_CHECK", "user": "root", "data": {}}
{"timestamp": "2026-01-04T07:31:36.746570", "event_type": "SYSTEM_STATUS_CHECK", "user": "root", "data": {}}
{"timestamp": "2026-01-04T07:32:06.743298", "event_type": "SYSTEM_STATUS_CHECK", "user": "root", "data": {}}
{"timestamp": "2026-01-04T07:32:36.742592", "event_type": "SYSTEM_STATUS_CHECK", "user": "root", "data": {}}
{"timestamp": "2026-01-04T07:33:06.743027", "event_type": "SYSTEM_STATUS_CHECK", "user": "root", "data": {}}
{"timestamp": "2026-01-04T07:33:36.748056", "event_type": "SYSTEM_STATUS_CHECK", "user": "root", "data": {}}
{"timestamp": "2026-01-04T07:34:06.743520", "event_type": "SYSTEM_STATUS_CHECK", "user": "root", "data": {}}
{"timestamp": "2026-01-04T07:34:36.743420", "event_type": "SYSTEM_STATUS_CHECK", "user": "root", "data": {}}
{"timestamp": "2026-01-04T07:35:06.746986", "event_type": "SYSTEM_STATUS_CHECK", "user": "root", "data": {}}
{"timestamp": "2026-01-04T07:35:36.745127", "event_type": "SYSTEM_STATUS_CHECK", "user": "root", "data": {}}
{"timestamp": "2026-01-04T07:36:06.746097", "event_type": "SYSTEM_STATUS_CHECK", "user": "root", "data": {}}
{"timestamp": "2026-01-04T07:36:36.744125", "event_type": "SYSTEM_STATUS_CHECK", "user": "root", "data": {}}
{"timestamp": "2026-01-04T07:37:06.749829", "event_type": "SYSTEM_STATUS_CHECK", "user": "root", "data": {}}
{"timestamp": "2026-01-04T07:37:36.749368", "event_type": "SYSTEM_STATUS_CHECK", "user": "root", "data": {}}
{"timestamp": "2026-01-04T07:38:06.750551", "event_type": "SYSTEM_STATUS_CHECK", "user": "root", "data": {}}
{"timestamp": "2026-01-04T07:38:37.525464", "event_type": "SYSTEM_STATUS_CHECK", "user": "root", "data": {}}
{"timestamp": "2026-01-04T07:39:07.530108", "event_type": "SYSTEM_STATUS_CHECK", "user": "root", "data": {}}
{"timestamp": "2026-01-04T07:39:37.534027", "event_type": "SYSTEM_STATUS_CHECK", "user": "root", "data": {}}
{"timestamp": "2026-01-04T07:40:07.532586", "event_type": "SYSTEM_STATUS_CHECK", "user": "root", "data": {}}
{"timestamp": "2026-01-04T07:40:37.527263", "event_type": "SYSTEM_STATUS_CHECK", "user": "root", "data": {}}
{"timestamp": "2026-01-04T07:41:07.531147", "event_type": "SYSTEM_STATUS_CHECK", "user": "root", "data": {}}
{"timestamp": "2026-01-04T07:41:37.531721", "event_type": "SYSTEM_STATUS_CHECK", "user": "root", "data": {}}
{"timestamp": "2026-01-04T07:42:07.531958", "event_type": "SYSTEM_STATUS_CHECK", "user": "root", "data": {}}
{"timestamp": "2026-01-04T07:42:37.527547", "event_type": "SYSTEM_STATUS_CHECK", "user": "root", "data": {}}
{"timestamp": "2026-01-04T07:43:07.532874", "event_type": "SYSTEM_STATUS_CHECK", "user": "root", "data": {}}
{"timestamp": "2026-01-04T07:43:37.532691", "event_type": "SYSTEM_STATUS_CHECK", "user": "root", "data": {}}
{"timestamp": "2026-01-04T07:44:07.533542", "event_type": "SYSTEM_STATUS_CHECK", "user": "root", "data": {}}
{"timestamp": "2026-01-04T07:44:37.528787", "event_type": "SYSTEM_STATUS_CHECK", "user": "root", "data": {}}
{"timestamp": "2026-01-04T07:45:07.533009", "event_type": "SYSTEM_STATUS_CHECK", "user": "root", "data": {}}
{"timestamp": "2026-01-04T07:45:37.534424", "event_type": "SYSTEM_STATUS_CHECK", "user": "root", "data": {}}
{"timestamp": "2026-01-04T07:46:07.533875", "event_type": "SYSTEM_STATUS_CHECK", "user": "root", "data": {}}
{"timestamp": "2026-01-04T07:46:37.529710", "event_type": "SYSTEM_STATUS_CHECK", "user": "root", "data": {}}
{"timestamp": "2026-01-04T07:47:07.534534", "event_type": "SYSTEM_STATUS_CHECK", "user": "root", "data": {}}
{"timestamp": "2026-01-04T07:47:37.535009", "event_type": "SYSTEM_STATUS_CHECK", "user": "root", "data": {}}
{"timestamp": "2026-01-04T07:48:07.534614", "event_type": "SYSTEM_STATUS_CHECK", "user": "root", "data": {}}
{"timestamp": "2026-01-04T07:48:37.535814", "event_type": "SYSTEM_STATUS_CHECK", "user": "root", "data": {}}
{"timestamp": "2026-01-04T07:49:07.536228", "event_type": "SYSTEM_STATUS_CHECK", "user": "root", "data": {}}
{"timestamp": "2026-01-04T07:49:37.536459", "event_type": "SYSTEM_STATUS_CHECK", "user": "root", "data": {}}
{"timestamp": "2026-01-04T07:50:07.536316", "event_type": "SYSTEM_STATUS_CHECK", "user": "root", "data": {}}
{"timestamp": "2026-01-04T07:50:37.536888", "event_type": "SYSTEM_STATUS_CHECK", "user": "root", "data": {}}
{"timestamp": "2026-01-04T07:51:08.316480", "event_type": "SYSTEM_STATUS_CHECK", "user": "root", "data": {}}
{"timestamp": "2026-01-04T07:51:38.316528", "event_type": "SYSTEM_STATUS_CHECK", "user": "root", "data": {}}
{"timestamp": "2026-01-04T07:52:08.316381", "event_type": "SYSTEM_STATUS_CHECK", "user": "root", "data": {}}
{"timestamp": "2026-01-04T07:52:38.312792", "event_type": "SYSTEM_STATUS_CHECK", "user": "root", "data": {}}
{"timestamp": "2026-01-04T07:53:08.314514", "event_type": "SYSTEM_STATUS_CHECK", "user": "root", "data": {}}
{"timestamp": "2026-01-04T07:53:38.317948", "event_type": "SYSTEM_STATUS_CHECK", "user": "root", "data": {}}
{"timestamp": "2026-01-04T07:54:08.318887", "event_type": "SYSTEM_STATUS_CHECK", "user": "root", "data": {}}
{"timestamp": "2026-01-04T07:54:38.313843", "event_type": "SYSTEM_STATUS_CHECK", "user": "root", "data": {}}
{"timestamp": "2026-01-04T07:55:08.317258", "event_type": "SYSTEM_STATUS_CHECK", "user": "root", "data": {}}
{"timestamp": "2026-01-04T07:55:38.318732", "event_type": "SYSTEM_STATUS_CHECK", "user": "root", "data": {}}
{"timestamp": "2026-01-04T07:56:08.319252", "event_type": "SYSTEM_STATUS_CHECK", "user": "root", "data": {}}
{"timestamp": "2026-01-04T07:56:38.314570", "event_type": "SYSTEM_STATUS_CHECK", "user": "root", "data": {}}
{"timestamp": "2026-01-04T07:57:08.316113", "event_type": "SYSTEM_STATUS_CHECK", "user": "root", "data": {}}
{"timestamp": "2026-01-04T07:57:38.320400", "event_type": "SYSTEM_STATUS_CHECK", "user": "root", "data": {}}
{"timestamp": "2026-01-04T07:58:08.319931", "event_type": "SYSTEM_STATUS_CHECK", "user": "root", "data": {}}
{"timestamp": "2026-01-04T07:58:38.320827", "event_type": "SYSTEM_STATUS_CHECK", "user": "root", "data": {}}
{"timestamp": "2026-01-04T07:59:08.317129", "event_type": "SYSTEM_STATUS_CHECK", "user": "root", "data": {}}
{"timestamp": "2026-01-04T07:59:38.321881", "event_type": "SYSTEM_STATUS_CHECK", "user": "root", "data": {}}
{"timestamp": "2026-01-04T08:00:08.321544", "event_type": "SYSTEM_STATUS_CHECK", "user": "root", "data": {}}
{"timestamp": "2026-01-04T08:00:38.321426", "event_type": "SYSTEM_STATUS_CHECK", "user": "root", "data": {}}
{"timestamp": "2026-01-04T08:01:08.323062", "event_type": "SYSTEM_STATUS_CHECK", "user": "root", "data": {}}
{"timestamp": "2026-01-04T08:01:38.325036", "event_type": "SYSTEM_STATUS_CHECK", "user": "root", "data": {}}
{"timestamp": "2026-01-04T08:02:08.323326", "event_type": "SYSTEM_STATUS_CHECK", "user": "root", "data": {}}
{"timestamp": "2026-01-04T08:02:38.318379", "event_type": "SYSTEM_STATUS_CHECK", "user": "root", "data": {}}
{"timestamp": "2026-01-04T08:03:08.323829", "event_type": "SYSTEM_STATUS_CHECK", "user": "root", "data": {}}
{"timestamp": "2026-01-04T08:03:39.104326", "event_type": "SYSTEM_STATUS_CHECK", "user": "root", "data": {}}
{"timestamp": "2026-01-04T08:04:09.103787", "event_type": "SYSTEM_STATUS_CHECK", "user": "root", "data": {}}
{"timestamp": "2026-01-04T08:04:39.104826", "event_type": "SYSTEM_STATUS_CHECK", "user": "root", "data": {}}
{"timestamp": "2026-01-04T08:05:09.103967", "event_type": "SYSTEM_STATUS_CHECK", "user": "root", "data": {}}
{"timestamp": "2026-01-04T08:05:39.104073", "event_type": "SYSTEM_STATUS_CHECK", "user": "root", "data": {}}
{"timestamp": "2026-01-04T08:06:09.104432", "event_type": "SYSTEM_STATUS_CHECK", "user": "root", "data": {}}
{"timestamp": "2026-01-04T08:06:39.104659", "event_type": "SYSTEM_STATUS_CHECK", "user": "root", "data": {}}
{"timestamp": "2026-01-04T08:07:09.104811", "event_type": "SYSTEM_STATUS_CHECK", "user": "root", "data": {}}
{"timestamp": "2026-01-04T08:07:39.104801", "event_type": "SYSTEM_STATUS_CHECK", "user": "root", "data": {}}
{"timestamp": "2026-01-04T08:08:09.104817", "event_type": "SYSTEM_STATUS_CHECK", "user": "root", "data": {}}
{"timestamp": "2026-01-04T08:08:39.105332", "event_type": "SYSTEM_STATUS_CHECK", "user": "root", "data": {}}
{"timestamp": "2026-01-04T08:09:09.105352", "event_type": "SYSTEM_STATUS_CHECK", "user": "root", "data": {}}
{"timestamp": "2026-01-04T08:09:39.106246", "event_type": "SYSTEM_STATUS_CHECK", "user": "root", "data": {}}
{"timestamp": "2026-01-04T08:10:09.106530", "event_type": "SYSTEM_STATUS_CHECK", "user": "root", "data": {}}
{"timestamp": "2026-01-04T08:10:39.105484", "event_type": "SYSTEM_STATUS_CHECK", "user": "root", "data": {}}
{"timestamp": "2026-01-04T08:11:09.105681", "event_type": "SYSTEM_STATUS_CHECK", "user": "root", "data": {}}
{"timestamp": "2026-01-04T08:11:39.109438", "event_type": "SYSTEM_STATUS_CHECK", "user": "root", "data": {}}
{"timestamp": "2026-01-04T08:12:09.106330", "event_type": "SYSTEM_STATUS_CHECK", "user": "root", "data": {}}
{"timestamp": "2026-01-04T08:12:39.112899", "event_type": "SYSTEM_STATUS_CHECK", "user": "root", "data": {}}
{"timestamp": "2026-01-04T08:13:09.107306", "event_type": "SYSTEM_STATUS_CHECK", "user": "root", "data": {}}
{"timestamp": "2026-01-04T08:13:39.106733", "event_type": "SYSTEM_STATUS_CHECK", "user": "root", "data": {}}
{"timestamp": "2026-01-04T08:14:09.107446", "event_type": "SYSTEM_STATUS_CHECK", "user": "root", "data": {}}
{"timestamp": "2026-01-04T08:14:39.108144", "event_type": "SYSTEM_STATUS_CHECK", "user": "root", "data": {}}
{"timestamp": "2026-01-04T08:15:09.108029", "event_type": "SYSTEM_STATUS_CHECK", "user": "root", "data": {}}
{"timestamp": "2026-01-04T08:15:39.107448", "event_type": "SYSTEM_STATUS_CHECK", "user": "root", "data": {}}
{"timestamp": "2026-01-04T08:16:09.906533", "event_type": "SYSTEM_STATUS_CHECK", "user": "root", "data": {}}
{"timestamp": "2026-01-04T08:16:39.906738", "event_type": "SYSTEM_STATUS_CHECK", "user": "root", "data": {}}
{"timestamp": "2026-01-04T08:17:09.902370", "event_type": "SYSTEM_STATUS_CHECK", "user": "root", "data": {}}
{"timestamp": "2026-01-04T08:17:39.904021", "event_type": "SYSTEM_STATUS_CHECK", "user": "root", "data": {}}
{"timestamp": "2026-01-04T08:18:09.907443", "event_type": "SYSTEM_STATUS_CHECK", "user": "root", "data": {}}
{"timestamp": "2026-01-04T08:18:39.907586", "event_type": "SYSTEM_STATUS_CHECK", "user": "root", "data": {}}
{"timestamp": "2026-01-04T08:19:09.903741", "event_type": "SYSTEM_STATUS_CHECK", "user": "root", "data": {}}
{"timestamp": "2026-01-04T08:19:39.909057", "event_type": "SYSTEM_STATUS_CHECK", "user": "root", "data": {}}
{"timestamp": "2026-01-04T08:20:09.909085", "event_type": "SYSTEM_STATUS_CHECK", "user": "root", "data": {}}
{"timestamp": "2026-01-04T08:20:39.909306", "event_type": "SYSTEM_STATUS_CHECK", "user": "root", "data": {}}
{"timestamp": "2026-01-04T08:21:09.908989", "event_type": "SYSTEM_STATUS_CHECK", "user": "root", "data": {}}
{"timestamp": "2026-01-04T08:21:39.910070", "event_type": "SYSTEM_STATUS_CHECK", "user": "root", "data": {}}
{"timestamp": "2026-01-04T08:22:09.909263", "event_type": "SYSTEM_STATUS_CHECK", "user": "root", "data": {}}
{"timestamp": "2026-01-04T08:22:39.910296", "event_type": "SYSTEM_STATUS_CHECK", "user": "root", "data": {}}
{"timestamp": "2026-01-04T08:23:09.911674", "event_type": "SYSTEM_STATUS_CHECK", "user": "root", "data": {}}
{"timestamp": "2026-01-04T08:23:39.910883", "event_type": "SYSTEM_STATUS_CHECK", "user": "root", "data": {}}
{"timestamp": "2026-01-04T08:24:09.911977", "event_type": "SYSTEM_STATUS_CHECK", "user": "root", "data": {}}
{"timestamp": "2026-01-04T08:24:39.906973", "event_type": "SYSTEM_STATUS_CHECK", "user": "root", "data": {}}
{"timestamp": "2026-01-04T08:25:09.911833", "event_type": "SYSTEM_STATUS_CHECK", "user": "root", "data": {}}
{"timestamp": "2026-01-04T08:25:39.911778", "event_type": "SYSTEM_STATUS_CHECK", "user": "root", "data": {}}
{"timestamp": "2026-01-04T08:26:09.911823", "event_type": "SYSTEM_STATUS_CHECK", "user": "root", "data": {}}
{"timestamp": "2026-01-04T08:26:39.908151", "event_type": "SYSTEM_STATUS_CHECK", "user": "root", "data": {}}
{"timestamp": "2026-01-04T08:27:09.912834", "event_type": "SYSTEM_STATUS_CHECK", "user": "root", "data": {}}
{"timestamp": "2026-01-04T08:27:39.913219", "event_type": "SYSTEM_STATUS_CHECK", "user": "root", "data": {}}
{"timestamp": "2026-01-04T08:28:09.912887", "event_type": "SYSTEM_STATUS_CHECK", "user": "root", "data": {}}
{"timestamp": "2026-01-04T08:28:40.679974", "event_type": "SYSTEM_STATUS_CHECK", "user": "root", "data": {}}
{"timestamp": "2026-01-04T08:29:10.675670", "event_type": "SYSTEM_STATUS_CHECK", "user": "root", "data": {}}
{"timestamp": "2026-01-04T08:29:40.676194", "event_type": "SYSTEM_STATUS_CHECK", "user": "root", "data": {}}
{"timestamp": "2026-01-04T08:30:10.680335", "event_type": "SYSTEM_STATUS_CHECK", "user": "root", "data": {}}
{"timestamp": "2026-01-04T08:30:40.680636", "event_type": "SYSTEM_STATUS_CHECK", "user": "root", "data": {}}
{"timestamp": "2026-01-04T08:31:10.681843", "event_type": "SYSTEM_STATUS_CHECK", "user": "root", "data": {}}
{"timestamp": "2026-01-04T08:31:40.678844", "event_type": "SYSTEM_STATUS_CHECK", "user": "root", "data": {}}
{"timestamp": "2026-01-04T08:32:10.682025", "event_type": "SYSTEM_STATUS_CHECK", "user": "root", "data": {}}
{"timestamp": "2026-01-04T08:32:40.682237", "event_type": "SYSTEM_STATUS_CHECK", "user": "root", "data": {}}
{"timestamp": "2026-01-04T08:33:10.678074", "event_type": "SYSTEM_STATUS_CHECK", "user": "root", "data": {}}
{"timestamp": "2026-01-04T08:33:40.678455", "event_type": "SYSTEM_STATUS_CHECK", "user": "root", "data": {}}
{"timestamp": "2026-01-04T08:34:10.678214", "event_type": "SYSTEM_STATUS_CHECK", "user": "root", "data": {}}
{"timestamp": "2026-01-04T08:34:40.683114", "event_type": "SYSTEM_STATUS_CHECK", "user": "root", "data": {}}
{"timestamp": "2026-01-04T08:35:10.679011", "event_type": "SYSTEM_STATUS_CHECK", "user": "root", "data": {}}
{"timestamp": "2026-01-04T08:35:40.685463", "event_type": "SYSTEM_STATUS_CHECK", "user": "root", "data": {}}
{"timestamp": "2026-01-04T08:36:10.695263", "event_type": "SYSTEM_STATUS_CHECK", "user": "root", "data": {}}
{"timestamp": "2026-01-04T08:36:40.683988", "event_type": "SYSTEM_STATUS_CHECK", "user": "root", "data": {}}
{"timestamp": "2026-01-04T08:37:10.683562", "event_type": "SYSTEM_STATUS_CHECK", "user": "root", "data": {}}
{"timestamp": "2026-01-04T08:37:40.684588", "event_type": "SYSTEM_STATUS_CHECK", "user": "root", "data": {}}
{"timestamp": "2026-01-04T08:38:10.698593", "event_type": "SYSTEM_STATUS_CHECK", "user": "root", "data": {}}
{"timestamp": "2026-01-04T08:38:40.684567", "event_type": "SYSTEM_STATUS_CHECK", "user": "root", "data": {}}
{"timestamp": "2026-01-04T08:39:10.685368", "event_type": "SYSTEM_STATUS_CHECK", "user": "root", "data": {}}
{"timestamp": "2026-01-04T08:39:40.686255", "event_type": "SYSTEM_STATUS_CHECK", "user": "root", "data": {}}
{"timestamp": "2026-01-04T08:40:10.697274", "event_type": "SYSTEM_STATUS_CHECK", "user": "root", "data": {}}
{"timestamp": "2026-01-04T08:40:40.686613", "event_type": "SYSTEM_STATUS_CHECK", "user": "root", "data": {}}
{"timestamp": "2026-01-04T08:41:11.459702", "event_type": "SYSTEM_STATUS_CHECK", "user": "root", "data": {}}
{"timestamp": "2026-01-04T08:41:41.464613", "event_type": "SYSTEM_STATUS_CHECK", "user": "root", "data": {}}
{"timestamp": "2026-01-04T08:42:11.479135", "event_type": "SYSTEM_STATUS_CHECK", "user": "root", "data": {}}
{"timestamp": "2026-01-04T08:42:41.465298", "event_type": "SYSTEM_STATUS_CHECK", "user": "root", "data": {}}
{"timestamp": "2026-01-04T08:43:11.464900", "event_type": "SYSTEM_STATUS_CHECK", "user": "root", "data": {}}
{"timestamp": "2026-01-04T08:43:41.466035", "event_type": "SYSTEM_STATUS_CHECK", "user": "root", "data": {}}
{"timestamp": "2026-01-04T08:44:11.477325", "event_type": "SYSTEM_STATUS_CHECK", "user": "root", "data": {}}
{"timestamp": "2026-01-04T08:44:41.468034", "event_type": "SYSTEM_STATUS_CHECK", "user": "root", "data": {}}
{"timestamp": "2026-01-04T08:45:11.466076", "event_type": "SYSTEM_STATUS_CHECK", "user": "root", "data": {}}
{"timestamp": "2026-01-04T08:45:41.466943", "event_type": "SYSTEM_STATUS_CHECK", "user": "root", "data": {}}
{"timestamp": "2026-01-04T08:46:11.467363", "event_type": "SYSTEM_STATUS_CHECK", "user": "root", "data": {}}
{"timestamp": "2026-01-04T08:46:41.467367", "event_type": "SYSTEM_STATUS_CHECK", "user": "root", "data": {}}
{"timestamp": "2026-01-04T08:47:11.463083", "event_type": "SYSTEM_STATUS_CHECK", "user": "root", "data": {}}
{"timestamp": "2026-01-04T08:47:41.468394", "event_type": "SYSTEM_STATUS_CHECK", "user": "root", "data": {}}
{"timestamp": "2026-01-04T08:48:11.468262", "event_type": "SYSTEM_STATUS_CHECK", "user": "root", "data": {}}
{"timestamp": "2026-01-04T08:48:41.468725", "event_type": "SYSTEM_STATUS_CHECK", "user": "root", "data": {}}
{"timestamp": "2026-01-04T08:49:11.464648", "event_type": "SYSTEM_STATUS_CHECK", "user": "root", "data": {}}
{"timestamp": "2026-01-04T08:49:41.470662", "event_type": "SYSTEM_STATUS_CHECK", "user": "root", "data": {}}
{"timestamp": "2026-01-04T08:50:11.469791", "event_type": "SYSTEM_STATUS_CHECK", "user": "root", "data": {}}
{"timestamp": "2026-01-04T08:50:41.469980", "event_type": "SYSTEM_STATUS_CHECK", "user": "root", "data": {}}
{"timestamp": "2026-01-04T08:51:11.465561", "event_type": "SYSTEM_STATUS_CHECK", "user": "root", "data": {}}
{"timestamp": "2026-01-04T08:51:41.470737", "event_type": "SYSTEM_STATUS_CHECK", "user": "root", "data": {}}
{"timestamp": "2026-01-04T08:52:11.471002", "event_type": "SYSTEM_STATUS_CHECK", "user": "root", "data": {}}
{"timestamp": "2026-01-04T08:52:41.470912", "event_type": "SYSTEM_STATUS_CHECK", "user": "root", "data": {}}
{"timestamp": "2026-01-04T08:53:11.466812", "event_type": "SYSTEM_STATUS_CHECK", "user": "root", "data": {}}
{"timestamp": "2026-01-04T08:53:42.255613", "event_type": "SYSTEM_STATUS_CHECK", "user": "root", "data": {}}
{"timestamp": "2026-01-04T08:54:12.255069", "event_type": "SYSTEM_STATUS_CHECK", "user": "root", "data": {}}
{"timestamp": "2026-01-04T08:54:42.250814", "event_type": "SYSTEM_STATUS_CHECK", "user": "root", "data": {}}
{"timestamp": "2026-01-04T08:55:12.255817", "event_type": "SYSTEM_STATUS_CHECK", "user": "root", "data": {}}
{"timestamp": "2026-01-04T08:55:42.251068", "event_type": "SYSTEM_STATUS_CHECK", "user": "root", "data": {}}
{"timestamp": "2026-01-04T08:56:12.255389", "event_type": "SYSTEM_STATUS_CHECK", "user": "root", "data": {}}
{"timestamp": "2026-01-04T08:56:42.255979", "event_type": "SYSTEM_STATUS_CHECK", "user": "root", "data": {}}
{"timestamp": "2026-01-04T08:57:12.256892", "event_type": "SYSTEM_STATUS_CHECK", "user": "root", "data": {}}
{"timestamp": "2026-01-04T08:57:42.260835", "event_type": "SYSTEM_STATUS_CHECK", "user": "root", "data": {}}
{"timestamp": "2026-01-04T08:58:12.256553", "event_type": "SYSTEM_STATUS_CHECK", "user": "root", "data": {}}
{"timestamp": "2026-01-04T08:58:42.257496", "event_type": "SYSTEM_STATUS_CHECK", "user": "root", "data": {}}
{"timestamp": "2026-01-04T08:59:12.257203", "event_type": "SYSTEM_STATUS_CHECK", "user": "root", "data": {}}
{"timestamp": "2026-01-04T08:59:42.262238", "event_type": "SYSTEM_STATUS_CHECK", "user": "root", "data": {}}
{"timestamp": "2026-01-04T09:00:12.257748", "event_type": "SYSTEM_STATUS_CHECK", "user": "root", "data": {}}
{"timestamp": "2026-01-04T09:00:42.258722", "event_type": "SYSTEM_STATUS_CHECK", "user": "root", "data": {}}
{"timestamp": "2026-01-04T09:01:12.258884", "event_type": "SYSTEM_STATUS_CHECK", "user": "root", "data": {}}
{"timestamp": "2026-01-04T09:01:42.258035", "event_type": "SYSTEM_STATUS_CHECK", "user": "root", "data": {}}
{"timestamp": "2026-01-04T09:02:12.258549", "event_type": "SYSTEM_STATUS_CHECK", "user": "root", "data": {}}
{"timestamp": "2026-01-04T09:02:42.257949", "event_type": "SYSTEM_STATUS_CHECK", "user": "root", "data": {}}
{"timestamp": "2026-01-04T09:03:12.260058", "event_type": "SYSTEM_STATUS_CHECK", "user": "root", "data": {}}
{"timestamp": "2026-01-04T09:03:42.255411", "event_type": "SYSTEM_STATUS_CHECK", "user": "root", "data": {}}
{"timestamp": "2026-01-04T09:04:12.260103", "event_type": "SYSTEM_STATUS_CHECK", "user": "root", "data": {}}
{"timestamp": "2026-01-04T09:04:42.260299", "event_type": "SYSTEM_STATUS_CHECK", "user": "root", "data": {}}
{"timestamp": "2026-01-04T09:05:12.261872", "event_type": "SYSTEM_STATUS_CHECK", "user": "root", "data": {}}
{"timestamp": "2026-01-04T09:05:42.256991", "event_type": "SYSTEM_STATUS_CHECK", "user": "root", "data": {}}
{"timestamp": "2026-01-04T09:06:13.047785", "event_type": "SYSTEM_STATUS_CHECK", "user": "root", "data": {}}
{"timestamp": "2026-01-04T09:06:43.046731", "event_type": "SYSTEM_STATUS_CHECK", "user": "root", "data": {}}
{"timestamp": "2026-01-04T09:07:13.046451", "event_type": "SYSTEM_STATUS_CHECK", "user": "root", "data": {}}
{"timestamp": "2026-01-04T09:07:43.045195", "event_type": "SYSTEM_STATUS_CHECK", "user": "root", "data": {}}
{"timestamp": "2026-01-04T09:08:13.046268", "event_type": "SYSTEM_STATUS_CHECK", "user": "root", "data": {}}
{"timestamp": "2026-01-04T09:08:43.047540", "event_type": "SYSTEM_STATUS_CHECK", "user": "root", "data": {}}
{"timestamp": "2026-01-04T09:09:13.046705", "event_type": "SYSTEM_STATUS_CHECK", "user": "root", "data": {}}
{"timestamp": "2026-01-04T09:09:43.046226", "event_type": "SYSTEM_STATUS_CHECK", "user": "root", "data": {}}
{"timestamp": "2026-01-04T09:10:13.047781", "event_type": "SYSTEM_STATUS_CHECK", "user": "root", "data": {}}
{"timestamp": "2026-01-04T09:10:43.047157", "event_type": "SYSTEM_STATUS_CHECK", "user": "root", "data": {}}
{"timestamp": "2026-01-04T09:11:13.046591", "event_type": "SYSTEM_STATUS_CHECK", "user": "root", "data": {}}
{"timestamp": "2026-01-04T09:11:43.046599", "event_type": "SYSTEM_STATUS_CHECK", "user": "root", "data": {}}
{"timestamp": "2026-01-04T09:12:13.048150", "event_type": "SYSTEM_STATUS_CHECK", "user": "root", "data": {}}
{"timestamp": "2026-01-04T09:12:43.046919", "event_type": "SYSTEM_STATUS_CHECK", "user": "root", "data": {}}
{"timestamp": "2026-01-04T09:13:13.048384", "event_type": "SYSTEM_STATUS_CHECK", "user": "root", "data": {}}
{"timestamp": "2026-01-04T09:13:43.047224", "event_type": "SYSTEM_STATUS_CHECK", "user": "root", "data": {}}
{"timestamp": "2026-01-04T09:14:13.048814", "event_type": "SYSTEM_STATUS_CHECK", "user": "root", "data": {}}
{"timestamp": "2026-01-04T09:14:43.047371", "event_type": "SYSTEM_STATUS_CHECK", "user": "root", "data": {}}
{"timestamp": "2026-01-04T09:15:13.049384", "event_type": "SYSTEM_STATUS_CHECK", "user": "root", "data": {}}
{"timestamp": "2026-01-04T09:15:43.048032", "event_type": "SYSTEM_STATUS_CHECK", "user": "root", "data": {}}
{"timestamp": "2026-01-04T09:16:13.048985", "event_type": "SYSTEM_STATUS_CHECK", "user": "root", "data": {}}
{"timestamp": "2026-01-04T09:16:43.049095", "event_type": "SYSTEM_STATUS_CHECK", "user": "root", "data": {}}
{"timestamp": "2026-01-04T09:17:13.048678", "event_type": "SYSTEM_STATUS_CHECK", "user": "root", "data": {}}
{"timestamp": "2026-01-04T09:17:43.048719", "event_type": "SYSTEM_STATUS_CHECK", "user": "root", "data": {}}
{"timestamp": "2026-01-04T09:18:13.049404", "event_type": "SYSTEM_STATUS_CHECK", "user": "root", "data": {}}
{"timestamp": "2026-01-04T09:18:43.851080", "event_type": "SYSTEM_STATUS_CHECK", "user": "root", "data": {}}
{"timestamp": "2026-01-04T09:19:13.851353", "event_type": "SYSTEM_STATUS_CHECK", "user": "root", "data": {}}
{"timestamp": "2026-01-04T09:19:43.847129", "event_type": "SYSTEM_STATUS_CHECK", "user": "root", "data": {}}
{"timestamp": "2026-01-04T09:20:13.851465", "event_type": "SYSTEM_STATUS_CHECK", "user": "root", "data": {}}
{"timestamp": "2026-01-04T09:20:43.852546", "event_type": "SYSTEM_STATUS_CHECK", "user": "root", "data": {}}
{"timestamp": "2026-01-04T09:21:13.854019", "event_type": "SYSTEM_STATUS_CHECK", "user": "root", "data": {}}
{"timestamp": "2026-01-04T09:21:43.848349", "event_type": "SYSTEM_STATUS_CHECK", "user": "root", "data": {}}
{"timestamp": "2026-01-04T09:22:13.853485", "event_type": "SYSTEM_STATUS_CHECK", "user": "root", "data": {}}
{"timestamp": "2026-01-04T09:22:43.853004", "event_type": "SYSTEM_STATUS_CHECK", "user": "root", "data": {}}
{"timestamp": "2026-01-04T09:23:13.853185", "event_type": "SYSTEM_STATUS_CHECK", "user": "root", "data": {}}
{"timestamp": "2026-01-04T09:23:43.849130", "event_type": "SYSTEM_STATUS_CHECK", "user": "root", "data": {}}
{"timestamp": "2026-01-04T09:24:13.854011", "event_type": "SYSTEM_STATUS_CHECK", "user": "root", "data": {}}
{"timestamp": "2026-01-04T09:24:43.850007", "event_type": "SYSTEM_STATUS_CHECK", "user": "root", "data": {}}
{"timestamp": "2026-01-04T09:25:13.854773", "event_type": "SYSTEM_STATUS_CHECK", "user": "root", "data": {}}
{"timestamp": "2026-01-04T09:25:43.855265", "event_type": "SYSTEM_STATUS_CHECK", "user": "root", "data": {}}
{"timestamp": "2026-01-04T09:26:13.850232", "event_type": "SYSTEM_STATUS_CHECK", "user": "root", "data": {}}
{"timestamp": "2026-01-04T09:26:43.855138", "event_type": "SYSTEM_STATUS_CHECK", "user": "root", "data": {}}
{"timestamp": "2026-01-04T09:27:13.855797", "event_type": "SYSTEM_STATUS_CHECK", "user": "root", "data": {}}
{"timestamp": "2026-01-04T09:27:43.855449", "event_type": "SYSTEM_STATUS_CHECK", "user": "root", "data": {}}
{"timestamp": "2026-01-04T09:28:13.851743", "event_type": "SYSTEM_STATUS_CHECK", "user": "root", "data": {}}
{"timestamp": "2026-01-04T09:28:43.855758", "event_type": "SYSTEM_STATUS_CHECK", "user": "root", "data": {}}
{"timestamp": "2026-01-04T09:29:13.857601", "event_type": "SYSTEM_STATUS_CHECK", "user": "root", "data": {}}
{"timestamp": "2026-01-04T09:29:43.857107", "event_type": "SYSTEM_STATUS_CHECK", "user": "root", "data": {}}
{"timestamp": "2026-01-04T09:30:13.852978", "event_type": "SYSTEM_STATUS_CHECK", "user": "root", "data": {}}
{"timestamp": "2026-01-04T09:30:43.857310", "event_type": "SYSTEM_STATUS_CHECK", "user": "root", "data": {}}
{"timestamp": "2026-01-04T09:31:14.644361", "event_type": "SYSTEM_STATUS_CHECK", "user": "root", "data": {}}
{"timestamp": "2026-01-04T09:31:44.644920", "event_type": "SYSTEM_STATUS_CHECK", "user": "root", "data": {}}
{"timestamp": "2026-01-04T09:32:14.640352", "event_type": "SYSTEM_STATUS_CHECK", "user": "root", "data": {}}
{"timestamp": "2026-01-04T09:32:44.644857", "event_type": "SYSTEM_STATUS_CHECK", "user": "root", "data": {}}
{"timestamp": "2026-01-04T09:33:14.642344", "event_type": "SYSTEM_STATUS_CHECK", "user": "root", "data": {}}
{"timestamp": "2026-01-04T09:33:44.646054", "event_type": "SYSTEM_STATUS_CHECK", "user": "root", "data": {}}
{"timestamp": "2026-01-04T09:34:14.641696", "event_type": "SYSTEM_STATUS_CHECK", "user": "root", "data": {}}
{"timestamp": "2026-01-04T09:34:44.642891", "event_type": "SYSTEM_STATUS_CHECK", "user": "root", "data": {}}
{"timestamp": "2026-01-04T09:35:14.643263", "event_type": "SYSTEM_STATUS_CHECK", "user": "root", "data": {}}
{"timestamp": "2026-01-04T09:35:44.643400", "event_type": "SYSTEM_STATUS_CHECK", "user": "root", "data": {}}
{"timestamp": "2026-01-04T09:36:14.642115", "event_type": "SYSTEM_STATUS_CHECK", "user": "root", "data": {}}
{"timestamp": "2026-01-04T09:36:44.646792", "event_type": "SYSTEM_STATUS_CHECK", "user": "root", "data": {}}
{"timestamp": "2026-01-04T09:37:14.644125", "event_type": "SYSTEM_STATUS_CHECK", "user": "root", "data": {}}
{"timestamp": "2026-01-04T09:37:44.644745", "event_type": "SYSTEM_STATUS_CHECK", "user": "root", "data": {}}
{"timestamp": "2026-01-04T09:38:14.643231", "event_type": "SYSTEM_STATUS_CHECK", "user": "root", "data": {}}
{"timestamp": "2026-01-04T09:38:44.649247", "event_type": "SYSTEM_STATUS_CHECK", "user": "root", "data": {}}
{"timestamp": "2026-01-04T09:39:14.643935", "event_type": "SYSTEM_STATUS_CHECK", "user": "root", "data": {}}
{"timestamp": "2026-01-04T09:39:44.644270", "event_type": "SYSTEM_STATUS_CHECK", "user": "root", "data": {}}
{"timestamp": "2026-01-04T09:40:14.644467", "event_type": "SYSTEM_STATUS_CHECK", "user": "root", "data": {}}
{"timestamp": "2026-01-04T09:40:44.645669", "event_type": "SYSTEM_STATUS_CHECK", "user": "root", "data": {}}
{"timestamp": "2026-01-04T09:41:14.646042", "event_type": "SYSTEM_STATUS_CHECK", "user": "root", "data": {}}
{"timestamp": "2026-01-04T09:41:44.648988", "event_type": "SYSTEM_STATUS_CHECK", "user": "root", "data": {}}
{"timestamp": "2026-01-04T09:42:14.645399", "event_type": "SYSTEM_STATUS_CHECK", "user": "root", "data": {}}
{"timestamp": "2026-01-04T09:42:44.649975", "event_type": "SYSTEM_STATUS_CHECK", "user": "root", "data": {}}
{"timestamp": "2026-01-04T09:43:14.653948", "event_type": "SYSTEM_STATUS_CHECK", "user": "root", "data": {}}
{"timestamp": "2026-01-04T09:43:45.441569", "event_type": "SYSTEM_STATUS_CHECK", "user": "root", "data": {}}
{"timestamp": "2026-01-04T09:44:15.436902", "event_type": "SYSTEM_STATUS_CHECK", "user": "root", "data": {}}
{"timestamp": "2026-01-04T09:44:45.442464", "event_type": "SYSTEM_STATUS_CHECK", "user": "root", "data": {}}
{"timestamp": "2026-01-04T09:45:15.441658", "event_type": "SYSTEM_STATUS_CHECK", "user": "root", "data": {}}
{"timestamp": "2026-01-04T09:45:45.442035", "event_type": "SYSTEM_STATUS_CHECK", "user": "root", "data": {}}
{"timestamp": "2026-01-04T09:46:15.438060", "event_type": "SYSTEM_STATUS_CHECK", "user": "root", "data": {}}
{"timestamp": "2026-01-04T09:46:45.442876", "event_type": "SYSTEM_STATUS_CHECK", "user": "root", "data": {}}
{"timestamp": "2026-01-04T09:47:15.442870", "event_type": "SYSTEM_STATUS_CHECK", "user": "root", "data": {}}
{"timestamp": "2026-01-04T09:47:45.442886", "event_type": "SYSTEM_STATUS_CHECK", "user": "root", "data": {}}
{"timestamp": "2026-01-04T09:48:15.439193", "event_type": "SYSTEM_STATUS_CHECK", "user": "root", "data": {}}
{"timestamp": "2026-01-04T09:48:45.443318", "event_type": "SYSTEM_STATUS_CHECK", "user": "root", "data": {}}
{"timestamp": "2026-01-04T09:49:15.439927", "event_type": "SYSTEM_STATUS_CHECK", "user": "root", "data": {}}
{"timestamp": "2026-01-04T09:49:45.445554", "event_type": "SYSTEM_STATUS_CHECK", "user": "root", "data": {}}
{"timestamp": "2026-01-04T09:50:15.440311", "event_type": "SYSTEM_STATUS_CHECK", "user": "root", "data": {}}
{"timestamp": "2026-01-04T09:50:45.442375", "event_type": "SYSTEM_STATUS_CHECK", "user": "root", "data": {}}
{"timestamp": "2026-01-04T09:51:15.440669", "event_type": "SYSTEM_STATUS_CHECK", "user": "root", "data": {}}
{"timestamp": "2026-01-04T09:51:45.446569", "event_type": "SYSTEM_STATUS_CHECK", "user": "root", "data": {}}
{"timestamp": "2026-01-04T09:52:15.441109", "event_type": "SYSTEM_STATUS_CHECK", "user": "root", "data": {}}
{"timestamp": "2026-01-04T09:52:45.443986", "event_type": "SYSTEM_STATUS_CHECK", "user": "root", "data": {}}
{"timestamp": "2026-01-04T09:53:15.441769", "event_type": "SYSTEM_STATUS_CHECK", "user": "root", "data": {}}
{"timestamp": "2026-01-04T09:53:45.446631", "event_type": "SYSTEM_STATUS_CHECK", "user": "root", "data": {}}
{"timestamp": "2026-01-04T09:54:15.442528", "event_type": "SYSTEM_STATUS_CHECK", "user": "root", "data": {}}
{"timestamp": "2026-01-04T09:54:45.447823", "event_type": "SYSTEM_STATUS_CHECK", "user": "root", "data": {}}
{"timestamp": "2026-01-04T09:55:15.443500", "event_type": "SYSTEM_STATUS_CHECK", "user": "root", "data": {}}
{"timestamp": "2026-01-04T09:55:45.448585", "event_type": "SYSTEM_STATUS_CHECK", "user": "root", "data": {}}
{"timestamp": "2026-01-04T09:56:16.227531", "event_type": "SYSTEM_STATUS_CHECK", "user": "root", "data": {}}
{"timestamp": "2026-01-04T09:56:46.223558", "event_type": "SYSTEM_STATUS_CHECK", "user": "root", "data": {}}
{"timestamp": "2026-01-04T09:57:16.228875", "event_type": "SYSTEM_STATUS_CHECK", "user": "root", "data": {}}
{"timestamp": "2026-01-04T09:57:46.228635", "event_type": "SYSTEM_STATUS_CHECK", "user": "root", "data": {}}
{"timestamp": "2026-01-04T09:58:16.229259", "event_type": "SYSTEM_STATUS_CHECK", "user": "root", "data": {}}
{"timestamp": "2026-01-04T09:58:46.224989", "event_type": "SYSTEM_STATUS_CHECK", "user": "root", "data": {}}
{"timestamp": "2026-01-04T09:59:16.229801", "event_type": "SYSTEM_STATUS_CHECK", "user": "root", "data": {}}
{"timestamp": "2026-01-04T09:59:46.230323", "event_type": "SYSTEM_STATUS_CHECK", "user": "root", "data": {}}
{"timestamp": "2026-01-04T10:00:16.230206", "event_type": "SYSTEM_STATUS_CHECK", "user": "root", "data": {}}
{"timestamp": "2026-01-04T10:00:46.225971", "event_type": "SYSTEM_STATUS_CHECK", "user": "root", "data": {}}
{"timestamp": "2026-01-04T10:01:16.242362", "event_type": "SYSTEM_STATUS_CHECK", "user": "root", "data": {}}
{"timestamp": "2026-01-04T10:01:46.231995", "event_type": "SYSTEM_STATUS_CHECK", "user": "root", "data": {}}
{"timestamp": "2026-01-04T10:02:16.231943", "event_type": "SYSTEM_STATUS_CHECK", "user": "root", "data": {}}
{"timestamp": "2026-01-04T10:02:46.227221", "event_type": "SYSTEM_STATUS_CHECK", "user": "root", "data": {}}
{"timestamp": "2026-01-04T10:03:16.232159", "event_type": "SYSTEM_STATUS_CHECK", "user": "root", "data": {}}
{"timestamp": "2026-01-04T10:03:46.232269", "event_type": "SYSTEM_STATUS_CHECK", "user": "root", "data": {}}
{"timestamp": "2026-01-04T10:04:16.230379", "event_type": "SYSTEM_STATUS_CHECK", "user": "root", "data": {}}
{"timestamp": "2026-01-04T10:04:46.228347", "event_type": "SYSTEM_STATUS_CHECK", "user": "root", "data": {}}
{"timestamp": "2026-01-04T10:05:16.233367", "event_type": "SYSTEM_STATUS_CHECK", "user": "root", "data": {}}
{"timestamp": "2026-01-04T10:05:46.233564", "event_type": "SYSTEM_STATUS_CHECK", "user": "root", "data": {}}
{"timestamp": "2026-01-04T10:06:16.233801", "event_type": "SYSTEM_STATUS_CHECK", "user": "root", "data": {}}
{"timestamp": "2026-01-04T10:06:46.233532", "event_type": "SYSTEM_STATUS_CHECK", "user": "root", "data": {}}
{"timestamp": "2026-01-04T10:07:16.234434", "event_type": "SYSTEM_STATUS_CHECK", "user": "root", "data": {}}
{"timestamp": "2026-01-04T10:07:46.235452", "event_type": "SYSTEM_STATUS_CHECK", "user": "root", "data": {}}
{"timestamp": "2026-01-04T10:08:16.231121", "event_type": "SYSTEM_STATUS_CHECK", "user": "root", "data": {}}
{"timestamp": "2026-01-04T10:08:47.026710", "event_type": "SYSTEM_STATUS_CHECK", "user": "root", "data": {}}
{"timestamp": "2026-01-04T10:09:17.025900", "event_type": "SYSTEM_STATUS_CHECK", "user": "root", "data": {}}
{"timestamp": "2026-01-04T10:09:47.020791", "event_type": "SYSTEM_STATUS_CHECK", "user": "root", "data": {}}
{"timestamp": "2026-01-04T10:10:17.022156", "event_type": "SYSTEM_STATUS_CHECK", "user": "root", "data": {}}
{"timestamp": "2026-01-04T10:10:47.023146", "event_type": "SYSTEM_STATUS_CHECK", "user": "root", "data": {}}
{"timestamp": "2026-01-04T10:11:17.025283", "event_type": "SYSTEM_STATUS_CHECK", "user": "root", "data": {}}
{"timestamp": "2026-01-04T10:11:47.028055", "event_type": "SYSTEM_STATUS_CHECK", "user": "root", "data": {}}
{"timestamp": "2026-01-04T10:12:17.027375", "event_type": "SYSTEM_STATUS_CHECK", "user": "root", "data": {}}
{"timestamp": "2026-01-04T10:12:47.022179", "event_type": "SYSTEM_STATUS_CHECK", "user": "root", "data": {}}
{"timestamp": "2026-01-04T10:13:17.028541", "event_type": "SYSTEM_STATUS_CHECK", "user": "root", "data": {}}
{"timestamp": "2026-01-04T10:13:47.022659", "event_type": "SYSTEM_STATUS_CHECK", "user": "root", "data": {}}
{"timestamp": "2026-01-04T10:14:17.027758", "event_type": "SYSTEM_STATUS_CHECK", "user": "root", "data": {}}
{"timestamp": "2026-01-04T10:14:47.023505", "event_type": "SYSTEM_STATUS_CHECK", "user": "root", "data": {}}
{"timestamp": "2026-01-04T10:15:17.028357", "event_type": "SYSTEM_STATUS_CHECK", "user": "root", "data": {}}
{"timestamp": "2026-01-04T10:15:47.023570", "event_type": "SYSTEM_STATUS_CHECK", "user": "root", "data": {}}
{"timestamp": "2026-01-04T10:16:17.028213", "event_type": "SYSTEM_STATUS_CHECK", "user": "root", "data": {}}
{"timestamp": "2026-01-04T10:16:47.025791", "event_type": "SYSTEM_STATUS_CHECK", "user": "root", "data": {}}
{"timestamp": "2026-01-04T10:17:17.024262", "event_type": "SYSTEM_STATUS_CHECK", "user": "root", "data": {}}
{"timestamp": "2026-01-04T10:17:47.030694", "event_type": "SYSTEM_STATUS_CHECK", "user": "root", "data": {}}
{"timestamp": "2026-01-04T10:18:17.030531", "event_type": "SYSTEM_STATUS_CHECK", "user": "root", "data": {}}
{"timestamp": "2026-01-04T10:18:47.030887", "event_type": "SYSTEM_STATUS_CHECK", "user": "root", "data": {}}
{"timestamp": "2026-01-04T10:19:17.030520", "event_type": "SYSTEM_STATUS_CHECK", "user": "root", "data": {}}
{"timestamp": "2026-01-04T10:19:47.031146", "event_type": "SYSTEM_STATUS_CHECK", "user": "root", "data": {}}
{"timestamp": "2026-01-04T10:20:17.026112", "event_type": "SYSTEM_STATUS_CHECK", "user": "root", "data": {}}
{"timestamp": "2026-01-04T10:20:47.027364", "event_type": "SYSTEM_STATUS_CHECK", "user": "root", "data": {}}
{"timestamp": "2026-01-04T10:21:17.819505", "event_type": "SYSTEM_STATUS_CHECK", "user": "root", "data": {}}
{"timestamp": "2026-01-04T10:21:47.819113", "event_type": "SYSTEM_STATUS_CHECK", "user": "root", "data": {}}
{"timestamp": "2026-01-04T10:22:17.819739", "event_type": "SYSTEM_STATUS_CHECK", "user": "root", "data": {}}
{"timestamp": "2026-01-04T10:22:47.815468", "event_type": "SYSTEM_STATUS_CHECK", "user": "root", "data": {}}
{"timestamp": "2026-01-04T10:23:17.817478", "event_type": "SYSTEM_STATUS_CHECK", "user": "root", "data": {}}
{"timestamp": "2026-01-04T10:23:47.820276", "event_type": "SYSTEM_STATUS_CHECK", "user": "root", "data": {}}
{"timestamp": "2026-01-04T10:24:17.820295", "event_type": "SYSTEM_STATUS_CHECK", "user": "root", "data": {}}
{"timestamp": "2026-01-04T10:24:47.816767", "event_type": "SYSTEM_STATUS_CHECK", "user": "root", "data": {}}
{"timestamp": "2026-01-04T10:25:17.817307", "event_type": "SYSTEM_STATUS_CHECK", "user": "root", "data": {}}
{"timestamp": "2026-01-04T10:25:47.822735", "event_type": "SYSTEM_STATUS_CHECK", "user": "root", "data": {}}
{"timestamp": "2026-01-04T10:26:17.821839", "event_type": "SYSTEM_STATUS_CHECK", "user": "root", "data": {}}
{"timestamp": "2026-01-04T10:26:47.817528", "event_type": "SYSTEM_STATUS_CHECK", "user": "root", "data": {}}
{"timestamp": "2026-01-04T10:27:17.821432", "event_type": "SYSTEM_STATUS_CHECK", "user": "root", "data": {}}
{"timestamp": "2026-01-04T10:27:47.817531", "event_type": "SYSTEM_STATUS_CHECK", "user": "root", "data": {}}
{"timestamp": "2026-01-04T10:28:17.822993", "event_type": "SYSTEM_STATUS_CHECK", "user": "root", "data": {}}
{"timestamp": "2026-01-04T10:28:47.823327", "event_type": "SYSTEM_STATUS_CHECK", "user": "root", "data": {}}
{"timestamp": "2026-01-04T10:29:17.823433", "event_type": "SYSTEM_STATUS_CHECK", "user": "root", "data": {}}
{"timestamp": "2026-01-04T10:29:47.824656", "event_type": "SYSTEM_STATUS_CHECK", "user": "root", "data": {}}
{"timestamp": "2026-01-04T10:30:17.824140", "event_type": "SYSTEM_STATUS_CHECK", "user": "root", "data": {}}
{"timestamp": "2026-01-04T10:30:47.819676", "event_type": "SYSTEM_STATUS_CHECK", "user": "root", "data": {}}
{"timestamp": "2026-01-04T10:31:17.825095", "event_type": "SYSTEM_STATUS_CHECK", "user": "root", "data": {}}
{"timestamp": "2026-01-04T10:31:47.820012", "event_type": "SYSTEM_STATUS_CHECK", "user": "root", "data": {}}
{"timestamp": "2026-01-04T10:32:17.825668", "event_type": "SYSTEM_STATUS_CHECK", "user": "root", "data": {}}
{"timestamp": "2026-01-04T10:32:47.821121", "event_type": "SYSTEM_STATUS_CHECK", "user": "root", "data": {}}
{"timestamp": "2026-01-04T10:33:17.825694", "event_type": "SYSTEM_STATUS_CHECK", "user": "root", "data": {}}
{"timestamp": "2026-01-04T10:33:48.605990", "event_type": "SYSTEM_STATUS_CHECK", "user": "root", "data": {}}
{"timestamp": "2026-01-04T10:34:18.606734", "event_type": "SYSTEM_STATUS_CHECK", "user": "root", "data": {}}
{"timestamp": "2026-01-04T10:34:48.607468", "event_type": "SYSTEM_STATUS_CHECK", "user": "root", "data": {}}
{"timestamp": "2026-01-04T10:35:18.603014", "event_type": "SYSTEM_STATUS_CHECK", "user": "root", "data": {}}
{"timestamp": "2026-01-04T10:35:48.607785", "event_type": "SYSTEM_STATUS_CHECK", "user": "root", "data": {}}
{"timestamp": "2026-01-04T10:36:18.607918", "event_type": "SYSTEM_STATUS_CHECK", "user": "root", "data": {}}
{"timestamp": "2026-01-04T10:36:48.608207", "event_type": "SYSTEM_STATUS_CHECK", "user": "root", "data": {}}
{"timestamp": "2026-01-04T10:37:18.604794", "event_type": "SYSTEM_STATUS_CHECK", "user": "root", "data": {}}
{"timestamp": "2026-01-04T10:37:48.611537", "event_type": "SYSTEM_STATUS_CHECK", "user": "root", "data": {}}
{"timestamp": "2026-01-04T10:38:18.609594", "event_type": "SYSTEM_STATUS_CHECK", "user": "root", "data": {}}
{"timestamp": "2026-01-04T10:38:48.609585", "event_type": "SYSTEM_STATUS_CHECK", "user": "root", "data": {}}
{"timestamp": "2026-01-04T10:39:18.610107", "event_type": "SYSTEM_STATUS_CHECK", "user": "root", "data": {}}
{"timestamp": "2026-01-04T10:39:48.610975", "event_type": "SYSTEM_STATUS_CHECK", "user": "root", "data": {}}
{"timestamp": "2026-01-04T10:40:18.610968", "event_type": "SYSTEM_STATUS_CHECK", "user": "root", "data": {}}
{"timestamp": "2026-01-04T10:40:48.606129", "event_type": "SYSTEM_STATUS_CHECK", "user": "root", "data": {}}
{"timestamp": "2026-01-04T10:41:18.611461", "event_type": "SYSTEM_STATUS_CHECK", "user": "root", "data": {}}
{"timestamp": "2026-01-04T10:41:48.612111", "event_type": "SYSTEM_STATUS_CHECK", "user": "root", "data": {}}
{"timestamp": "2026-01-04T10:42:18.611288", "event_type": "SYSTEM_STATUS_CHECK", "user": "root", "data": {}}
{"timestamp": "2026-01-04T10:42:48.607945", "event_type": "SYSTEM_STATUS_CHECK", "user": "root", "data": {}}
{"timestamp": "2026-01-04T10:43:18.612394", "event_type": "SYSTEM_STATUS_CHECK", "user": "root", "data": {}}
{"timestamp": "2026-01-04T10:43:48.612653", "event_type": "SYSTEM_STATUS_CHECK", "user": "root", "data": {}}
{"timestamp": "2026-01-04T10:44:18.613150", "event_type": "SYSTEM_STATUS_CHECK", "user": "root", "data": {}}
{"timestamp": "2026-01-04T10:44:48.609470", "event_type": "SYSTEM_STATUS_CHECK", "user": "root", "data": {}}
{"timestamp": "2026-01-04T10:45:18.613263", "event_type": "SYSTEM_STATUS_CHECK", "user": "root", "data": {}}
{"timestamp": "2026-01-04T10:45:48.613235", "event_type": "SYSTEM_STATUS_CHECK", "user": "root", "data": {}}
{"timestamp": "2026-01-04T10:46:19.392122", "event_type": "SYSTEM_STATUS_CHECK", "user": "root", "data": {}}
{"timestamp": "2026-01-04T10:46:49.391837", "event_type": "SYSTEM_STATUS_CHECK", "user": "root", "data": {}}
{"timestamp": "2026-01-04T10:47:19.388892", "event_type": "SYSTEM_STATUS_CHECK", "user": "root", "data": {}}
{"timestamp": "2026-01-04T10:47:49.393154", "event_type": "SYSTEM_STATUS_CHECK", "user": "root", "data": {}}
{"timestamp": "2026-01-04T10:48:19.393966", "event_type": "SYSTEM_STATUS_CHECK", "user": "root", "data": {}}
{"timestamp": "2026-01-04T10:48:49.393294", "event_type": "SYSTEM_STATUS_CHECK", "user": "root", "data": {}}
{"timestamp": "2026-01-04T10:49:19.394348", "event_type": "SYSTEM_STATUS_CHECK", "user": "root", "data": {}}
{"timestamp": "2026-01-04T10:49:49.394583", "event_type": "SYSTEM_STATUS_CHECK", "user": "root", "data": {}}
{"timestamp": "2026-01-04T10:50:19.395485", "event_type": "SYSTEM_STATUS_CHECK", "user": "root", "data": {}}
{"timestamp": "2026-01-04T10:50:49.390443", "event_type": "SYSTEM_STATUS_CHECK", "user": "root", "data": {}}
{"timestamp": "2026-01-04T10:51:19.395528", "event_type": "SYSTEM_STATUS_CHECK", "user": "root", "data": {}}
{"timestamp": "2026-01-04T10:51:49.395573", "event_type": "SYSTEM_STATUS_CHECK", "user": "root", "data": {}}
{"timestamp": "2026-01-04T10:52:19.395650", "event_type": "SYSTEM_STATUS_CHECK", "user": "root", "data": {}}
{"timestamp": "2026-01-04T10:52:49.391943", "event_type": "SYSTEM_STATUS_CHECK", "user": "root", "data": {}}
{"timestamp": "2026-01-04T10:53:19.396521", "event_type": "SYSTEM_STATUS_CHECK", "user": "root", "data": {}}
{"timestamp": "2026-01-04T10:53:49.396972", "event_type": "SYSTEM_STATUS_CHECK", "user": "root", "data": {}}
{"timestamp": "2026-01-04T10:54:19.397397", "event_type": "SYSTEM_STATUS_CHECK", "user": "root", "data": {}}
{"timestamp": "2026-01-04T10:54:49.392768", "event_type": "SYSTEM_STATUS_CHECK", "user": "root", "data": {}}
{"timestamp": "2026-01-04T10:55:19.398803", "event_type": "SYSTEM_STATUS_CHECK", "user": "root", "data": {}}
{"timestamp": "2026-01-04T10:55:49.398463", "event_type": "SYSTEM_STATUS_CHECK", "user": "root", "data": {}}
{"timestamp": "2026-01-04T10:56:19.398327", "event_type": "SYSTEM_STATUS_CHECK", "user": "root", "data": {}}
{"timestamp": "2026-01-04T10:56:49.398488", "event_type": "SYSTEM_STATUS_CHECK", "user": "root", "data": {}}
{"timestamp": "2026-01-04T10:57:19.394468", "event_type": "SYSTEM_STATUS_CHECK", "user": "root", "data": {}}
{"timestamp": "2026-01-04T10:57:49.399319", "event_type": "SYSTEM_STATUS_CHECK", "user": "root", "data": {}}
{"timestamp": "2026-01-04T10:58:19.398952", "event_type": "SYSTEM_STATUS_CHECK", "user": "root", "data": {}}
{"timestamp": "2026-01-04T10:58:50.192455", "event_type": "SYSTEM_STATUS_CHECK", "user": "root", "data": {}}
{"timestamp": "2026-01-04T10:59:20.191988", "event_type": "SYSTEM_STATUS_CHECK", "user": "root", "data": {}}
{"timestamp": "2026-01-04T10:59:50.193576", "event_type": "SYSTEM_STATUS_CHECK", "user": "root", "data": {}}
{"timestamp": "2026-01-04T11:00:20.193655", "event_type": "SYSTEM_STATUS_CHECK", "user": "root", "data": {}}
{"timestamp": "2026-01-04T11:00:50.623459", "event_type": "SYSTEM_STATUS_CHECK", "user": "root", "data": {}}
{"timestamp": "2026-01-04T11:01:20.623508", "event_type": "SYSTEM_STATUS_CHECK", "user": "root", "data": {}}
{"timestamp": "2026-01-04T11:01:50.619667", "event_type": "SYSTEM_STATUS_CHECK", "user": "root", "data": {}}
{"timestamp": "2026-01-04T11:02:20.624463", "event_type": "SYSTEM_STATUS_CHECK", "user": "root", "data": {}}
{"timestamp": "2026-01-04T11:02:50.624691", "event_type": "SYSTEM_STATUS_CHECK", "user": "root", "data": {}}
{"timestamp": "2026-01-04T11:03:20.625060", "event_type": "SYSTEM_STATUS_CHECK", "user": "root", "data": {}}
{"timestamp": "2026-01-04T11:03:50.625577", "event_type": "SYSTEM_STATUS_CHECK", "user": "root", "data": {}}
{"timestamp": "2026-01-04T11:04:20.625768", "event_type": "SYSTEM_STATUS_CHECK", "user": "root", "data": {}}
{"timestamp": "2026-01-04T11:04:50.623079", "event_type": "SYSTEM_STATUS_CHECK", "user": "root", "data": {}}
{"timestamp": "2026-01-04T11:05:20.625791", "event_type": "SYSTEM_STATUS_CHECK", "user": "root", "data": {}}
{"timestamp": "2026-01-04T11:05:50.626091", "event_type": "SYSTEM_STATUS_CHECK", "user": "root", "data": {}}
{"timestamp": "2026-01-04T11:06:20.627065", "event_type": "SYSTEM_STATUS_CHECK", "user": "root", "data": {}}
{"timestamp": "2026-01-04T11:06:50.627650", "event_type": "SYSTEM_STATUS_CHECK", "user": "root", "data": {}}
{"timestamp": "2026-01-04T11:07:20.623701", "event_type": "SYSTEM_STATUS_CHECK", "user": "root", "data": {}}
{"timestamp": "2026-01-04T11:07:50.627869", "event_type": "SYSTEM_STATUS_CHECK", "user": "root", "data": {}}
{"timestamp": "2026-01-04T11:08:20.628523", "event_type": "SYSTEM_STATUS_CHECK", "user": "root", "data": {}}
{"timestamp": "2026-01-04T11:08:50.628980", "event_type": "SYSTEM_STATUS_CHECK", "user": "root", "data": {}}
{"timestamp": "2026-01-04T11:09:20.624224", "event_type": "SYSTEM_STATUS_CHECK", "user": "root", "data": {}}
{"timestamp": "2026-01-04T11:09:50.628533", "event_type": "SYSTEM_STATUS_CHECK", "user": "root", "data": {}}
{"timestamp": "2026-01-04T11:10:20.629575", "event_type": "SYSTEM_STATUS_CHECK", "user": "root", "data": {}}
{"timestamp": "2026-01-04T11:10:50.629307", "event_type": "SYSTEM_STATUS_CHECK", "user": "root", "data": {}}
{"timestamp": "2026-01-04T11:11:20.964899", "event_type": "SYSTEM_STATUS_CHECK", "user": "root", "data": {}}
{"timestamp": "2026-01-04T11:11:50.965158", "event_type": "SYSTEM_STATUS_CHECK", "user": "root", "data": {}}
{"timestamp": "2026-01-04T11:12:20.966228", "event_type": "SYSTEM_STATUS_CHECK", "user": "root", "data": {}}
{"timestamp": "2026-01-04T11:12:50.966303", "event_type": "SYSTEM_STATUS_CHECK", "user": "root", "data": {}}
{"timestamp": "2026-01-04T11:13:20.962459", "event_type": "SYSTEM_STATUS_CHECK", "user": "root", "data": {}}
{"timestamp": "2026-01-04T11:13:50.966614", "event_type": "SYSTEM_STATUS_CHECK", "user": "root", "data": {}}
{"timestamp": "2026-01-04T11:14:20.966770", "event_type": "SYSTEM_STATUS_CHECK", "user": "root", "data": {}}
{"timestamp": "2026-01-04T11:14:50.968986", "event_type": "SYSTEM_STATUS_CHECK", "user": "root", "data": {}}
{"timestamp": "2026-01-04T11:15:20.963340", "event_type": "SYSTEM_STATUS_CHECK", "user": "root", "data": {}}
{"timestamp": "2026-01-04T11:15:50.968284", "event_type": "SYSTEM_STATUS_CHECK", "user": "root", "data": {}}
{"timestamp": "2026-01-04T11:16:20.968746", "event_type": "SYSTEM_STATUS_CHECK", "user": "root", "data": {}}
{"timestamp": "2026-01-04T11:16:50.969645", "event_type": "SYSTEM_STATUS_CHECK", "user": "root", "data": {}}
{"timestamp": "2026-01-04T11:17:20.964297", "event_type": "SYSTEM_STATUS_CHECK", "user": "root", "data": {}}
{"timestamp": "2026-01-04T11:17:50.969717", "event_type": "SYSTEM_STATUS_CHECK", "user": "root", "data": {}}
{"timestamp": "2026-01-04T11:18:20.970017", "event_type": "SYSTEM_STATUS_CHECK", "user": "root", "data": {}}
{"timestamp": "2026-01-04T11:18:50.969887", "event_type": "SYSTEM_STATUS_CHECK", "user": "root", "data": {}}
{"timestamp": "2026-01-04T11:19:20.965796", "event_type": "SYSTEM_STATUS_CHECK", "user": "root", "data": {}}
{"timestamp": "2026-01-04T11:19:50.970476", "event_type": "SYSTEM_STATUS_CHECK", "user": "root", "data": {}}
{"timestamp": "2026-01-04T11:20:20.972404", "event_type": "SYSTEM_STATUS_CHECK", "user": "root", "data": {}}
{"timestamp": "2026-01-04T11:20:50.971291", "event_type": "SYSTEM_STATUS_CHECK", "user": "root", "data": {}}
{"timestamp": "2026-01-04T11:21:20.966782", "event_type": "SYSTEM_STATUS_CHECK", "user": "root", "data": {}}
{"timestamp": "2026-01-04T11:21:50.970956", "event_type": "SYSTEM_STATUS_CHECK", "user": "root", "data": {}}
{"timestamp": "2026-01-04T11:22:20.971591", "event_type": "SYSTEM_STATUS_CHECK", "user": "root", "data": {}}
{"timestamp": "2026-01-04T11:22:50.972801", "event_type": "SYSTEM_STATUS_CHECK", "user": "root", "data": {}}
{"timestamp": "2026-01-04T11:23:20.968458", "event_type": "SYSTEM_STATUS_CHECK", "user": "root", "data": {}}
{"timestamp": "2026-01-04T11:23:51.759173", "event_type": "SYSTEM_STATUS_CHECK", "user": "root", "data": {}}
{"timestamp": "2026-01-04T11:24:21.759391", "event_type": "SYSTEM_STATUS_CHECK", "user": "root", "data": {}}
{"timestamp": "2026-01-04T11:24:51.759897", "event_type": "SYSTEM_STATUS_CHECK", "user": "root", "data": {}}
{"timestamp": "2026-01-04T11:25:21.755411", "event_type": "SYSTEM_STATUS_CHECK", "user": "root", "data": {}}
{"timestamp": "2026-01-04T11:25:51.760037", "event_type": "SYSTEM_STATUS_CHECK", "user": "root", "data": {}}
{"timestamp": "2026-01-04T11:26:21.760551", "event_type": "SYSTEM_STATUS_CHECK", "user": "root", "data": {}}
{"timestamp": "2026-01-04T11:26:51.760124", "event_type": "SYSTEM_STATUS_CHECK", "user": "root", "data": {}}
{"timestamp": "2026-01-04T11:27:21.760974", "event_type": "SYSTEM_STATUS_CHECK", "user": "root", "data": {}}
{"timestamp": "2026-01-04T11:27:51.756488", "event_type": "SYSTEM_STATUS_CHECK", "user": "root", "data": {}}
{"timestamp": "2026-01-04T11:28:21.763343", "event_type": "SYSTEM_STATUS_CHECK", "user": "root", "data": {}}
{"timestamp": "2026-01-04T11:28:51.761334", "event_type": "SYSTEM_STATUS_CHECK", "user": "root", "data": {}}
{"timestamp": "2026-01-04T11:29:21.762081", "event_type": "SYSTEM_STATUS_CHECK", "user": "root", "data": {}}
{"timestamp": "2026-01-04T11:29:51.757819", "event_type": "SYSTEM_STATUS_CHECK", "user": "root", "data": {}}
{"timestamp": "2026-01-04T11:30:21.762867", "event_type": "SYSTEM_STATUS_CHECK", "user": "root", "data": {}}
{"timestamp": "2026-01-04T11:30:51.759856", "event_type": "SYSTEM_STATUS_CHECK", "user": "root", "data": {}}
{"timestamp": "2026-01-04T11:31:21.762795", "event_type": "SYSTEM_STATUS_CHECK", "user": "root", "data": {}}
{"timestamp": "2026-01-04T11:31:51.758900", "event_type": "SYSTEM_STATUS_CHECK", "user": "root", "data": {}}
{"timestamp": "2026-01-04T11:32:21.763463", "event_type": "SYSTEM_STATUS_CHECK", "user": "root", "data": {}}
{"timestamp": "2026-01-04T11:32:51.764035", "event_type": "SYSTEM_STATUS_CHECK", "user": "root", "data": {}}
{"timestamp": "2026-01-04T11:33:21.763930", "event_type": "SYSTEM_STATUS_CHECK", "user": "root", "data": {}}
{"timestamp": "2026-01-04T11:33:51.759423", "event_type": "SYSTEM_STATUS_CHECK", "user": "root", "data": {}}
{"timestamp": "2026-01-04T11:34:21.764089", "event_type": "SYSTEM_STATUS_CHECK", "user": "root", "data": {}}
{"timestamp": "2026-01-04T11:34:51.764681", "event_type": "SYSTEM_STATUS_CHECK", "user": "root", "data": {}}
{"timestamp": "2026-01-04T11:35:21.764926", "event_type": "SYSTEM_STATUS_CHECK", "user": "root", "data": {}}
{"timestamp": "2026-01-04T11:35:51.761214", "event_type": "SYSTEM_STATUS_CHECK", "user": "root", "data": {}}
{"timestamp": "2026-01-04T11:36:22.494597", "event_type": "SYSTEM_STATUS_CHECK", "user": "root", "data": {}}
{"timestamp": "2026-01-04T11:36:52.498418", "event_type": "SYSTEM_STATUS_CHECK", "user": "root", "data": {}}
{"timestamp": "2026-01-04T11:37:22.499454", "event_type": "SYSTEM_STATUS_CHECK", "user": "root", "data": {}}
{"timestamp": "2026-01-04T11:37:52.494612", "event_type": "SYSTEM_STATUS_CHECK", "user": "root", "data": {}}
{"timestamp": "2026-01-04T11:38:22.495938", "event_type": "SYSTEM_STATUS_CHECK", "user": "root", "data": {}}
{"timestamp": "2026-01-04T11:38:52.499749", "event_type": "SYSTEM_STATUS_CHECK", "user": "root", "data": {}}
{"timestamp": "2026-01-04T11:39:22.500396", "event_type": "SYSTEM_STATUS_CHECK", "user": "root", "data": {}}
{"timestamp": "2026-01-04T11:39:52.495435", "event_type": "SYSTEM_STATUS_CHECK", "user": "root", "data": {}}
{"timestamp": "2026-01-04T11:40:22.495722", "event_type": "SYSTEM_STATUS_CHECK", "user": "root", "data": {}}
{"timestamp": "2026-01-04T11:40:52.501538", "event_type": "SYSTEM_STATUS_CHECK", "user": "root", "data": {}}
{"timestamp": "2026-01-04T11:41:22.500682", "event_type": "SYSTEM_STATUS_CHECK", "user": "root", "data": {}}
{"timestamp": "2026-01-04T11:41:52.496470", "event_type": "SYSTEM_STATUS_CHECK", "user": "root", "data": {}}
{"timestamp": "2026-01-04T11:42:22.502112", "event_type": "SYSTEM_STATUS_CHECK", "user": "root", "data": {}}
{"timestamp": "2026-01-04T11:42:52.501514", "event_type": "SYSTEM_STATUS_CHECK", "user": "root", "data": {}}
{"timestamp": "2026-01-04T11:43:22.502191", "event_type": "SYSTEM_STATUS_CHECK", "user": "root", "data": {}}
{"timestamp": "2026-01-04T11:43:52.498121", "event_type": "SYSTEM_STATUS_CHECK", "user": "root", "data": {}}
{"timestamp": "2026-01-04T11:44:22.502503", "event_type": "SYSTEM_STATUS_CHECK", "user": "root", "data": {}}
{"timestamp": "2026-01-04T11:44:52.502341", "event_type": "SYSTEM_STATUS_CHECK", "user": "root", "data": {}}
{"timestamp": "2026-01-04T11:45:22.503207", "event_type": "SYSTEM_STATUS_CHECK", "user": "root", "data": {}}
{"timestamp": "2026-01-04T11:45:52.499058", "event_type": "SYSTEM_STATUS_CHECK", "user": "root", "data": {}}
{"timestamp": "2026-01-04T11:46:22.504110", "event_type": "SYSTEM_STATUS_CHECK", "user": "root", "data": {}}
{"timestamp": "2026-01-04T11:46:52.503918", "event_type": "SYSTEM_STATUS_CHECK", "user": "root", "data": {}}
{"timestamp": "2026-01-04T11:47:22.504275", "event_type": "SYSTEM_STATUS_CHECK", "user": "root", "data": {}}
{"timestamp": "2026-01-04T11:47:52.499899", "event_type": "SYSTEM_STATUS_CHECK", "user": "root", "data": {}}
{"timestamp": "2026-01-04T11:48:22.504644", "event_type": "SYSTEM_STATUS_CHECK", "user": "root", "data": {}}
{"timestamp": "2026-01-04T11:48:53.255313", "event_type": "SYSTEM_STATUS_CHECK", "user": "root", "data": {}}
{"timestamp": "2026-01-04T11:49:23.255636", "event_type": "SYSTEM_STATUS_CHECK", "user": "root", "data": {}}
{"timestamp": "2026-01-04T11:49:53.261223", "event_type": "SYSTEM_STATUS_CHECK", "user": "root", "data": {}}
{"timestamp": "2026-01-04T11:50:23.252218", "event_type": "SYSTEM_STATUS_CHECK", "user": "root", "data": {}}
{"timestamp": "2026-01-04T11:50:53.258794", "event_type": "SYSTEM_STATUS_CHECK", "user": "root", "data": {}}
{"timestamp": "2026-01-04T11:51:23.252330", "event_type": "SYSTEM_STATUS_CHECK", "user": "root", "data": {}}
{"timestamp": "2026-01-04T11:51:53.252749", "event_type": "SYSTEM_STATUS_CHECK", "user": "root", "data": {}}
{"timestamp": "2026-01-04T11:52:23.252797", "event_type": "SYSTEM_STATUS_CHECK", "user": "root", "data": {}}
{"timestamp": "2026-01-04T11:52:53.258553", "event_type": "SYSTEM_STATUS_CHECK", "user": "root", "data": {}}
{"timestamp": "2026-01-04T11:53:23.258333", "event_type": "SYSTEM_STATUS_CHECK", "user": "root", "data": {}}
{"timestamp": "2026-01-04T11:53:53.253747", "event_type": "SYSTEM_STATUS_CHECK", "user": "root", "data": {}}
{"timestamp": "2026-01-04T11:54:23.258086", "event_type": "SYSTEM_STATUS_CHECK", "user": "root", "data": {}}
{"timestamp": "2026-01-04T11:54:53.259217", "event_type": "SYSTEM_STATUS_CHECK", "user": "root", "data": {}}
{"timestamp": "2026-01-04T11:55:23.259534", "event_type": "SYSTEM_STATUS_CHECK", "user": "root", "data": {}}
{"timestamp": "2026-01-04T11:55:53.254503", "event_type": "SYSTEM_STATUS_CHECK", "user": "root", "data": {}}
{"timestamp": "2026-01-04T11:56:23.258239", "event_type": "SYSTEM_STATUS_CHECK", "user": "root", "data": {}}
{"timestamp": "2026-01-04T11:56:53.260983", "event_type": "SYSTEM_STATUS_CHECK", "user": "root", "data": {}}
{"timestamp": "2026-01-04T11:57:23.259931", "event_type": "SYSTEM_STATUS_CHECK", "user": "root", "data": {}}
{"timestamp": "2026-01-04T11:57:53.255746", "event_type": "SYSTEM_STATUS_CHECK", "user": "root", "data": {}}
{"timestamp": "2026-01-04T11:58:23.260845", "event_type": "SYSTEM_STATUS_CHECK", "user": "root", "data": {}}
{"timestamp": "2026-01-04T11:58:53.261347", "event_type": "SYSTEM_STATUS_CHECK", "user": "root", "data": {}}
{"timestamp": "2026-01-04T11:59:23.257350", "event_type": "SYSTEM_STATUS_CHECK", "user": "root", "data": {}}
{"timestamp": "2026-01-04T11:59:53.262014", "event_type": "SYSTEM_STATUS_CHECK", "user": "root", "data": {}}
{"timestamp": "2026-01-04T12:00:23.257392", "event_type": "SYSTEM_STATUS_CHECK", "user": "root", "data": {}}
{"timestamp": "2026-01-04T12:00:53.261805", "event_type": "SYSTEM_STATUS_CHECK", "user": "root", "data": {}}
{"timestamp": "2026-01-04T12:01:24.043477", "event_type": "SYSTEM_STATUS_CHECK", "user": "root", "data": {}}
{"timestamp": "2026-01-04T12:01:54.044027", "event_type": "SYSTEM_STATUS_CHECK", "user": "root", "data": {}}
{"timestamp": "2026-01-04T12:02:24.043868", "event_type": "SYSTEM_STATUS_CHECK", "user": "root", "data": {}}
{"timestamp": "2026-01-04T12:02:54.044327", "event_type": "SYSTEM_STATUS_CHECK", "user": "root", "data": {}}
{"timestamp": "2026-01-04T12:03:24.044063", "event_type": "SYSTEM_STATUS_CHECK", "user": "root", "data": {}}
{"timestamp": "2026-01-04T12:03:54.044650", "event_type": "SYSTEM_STATUS_CHECK", "user": "root", "data": {}}
{"timestamp": "2026-01-04T12:04:24.044789", "event_type": "SYSTEM_STATUS_CHECK", "user": "root", "data": {}}
{"timestamp": "2026-01-04T12:04:54.046636", "event_type": "SYSTEM_STATUS_CHECK", "user": "root", "data": {}}
{"timestamp": "2026-01-04T12:05:24.046867", "event_type": "SYSTEM_STATUS_CHECK", "user": "root", "data": {}}
{"timestamp": "2026-01-04T12:05:54.046689", "event_type": "SYSTEM_STATUS_CHECK", "user": "root", "data": {}}
{"timestamp": "2026-01-04T12:06:24.045121", "event_type": "SYSTEM_STATUS_CHECK", "user": "root", "data": {}}
{"timestamp": "2026-01-04T12:06:54.047327", "event_type": "SYSTEM_STATUS_CHECK", "user": "root", "data": {}}
{"timestamp": "2026-01-04T12:07:24.046952", "event_type": "SYSTEM_STATUS_CHECK", "user": "root", "data": {}}
{"timestamp": "2026-01-04T12:07:54.050713", "event_type": "SYSTEM_STATUS_CHECK", "user": "root", "data": {}}
{"timestamp": "2026-01-04T12:08:24.046536", "event_type": "SYSTEM_STATUS_CHECK", "user": "root", "data": {}}
{"timestamp": "2026-01-04T12:08:54.047786", "event_type": "SYSTEM_STATUS_CHECK", "user": "root", "data": {}}
{"timestamp": "2026-01-04T12:09:24.046637", "event_type": "SYSTEM_STATUS_CHECK", "user": "root", "data": {}}
{"timestamp": "2026-01-04T12:09:54.046921", "event_type": "SYSTEM_STATUS_CHECK", "user": "root", "data": {}}
{"timestamp": "2026-01-04T12:10:24.047517", "event_type": "SYSTEM_STATUS_CHECK", "user": "root", "data": {}}
{"timestamp": "2026-01-04T12:10:54.048463", "event_type": "SYSTEM_STATUS_CHECK", "user": "root", "data": {}}
{"timestamp": "2026-01-04T12:11:24.048887", "event_type": "SYSTEM_STATUS_CHECK", "user": "root", "data": {}}
{"timestamp": "2026-01-04T12:11:54.048067", "event_type": "SYSTEM_STATUS_CHECK", "user": "root", "data": {}}
{"timestamp": "2026-01-04T12:12:24.047827", "event_type": "SYSTEM_STATUS_CHECK", "user": "root", "data": {}}
{"timestamp": "2026-01-04T12:12:54.054384", "event_type": "SYSTEM_STATUS_CHECK", "user": "root", "data": {}}
{"timestamp": "2026-01-04T12:13:24.050737", "event_type": "SYSTEM_STATUS_CHECK", "user": "root", "data": {}}
{"timestamp": "2026-01-04T12:13:54.831489", "event_type": "SYSTEM_STATUS_CHECK", "user": "root", "data": {}}
{"timestamp": "2026-01-04T12:14:24.828872", "event_type": "SYSTEM_STATUS_CHECK", "user": "root", "data": {}}
{"timestamp": "2026-01-04T12:14:54.835067", "event_type": "SYSTEM_STATUS_CHECK", "user": "root", "data": {}}
{"timestamp": "2026-01-04T12:15:24.834561", "event_type": "SYSTEM_STATUS_CHECK", "user": "root", "data": {}}
{"timestamp": "2026-01-04T12:15:54.829406", "event_type": "SYSTEM_STATUS_CHECK", "user": "root", "data": {}}
{"timestamp": "2026-01-04T12:16:24.829672", "event_type": "SYSTEM_STATUS_CHECK", "user": "root", "data": {}}
{"timestamp": "2026-01-04T12:16:54.834534", "event_type": "SYSTEM_STATUS_CHECK", "user": "root", "data": {}}
{"timestamp": "2026-01-04T12:17:24.834714", "event_type": "SYSTEM_STATUS_CHECK", "user": "root", "data": {}}
{"timestamp": "2026-01-04T12:17:54.837519", "event_type": "SYSTEM_STATUS_CHECK", "user": "root", "data": {}}
{"timestamp": "2026-01-04T12:18:24.831008", "event_type": "SYSTEM_STATUS_CHECK", "user": "root", "data": {}}
{"timestamp": "2026-01-04T12:18:54.836785", "event_type": "SYSTEM_STATUS_CHECK", "user": "root", "data": {}}
{"timestamp": "2026-01-04T12:19:24.836632", "event_type": "SYSTEM_STATUS_CHECK", "user": "root", "data": {}}
{"timestamp": "2026-01-04T12:19:54.837776", "event_type": "SYSTEM_STATUS_CHECK", "user": "root", "data": {}}
{"timestamp": "2026-01-04T12:20:24.833239", "event_type": "SYSTEM_STATUS_CHECK", "user": "root", "data": {}}
{"timestamp": "2026-01-04T12:20:54.837395", "event_type": "SYSTEM_STATUS_CHECK", "user": "root", "data": {}}
{"timestamp": "2026-01-04T12:21:24.836880", "event_type": "SYSTEM_STATUS_CHECK", "user": "root", "data": {}}
{"timestamp": "2026-01-04T12:21:54.838753", "event_type": "SYSTEM_STATUS_CHECK", "user": "root", "data": {}}
{"timestamp": "2026-01-04T12:22:24.833466", "event_type": "SYSTEM_STATUS_CHECK", "user": "root", "data": {}}
{"timestamp": "2026-01-04T12:22:54.838502", "event_type": "SYSTEM_STATUS_CHECK", "user": "root", "data": {}}
{"timestamp": "2026-01-04T12:23:24.838910", "event_type": "SYSTEM_STATUS_CHECK", "user": "root", "data": {}}
{"timestamp": "2026-01-04T12:23:54.838909", "event_type": "SYSTEM_STATUS_CHECK", "user": "root", "data": {}}
{"timestamp": "2026-01-04T12:24:24.835051", "event_type": "SYSTEM_STATUS_CHECK", "user": "root", "data": {}}
{"timestamp": "2026-01-04T12:24:54.840066", "event_type": "SYSTEM_STATUS_CHECK", "user": "root", "data": {}}
{"timestamp": "2026-01-04T12:25:24.841663", "event_type": "SYSTEM_STATUS_CHECK", "user": "root", "data": {}}
{"timestamp": "2026-01-04T12:25:54.840702", "event_type": "SYSTEM_STATUS_CHECK", "user": "root", "data": {}}
{"timestamp": "2026-01-04T12:26:25.627498", "event_type": "SYSTEM_STATUS_CHECK", "user": "root", "data": {}}
{"timestamp": "2026-01-04T12:26:55.632487", "event_type": "SYSTEM_STATUS_CHECK", "user": "root", "data": {}}
{"timestamp": "2026-01-04T12:27:25.631871", "event_type": "SYSTEM_STATUS_CHECK", "user": "root", "data": {}}
{"timestamp": "2026-01-04T12:27:55.632221", "event_type": "SYSTEM_STATUS_CHECK", "user": "root", "data": {}}
{"timestamp": "2026-01-04T12:28:25.628663", "event_type": "SYSTEM_STATUS_CHECK", "user": "root", "data": {}}
{"timestamp": "2026-01-04T12:28:55.633457", "event_type": "SYSTEM_STATUS_CHECK", "user": "root", "data": {}}
{"timestamp": "2026-01-04T12:29:25.632647", "event_type": "SYSTEM_STATUS_CHECK", "user": "root", "data": {}}
{"timestamp": "2026-01-04T12:29:55.635567", "event_type": "SYSTEM_STATUS_CHECK", "user": "root", "data": {}}
{"timestamp": "2026-01-04T12:30:25.630178", "event_type": "SYSTEM_STATUS_CHECK", "user": "root", "data": {}}
{"timestamp": "2026-01-04T12:30:55.634752", "event_type": "SYSTEM_STATUS_CHECK", "user": "root", "data": {}}
{"timestamp": "2026-01-04T12:31:25.634853", "event_type": "SYSTEM_STATUS_CHECK", "user": "root", "data": {}}
{"timestamp": "2026-01-04T12:31:55.635603", "event_type": "SYSTEM_STATUS_CHECK", "user": "root", "data": {}}
{"timestamp": "2026-01-04T12:32:25.636812", "event_type": "SYSTEM_STATUS_CHECK", "user": "root", "data": {}}
{"timestamp": "2026-01-04T12:32:55.631386", "event_type": "SYSTEM_STATUS_CHECK", "user": "root", "data": {}}
{"timestamp": "2026-01-04T12:33:25.636235", "event_type": "SYSTEM_STATUS_CHECK", "user": "root", "data": {}}
{"timestamp": "2026-01-04T12:33:55.636963", "event_type": "SYSTEM_STATUS_CHECK", "user": "root", "data": {}}
{"timestamp": "2026-01-04T12:34:25.636974", "event_type": "SYSTEM_STATUS_CHECK", "user": "root", "data": {}}
{"timestamp": "2026-01-04T12:34:55.632652", "event_type": "SYSTEM_STATUS_CHECK", "user": "root", "data": {}}
{"timestamp": "2026-01-04T12:35:25.637704", "event_type": "SYSTEM_STATUS_CHECK", "user": "root", "data": {}}
{"timestamp": "2026-01-04T12:35:55.638070", "event_type": "SYSTEM_STATUS_CHECK", "user": "root", "data": {}}
{"timestamp": "2026-01-04T12:36:25.637616", "event_type": "SYSTEM_STATUS_CHECK", "user": "root", "data": {}}
{"timestamp": "2026-01-04T12:36:55.633881", "event_type": "SYSTEM_STATUS_CHECK", "user": "root", "data": {}}
{"timestamp": "2026-01-04T12:37:25.638858", "event_type": "SYSTEM_STATUS_CHECK", "user": "root", "data": {}}
{"timestamp": "2026-01-04T12:37:55.639212", "event_type": "SYSTEM_STATUS_CHECK", "user": "root", "data": {}}
{"timestamp": "2026-01-04T12:38:25.638201", "event_type": "SYSTEM_STATUS_CHECK", "user": "root", "data": {}}
{"timestamp": "2026-01-04T12:38:56.422613", "event_type": "SYSTEM_STATUS_CHECK", "user": "root", "data": {}}
{"timestamp": "2026-01-04T12:39:26.425171", "event_type": "SYSTEM_STATUS_CHECK", "user": "root", "data": {}}
{"timestamp": "2026-01-04T12:39:56.430053", "event_type": "SYSTEM_STATUS_CHECK", "user": "root", "data": {}}
{"timestamp": "2026-01-04T12:40:26.425555", "event_type": "SYSTEM_STATUS_CHECK", "user": "root", "data": {}}
{"timestamp": "2026-01-04T12:40:56.427140", "event_type": "SYSTEM_STATUS_CHECK", "user": "root", "data": {}}
{"timestamp": "2026-01-04T12:41:26.428394", "event_type": "SYSTEM_STATUS_CHECK", "user": "root", "data": {}}
{"timestamp": "2026-01-04T12:41:56.426156", "event_type": "SYSTEM_STATUS_CHECK", "user": "root", "data": {}}
{"timestamp": "2026-01-04T12:42:26.427877", "event_type": "SYSTEM_STATUS_CHECK", "user": "root", "data": {}}
{"timestamp": "2026-01-04T12:42:56.432508", "event_type": "SYSTEM_STATUS_CHECK", "user": "root", "data": {}}
{"timestamp": "2026-01-04T12:43:26.425318", "event_type": "SYSTEM_STATUS_CHECK", "user": "root", "data": {}}
{"timestamp": "2026-01-04T12:43:56.435420", "event_type": "SYSTEM_STATUS_CHECK", "user": "root", "data": {}}
{"timestamp": "2026-01-04T12:44:26.430120", "event_type": "SYSTEM_STATUS_CHECK", "user": "root", "data": {}}
{"timestamp": "2026-01-04T12:44:56.440899", "event_type": "SYSTEM_STATUS_CHECK", "user": "root", "data": {}}
{"timestamp": "2026-01-04T12:45:26.430363", "event_type": "SYSTEM_STATUS_CHECK", "user": "root", "data": {}}
{"timestamp": "2026-01-04T12:45:56.437758", "event_type": "SYSTEM_STATUS_CHECK", "user": "root", "data": {}}
{"timestamp": "2026-01-04T12:46:26.436354", "event_type": "SYSTEM_STATUS_CHECK", "user": "root", "data": {}}
{"timestamp": "2026-01-04T12:46:56.440846", "event_type": "SYSTEM_STATUS_CHECK", "user": "root", "data": {}}
{"timestamp": "2026-01-04T12:47:26.438628", "event_type": "SYSTEM_STATUS_CHECK", "user": "root", "data": {}}
{"timestamp": "2026-01-04T12:47:56.437099", "event_type": "SYSTEM_STATUS_CHECK", "user": "root", "data": {}}
{"timestamp": "2026-01-04T12:48:26.438357", "event_type": "SYSTEM_STATUS_CHECK", "user": "root", "data": {}}
{"timestamp": "2026-01-04T12:48:56.436218", "event_type": "SYSTEM_STATUS_CHECK", "user": "root", "data": {}}
{"timestamp": "2026-01-04T12:49:26.440491", "event_type": "SYSTEM_STATUS_CHECK", "user": "root", "data": {}}
{"timestamp": "2026-01-04T12:49:56.456311", "event_type": "SYSTEM_STATUS_CHECK", "user": "root", "data": {}}
{"timestamp": "2026-01-04T12:50:26.435269", "event_type": "SYSTEM_STATUS_CHECK", "user": "root", "data": {}}
{"timestamp": "2026-01-04T12:50:56.450381", "event_type": "SYSTEM_STATUS_CHECK", "user": "root", "data": {}}
{"timestamp": "2026-01-04T12:51:27.220142", "event_type": "SYSTEM_STATUS_CHECK", "user": "root", "data": {}}
{"timestamp": "2026-01-04T12:51:57.221052", "event_type": "SYSTEM_STATUS_CHECK", "user": "root", "data": {}}
{"timestamp": "2026-01-04T12:52:27.220666", "event_type": "SYSTEM_STATUS_CHECK", "user": "root", "data": {}}
{"timestamp": "2026-01-04T12:52:57.222533", "event_type": "SYSTEM_STATUS_CHECK", "user": "root", "data": {}}
{"timestamp": "2026-01-04T12:53:27.222175", "event_type": "SYSTEM_STATUS_CHECK", "user": "root", "data": {}}
{"timestamp": "2026-01-04T12:53:57.222349", "event_type": "SYSTEM_STATUS_CHECK", "user": "root", "data": {}}
{"timestamp": "2026-01-04T12:54:27.224074", "event_type": "SYSTEM_STATUS_CHECK", "user": "root", "data": {}}
{"timestamp": "2026-01-04T12:54:57.218140", "event_type": "SYSTEM_STATUS_CHECK", "user": "root", "data": {}}
{"timestamp": "2026-01-04T12:55:27.218121", "event_type": "SYSTEM_STATUS_CHECK", "user": "root", "data": {}}
{"timestamp": "2026-01-04T12:55:57.218915", "event_type": "SYSTEM_STATUS_CHECK", "user": "root", "data": {}}
{"timestamp": "2026-01-04T12:56:27.219354", "event_type": "SYSTEM_STATUS_CHECK", "user": "root", "data": {}}
{"timestamp": "2026-01-04T12:56:57.218789", "event_type": "SYSTEM_STATUS_CHECK", "user": "root", "data": {}}
{"timestamp": "2026-01-04T12:57:27.223520", "event_type": "SYSTEM_STATUS_CHECK", "user": "root", "data": {}}
{"timestamp": "2026-01-04T12:57:57.224444", "event_type": "SYSTEM_STATUS_CHECK", "user": "root", "data": {}}
{"timestamp": "2026-01-04T12:58:27.224053", "event_type": "SYSTEM_STATUS_CHECK", "user": "root", "data": {}}
{"timestamp": "2026-01-04T12:58:57.232945", "event_type": "SYSTEM_STATUS_CHECK", "user": "root", "data": {}}
{"timestamp": "2026-01-04T12:59:27.221857", "event_type": "SYSTEM_STATUS_CHECK", "user": "root", "data": {}}
{"timestamp": "2026-01-04T12:59:57.227152", "event_type": "SYSTEM_STATUS_CHECK", "user": "root", "data": {}}
{"timestamp": "2026-01-04T13:00:27.222177", "event_type": "SYSTEM_STATUS_CHECK", "user": "root", "data": {}}
{"timestamp": "2026-01-04T13:00:57.222845", "event_type": "SYSTEM_STATUS_CHECK", "user": "root", "data": {}}
{"timestamp": "2026-01-04T13:01:27.221235", "event_type": "SYSTEM_STATUS_CHECK", "user": "root", "data": {}}
{"timestamp": "2026-01-04T13:01:57.232555", "event_type": "SYSTEM_STATUS_CHECK", "user": "root", "data": {}}
{"timestamp": "2026-01-04T13:02:27.226631", "event_type": "SYSTEM_STATUS_CHECK", "user": "root", "data": {}}
{"timestamp": "2026-01-04T13:02:57.223486", "event_type": "SYSTEM_STATUS_CHECK", "user": "root", "data": {}}
{"timestamp": "2026-01-04T13:03:27.225333", "event_type": "SYSTEM_STATUS_CHECK", "user": "root", "data": {}}
{"timestamp": "2026-01-04T13:03:57.222968", "event_type": "SYSTEM_STATUS_CHECK", "user": "root", "data": {}}
{"timestamp": "2026-01-04T13:04:27.226480", "event_type": "SYSTEM_STATUS_CHECK", "user": "root", "data": {}}
{"timestamp": "2026-01-04T13:04:57.222169", "event_type": "SYSTEM_STATUS_CHECK", "user": "root", "data": {}}
{"timestamp": "2026-01-04T13:05:27.226588", "event_type": "SYSTEM_STATUS_CHECK", "user": "root", "data": {}}
{"timestamp": "2026-01-04T13:05:57.227520", "event_type": "SYSTEM_STATUS_CHECK", "user": "root", "data": {}}
{"timestamp": "2026-01-04T13:06:27.223208", "event_type": "SYSTEM_STATUS_CHECK", "user": "root", "data": {}}
{"timestamp": "2026-01-04T13:06:57.222869", "event_type": "SYSTEM_STATUS_CHECK", "user": "root", "data": {}}
{"timestamp": "2026-01-04T13:07:27.229808", "event_type": "SYSTEM_STATUS_CHECK", "user": "root", "data": {}}
{"timestamp": "2026-01-04T13:07:57.238633", "event_type": "SYSTEM_STATUS_CHECK", "user": "root", "data": {}}
{"timestamp": "2026-01-04T13:08:29.449459", "event_type": "SYSTEM_STATUS_CHECK", "user": "root", "data": {}}
{"timestamp": "2026-01-04T13:08:59.459435", "event_type": "SYSTEM_STATUS_CHECK", "user": "root", "data": {}}
{"timestamp": "2026-01-04T13:09:29.445405", "event_type": "SYSTEM_STATUS_CHECK", "user": "root", "data": {}}
{"timestamp": "2026-01-04T13:09:59.448268", "event_type": "SYSTEM_STATUS_CHECK", "user": "root", "data": {}}
{"timestamp": "2026-01-04T13:10:29.450780", "event_type": "SYSTEM_STATUS_CHECK", "user": "root", "data": {}}
{"timestamp": "2026-01-04T13:10:59.451996", "event_type": "SYSTEM_STATUS_CHECK", "user": "root", "data": {}}
{"timestamp": "2026-01-04T13:11:29.446292", "event_type": "SYSTEM_STATUS_CHECK", "user": "root", "data": {}}
{"timestamp": "2026-01-04T13:11:59.452597", "event_type": "SYSTEM_STATUS_CHECK", "user": "root", "data": {}}
{"timestamp": "2026-01-04T13:12:29.448023", "event_type": "SYSTEM_STATUS_CHECK", "user": "root", "data": {}}
{"timestamp": "2026-01-04T13:12:59.453023", "event_type": "SYSTEM_STATUS_CHECK", "user": "root", "data": {}}
{"timestamp": "2026-01-04T13:13:29.447350", "event_type": "SYSTEM_STATUS_CHECK", "user": "root", "data": {}}
{"timestamp": "2026-01-04T13:13:59.452550", "event_type": "SYSTEM_STATUS_CHECK", "user": "root", "data": {}}
{"timestamp": "2026-01-04T13:14:29.453511", "event_type": "SYSTEM_STATUS_CHECK", "user": "root", "data": {}}
{"timestamp": "2026-01-04T13:14:59.453775", "event_type": "SYSTEM_STATUS_CHECK", "user": "root", "data": {}}
{"timestamp": "2026-01-04T13:15:29.448518", "event_type": "SYSTEM_STATUS_CHECK", "user": "root", "data": {}}
{"timestamp": "2026-01-04T13:15:59.454045", "event_type": "SYSTEM_STATUS_CHECK", "user": "root", "data": {}}
{"timestamp": "2026-01-04T13:16:29.455709", "event_type": "SYSTEM_STATUS_CHECK", "user": "root", "data": {}}
{"timestamp": "2026-01-04T13:16:59.455940", "event_type": "SYSTEM_STATUS_CHECK", "user": "root", "data": {}}
{"timestamp": "2026-01-04T13:17:29.451297", "event_type": "SYSTEM_STATUS_CHECK", "user": "root", "data": {}}
{"timestamp": "2026-01-04T13:17:59.456050", "event_type": "SYSTEM_STATUS_CHECK", "user": "root", "data": {}}
{"timestamp": "2026-01-04T13:18:29.456201", "event_type": "SYSTEM_STATUS_CHECK", "user": "root", "data": {}}
{"timestamp": "2026-01-04T13:18:59.462163", "event_type": "SYSTEM_STATUS_CHECK", "user": "root", "data": {}}
{"timestamp": "2026-01-04T13:19:29.453908", "event_type": "SYSTEM_STATUS_CHECK", "user": "root", "data": {}}
{"timestamp": "2026-01-04T13:19:59.462924", "event_type": "SYSTEM_STATUS_CHECK", "user": "root", "data": {}}
{"timestamp": "2026-01-04T13:20:29.457181", "event_type": "SYSTEM_STATUS_CHECK", "user": "root", "data": {}}
{"timestamp": "2026-01-04T13:20:59.460135", "event_type": "SYSTEM_STATUS_CHECK", "user": "root", "data": {}}
{"timestamp": "2026-01-04T13:21:29.456490", "event_type": "SYSTEM_STATUS_CHECK", "user": "root", "data": {}}
{"timestamp": "2026-01-04T13:21:59.459564", "event_type": "SYSTEM_STATUS_CHECK", "user": "root", "data": {}}
{"timestamp": "2026-01-04T13:22:29.462327", "event_type": "SYSTEM_STATUS_CHECK", "user": "root", "data": {}}
{"timestamp": "2026-01-04T13:22:59.458802", "event_type": "SYSTEM_STATUS_CHECK", "user": "root", "data": {}}
{"timestamp": "2026-01-04T13:23:29.458544", "event_type": "SYSTEM_STATUS_CHECK", "user": "root", "data": {}}
{"timestamp": "2026-01-04T13:23:59.486192", "event_type": "SYSTEM_STATUS_CHECK", "user": "root", "data": {}}
{"timestamp": "2026-01-04T13:24:29.463866", "event_type": "SYSTEM_STATUS_CHECK", "user": "root", "data": {}}
{"timestamp": "2026-01-04T13:25:01.455057", "event_type": "SYSTEM_STATUS_CHECK", "user": "root", "data": {}}
{"timestamp": "2026-01-04T13:25:31.451405", "event_type": "SYSTEM_STATUS_CHECK", "user": "root", "data": {}}
{"timestamp": "2026-01-04T13:26:01.453550", "event_type": "SYSTEM_STATUS_CHECK", "user": "root", "data": {}}
{"timestamp": "2026-01-04T13:26:31.451697", "event_type": "SYSTEM_STATUS_CHECK", "user": "root", "data": {}}
{"timestamp": "2026-01-04T13:27:01.456370", "event_type": "SYSTEM_STATUS_CHECK", "user": "root", "data": {}}
{"timestamp": "2026-01-04T13:27:31.452123", "event_type": "SYSTEM_STATUS_CHECK", "user": "root", "data": {}}
{"timestamp": "2026-01-04T13:28:01.452697", "event_type": "SYSTEM_STATUS_CHECK", "user": "root", "data": {}}
{"timestamp": "2026-01-04T13:28:31.453729", "event_type": "SYSTEM_STATUS_CHECK", "user": "root", "data": {}}
{"timestamp": "2026-02-02T12:03:17.585982", "event_type": "SYSTEM_STATUS_CHECK", "user": "dshannon", "data": {}}
{"timestamp": "2026-02-02T12:03:47.572721", "event_type": "SYSTEM_STATUS_CHECK", "user": "dshannon", "data": {}}
{"timestamp": "2026-02-02T12:04:03.269105", "event_type": "SYSTEM_STATUS_CHECK", "user": "dshannon", "data": {}}
{"timestamp": "2026-02-02T12:04:05.631974", "event_type": "SYSTEM_STATUS_CHECK", "user": "dshannon", "data": {}}
{"timestamp": "2026-02-02T12:04:35.625750", "event_type": "SYSTEM_STATUS_CHECK", "user": "dshannon", "data": {}}
{"timestamp": "2026-02-02T12:05:05.621908", "event_type": "SYSTEM_STATUS_CHECK", "user": "dshannon", "data": {}}
{"timestamp": "2026-02-02T12:05:35.626255", "event_type": "SYSTEM_STATUS_CHECK", "user": "dshannon", "data": {}}
{"timestamp": "2026-02-02T12:06:05.626868", "event_type": "SYSTEM_STATUS_CHECK", "user": "dshannon", "data": {}}
{"timestamp": "2026-02-02T12:06:35.628000", "event_type": "SYSTEM_STATUS_CHECK", "user": "dshannon", "data": {}}
{"timestamp": "2026-02-02T12:07:05.622603", "event_type": "SYSTEM_STATUS_CHECK", "user": "dshannon", "data": {}}
{"timestamp": "2026-02-02T12:07:35.627557", "event_type": "SYSTEM_STATUS_CHECK", "user": "dshannon", "data": {}}
{"timestamp": "2026-02-02T12:08:05.627019", "event_type": "SYSTEM_STATUS_CHECK", "user": "dshannon", "data": {}}
{"timestamp": "2026-02-02T12:08:35.627704", "event_type": "SYSTEM_STATUS_CHECK", "user": "dshannon", "data": {}}
{"timestamp": "2026-02-02T12:09:05.623386", "event_type": "SYSTEM_STATUS_CHECK", "user": "dshannon", "data": {}}
{"timestamp": "2026-02-02T12:09:35.628357", "event_type": "SYSTEM_STATUS_CHECK", "user": "dshannon", "data": {}}
{"timestamp": "2026-02-02T12:10:05.629073", "event_type": "SYSTEM_STATUS_CHECK", "user": "dshannon", "data": {}}
{"timestamp": "2026-02-02T12:10:35.629102", "event_type": "SYSTEM_STATUS_CHECK", "user": "dshannon", "data": {}}
{"timestamp": "2026-02-02T12:11:05.624491", "event_type": "SYSTEM_STATUS_CHECK", "user": "dshannon", "data": {}}
{"timestamp": "2026-02-02T12:11:35.629152", "event_type": "SYSTEM_STATUS_CHECK", "user": "dshannon", "data": {}}
{"timestamp": "2026-02-02T12:12:05.629295", "event_type": "SYSTEM_STATUS_CHECK", "user": "dshannon", "data": {}}
{"timestamp": "2026-02-02T12:12:36.106912", "event_type": "SYSTEM_STATUS_CHECK", "user": "dshannon", "data": {}}
{"timestamp": "2026-02-02T12:13:07.125786", "event_type": "SYSTEM_STATUS_CHECK", "user": "dshannon", "data": {}}
{"timestamp": "2026-02-02T12:13:37.130969", "event_type": "SYSTEM_STATUS_CHECK", "user": "dshannon", "data": {}}
{"timestamp": "2026-02-02T12:14:10.130940", "event_type": "SYSTEM_STATUS_CHECK", "user": "dshannon", "data": {}}
{"timestamp": "2026-02-02T12:14:42.132689", "event_type": "SYSTEM_STATUS_CHECK", "user": "dshannon", "data": {}}
{"timestamp": "2026-02-02T12:15:12.131934", "event_type": "SYSTEM_STATUS_CHECK", "user": "dshannon", "data": {}}
{"timestamp": "2026-02-02T12:15:42.133831", "event_type": "SYSTEM_STATUS_CHECK", "user": "dshannon", "data": {}}
{"timestamp": "2026-02-02T12:16:12.136290", "event_type": "SYSTEM_STATUS_CHECK", "user": "dshannon", "data": {}}
{"timestamp": "2026-02-02T12:16:42.132275", "event_type": "SYSTEM_STATUS_CHECK", "user": "dshannon", "data": {}}
{"timestamp": "2026-02-02T12:17:12.136946", "event_type": "SYSTEM_STATUS_CHECK", "user": "dshannon", "data": {}}
{"timestamp": "2026-02-02T12:17:42.134643", "event_type": "SYSTEM_STATUS_CHECK", "user": "dshannon", "data": {}}
{"timestamp": "2026-02-02T12:18:12.133179", "event_type": "SYSTEM_STATUS_CHECK", "user": "dshannon", "data": {}}
{"timestamp": "2026-02-02T12:18:42.133066", "event_type": "SYSTEM_STATUS_CHECK", "user": "dshannon", "data": {}}
{"timestamp": "2026-02-02T12:19:12.225176", "event_type": "SYSTEM_STATUS_CHECK", "user": "dshannon", "data": {}}
{"timestamp": "2026-02-02T12:19:42.221768", "event_type": "SYSTEM_STATUS_CHECK", "user": "dshannon", "data": {}}
{"timestamp": "2026-02-02T12:20:12.221946", "event_type": "SYSTEM_STATUS_CHECK", "user": "dshannon", "data": {}}
{"timestamp": "2026-02-02T12:20:42.221420", "event_type": "SYSTEM_STATUS_CHECK", "user": "dshannon", "data": {}}
{"timestamp": "2026-02-02T12:21:12.224506", "event_type": "SYSTEM_STATUS_CHECK", "user": "dshannon", "data": {}}
{"timestamp": "2026-02-02T12:21:42.222370", "event_type": "SYSTEM_STATUS_CHECK", "user": "dshannon", "data": {}}
{"timestamp": "2026-02-02T12:22:12.223404", "event_type": "SYSTEM_STATUS_CHECK", "user": "dshannon", "data": {}}
{"timestamp": "2026-02-02T12:22:43.938698", "event_type": "SYSTEM_STATUS_CHECK", "user": "dshannon", "data": {}}
{"timestamp": "2026-02-02T12:23:13.937169", "event_type": "SYSTEM_STATUS_CHECK", "user": "dshannon", "data": {}}
{"timestamp": "2026-02-02T12:23:43.937092", "event_type": "SYSTEM_STATUS_CHECK", "user": "dshannon", "data": {}}
{"timestamp": "2026-02-02T12:24:13.941799", "event_type": "SYSTEM_STATUS_CHECK", "user": "dshannon", "data": {}}
{"timestamp": "2026-02-02T12:24:43.938310", "event_type": "SYSTEM_STATUS_CHECK", "user": "dshannon", "data": {}}
